mouse_num,atrx,g_atrx,strain,g_strain
24801,ATRX +/+,NA,N-TVA::H11LSL-Cas9 f/f;Pten f/f;Ink4a/Arf f/f;ATRX +/+,pup 1
24802,ATRX +/+,NA,N-TVA::H11LSL-Cas9 f/f;Pten f/f;Ink4a/Arf f/f;ATRX +/+,pup 1
24803,ATRX +/+,NA,N-TVA::H11LSL-Cas9 f/f;Pten f/f;Ink4a/Arf f/f;ATRX +/+,pup 1
24804,ATRX +/+,NA,N-TVA::H11LSL-Cas9 f/f;Pten f/f;Ink4a/Arf f/f;ATRX +/+,pup 1
24805,ATRX +/+,NA,N-TVA::H11LSL-Cas9 f/f;Pten f/f;Ink4a/Arf f/f;ATRX +/+,pup 1
24806,ATRX +/+,NA,N-TVA::H11LSL-Cas9 f/f;Pten f/f;Ink4a/Arf f/f;ATRX +/+,pup 1
24807,ATRX +/+,NA,N-TVA::H11LSL-Cas9 f/f;Pten f/f;Ink4a/Arf f/f;ATRX +/+,pup 1
25499,ATRX f/f,ATRX +/+,N-TVA::H11LSL-Cas9 f/f;Pten f/f;Ink4a/Arf f/f;ATRX f/f,N-TVA;Ptenf/f;ATRX+/+;Cas9f/f;Ink4af/f
25500,ATRX f/f,ATRX +/+,N-TVA::H11LSL-Cas9 f/f;Pten f/f;Ink4a/Arf f/f;ATRX f/f,N-TVA;Ptenf/f;ATRX+/+;Cas9f/f;Ink4af/f
25501,ATRX f/f,ATRX +/+,N-TVA::H11LSL-Cas9 f/f;Pten f/f;Ink4a/Arf f/f;ATRX f/f,N-TVA;Ptenf/f;ATRX+/+;Cas9f/f;Ink4af/f
25502,ATRX f/f,ATRX +/+,N-TVA::H11LSL-Cas9 f/f;Pten f/f;Ink4a/Arf f/f;ATRX f/f,N-TVA;Ptenf/f;ATRX+/+;Cas9f/f;Ink4af/f
25503,ATRX f/f,ATRX +/+,N-TVA::H11LSL-Cas9 f/f;Pten f/f;Ink4a/Arf f/f;ATRX f/f,N-TVA;Ptenf/f;ATRX+/+;Cas9f/f;Ink4af/f
25504,ATRX f/f,ATRX +/+,N-TVA::H11LSL-Cas9 f/f;Pten f/f;Ink4a/Arf f/f;ATRX f/f,N-TVA;Ptenf/f;ATRX+/+;Cas9f/f;Ink4af/f
25505,ATRX f/f,ATRX +/+,N-TVA::H11LSL-Cas9 f/f;Pten f/f;Ink4a/Arf f/f;ATRX f/f,N-TVA;Ptenf/f;ATRX+/+;Cas9f/f;Ink4af/f
26022,ATRX +/+,ATRX f/f,N-TVA::H11LSL-Cas9 f/f;Pten f/f;Ink4a/Arf f/f;ATRX +/+,N-TVA;Ptenf/f;ATRXf/f;Cas9f/f;Ink4af/f
26023,ATRX +/+,ATRX f/f,N-TVA::H11LSL-Cas9 f/f;Pten f/f;Ink4a/Arf f/f;ATRX +/+,N-TVA;Ptenf/f;ATRXf/f;Cas9f/f;Ink4af/f
26305,ATRX +/+,ATRX f/f,N-TVA::H11LSL-Cas9 f/f;Pten f/f;Ink4a/Arf f/f;ATRX +/+,N-TVA;Ptenf/f;ATRXf/f;Cas9f/f;Ink4af/f
26306,ATRX +/+,ATRX f/f,N-TVA::H11LSL-Cas9 f/f;Pten f/f;Ink4a/Arf f/f;ATRX +/+,N-TVA;Ptenf/f;ATRXf/f;Cas9f/f;Ink4af/f
26307,ATRX +/+,ATRX f/f,N-TVA::H11LSL-Cas9 f/f;Pten f/f;Ink4a/Arf f/f;ATRX +/+,N-TVA;Ptenf/f;ATRXf/f;Cas9f/f;Ink4af/f
26308,ATRX +/+,ATRX f/f,N-TVA::H11LSL-Cas9 f/f;Pten f/f;Ink4a/Arf f/f;ATRX +/+,N-TVA;Ptenf/f;ATRXf/f;Cas9f/f;Ink4af/f
26309,ATRX +/+,ATRX f/f,N-TVA::H11LSL-Cas9 f/f;Pten f/f;Ink4a/Arf f/f;ATRX +/+,N-TVA;Ptenf/f;ATRXf/f;Cas9f/f;Ink4af/f
26310,ATRX +/+,ATRX f/f,N-TVA::H11LSL-Cas9 f/f;Pten f/f;Ink4a/Arf f/f;ATRX +/+,N-TVA;Ptenf/f;ATRXf/f;Cas9f/f;Ink4af/f
26311,ATRX +/+,ATRX f/f,N-TVA::H11LSL-Cas9 f/f;Pten f/f;Ink4a/Arf f/f;ATRX +/+,N-TVA;Ptenf/f;ATRXf/f;Cas9f/f;Ink4af/f
28525,ATRX +/+,ATRX f/f,N-TVA::H11LSL-Cas9 f/f;Pten f/f;Ink4a/Arf f/f;ATRX +/+,N-TVA::Ptenf/f;Atrxf/f;Cas9f/f;Inkf/f
28526,ATRX +/+,ATRX f/f,N-TVA::H11LSL-Cas9 f/f;Pten f/f;Ink4a/Arf f/f;ATRX +/+,N-TVA::Ptenf/f;Atrxf/f;Cas9f/f;Inkf/f
28527,ATRX +/+,ATRX f/f,N-TVA::H11LSL-Cas9 f/f;Pten f/f;Ink4a/Arf f/f;ATRX +/+,N-TVA::Ptenf/f;Atrxf/f;Cas9f/f;Inkf/f
28528,ATRX +/+,ATRX f/f,N-TVA::H11LSL-Cas9 f/f;Pten f/f;Ink4a/Arf f/f;ATRX +/+,N-TVA::Ptenf/f;Atrxf/f;Cas9f/f;Inkf/f
28529,ATRX +/+,ATRX f/f,N-TVA::H11LSL-Cas9 f/f;Pten f/f;Ink4a/Arf f/f;ATRX +/+,N-TVA::Ptenf/f;Atrxf/f;Cas9f/f;Inkf/f
28530,ATRX +/+,ATRX f/f,N-TVA::H11LSL-Cas9 f/f;Pten f/f;Ink4a/Arf f/f;ATRX +/+,N-TVA::Ptenf/f;Atrxf/f;Cas9f/f;Inkf/f
28531,ATRX +/+,ATRX f/f,N-TVA::H11LSL-Cas9 f/f;Pten f/f;Ink4a/Arf f/f;ATRX +/+,N-TVA::Ptenf/f;Atrxf/f;Cas9f/f;Inkf/f
28532,ATRX +/+,ATRX f/f,N-TVA::H11LSL-Cas9 f/f;Pten f/f;Ink4a/Arf f/f;ATRX +/+,N-TVA::Ptenf/f;Atrxf/f;Cas9f/f;Inkf/f
28708,ATRX +/+,NA,N-TVA::H11LSL-Cas9 f/f;Pten +/+;Ink4a/Arf +/+;ATRX +/+,N-TVA::Cas9f/f
28709,ATRX +/+,NA,N-TVA::H11LSL-Cas9 f/f;Pten +/+;Ink4a/Arf +/+;ATRX +/+,N-TVA::Cas9f/f
28710,ATRX +/+,NA,N-TVA::H11LSL-Cas9 f/f;Pten +/+;Ink4a/Arf +/+;ATRX +/+,N-TVA::Cas9f/f
28780,ATRX +/+,NA,N-TVA::H11LSL-Cas9 f/f;Pten +/+;Ink4a/Arf +/+;ATRX +/+,N-TVA::Cas9f/f
28781,ATRX +/+,NA,N-TVA::H11LSL-Cas9 f/f;Pten +/+;Ink4a/Arf +/+;ATRX +/+,N-TVA::Cas9f/f
28782,ATRX +/+,NA,N-TVA::H11LSL-Cas9 f/f;Pten +/+;Ink4a/Arf +/+;ATRX +/+,N-TVA::Cas9f/f
28783,ATRX +/+,NA,N-TVA::H11LSL-Cas9 f/f;Pten +/+;Ink4a/Arf +/+;ATRX +/+,N-TVA::Cas9f/f
28784,ATRX +/+,NA,N-TVA::H11LSL-Cas9 f/f;Pten +/+;Ink4a/Arf +/+;ATRX +/+,N-TVA::Cas9f/f
29161,ATRX +/+,NA,N-TVA::H11LSL-Cas9 f/f;Pten +/+;Ink4a/Arf +/+;ATRX +/+,N-TVA::Cas9f/f
29162,ATRX +/+,NA,N-TVA::H11LSL-Cas9 f/f;Pten +/+;Ink4a/Arf +/+;ATRX +/+,N-TVA::Cas9f/f
29163,ATRX +/+,NA,N-TVA::H11LSL-Cas9 f/f;Pten +/+;Ink4a/Arf +/+;ATRX +/+,N-TVA::Cas9f/f
29164,ATRX +/+,NA,N-TVA::H11LSL-Cas9 f/f;Pten +/+;Ink4a/Arf +/+;ATRX +/+,N-TVA::Cas9f/f
29165,ATRX +/+,NA,N-TVA::H11LSL-Cas9 f/f;Pten +/+;Ink4a/Arf +/+;ATRX +/+,NA
29166,ATRX +/+,NA,N-TVA::H11LSL-Cas9 f/f;Pten +/+;Ink4a/Arf +/+;ATRX +/+,N-TVA::Cas9f/f
29385,ATRX +/+,NA,N-TVA::H11LSL-Cas9 f/f;Pten +/+;Ink4a/Arf f/f;ATRX +/+,N-TVA::Cas9f/f;Inkf/f
29386,ATRX +/+,NA,N-TVA::H11LSL-Cas9 f/f;Pten +/+;Ink4a/Arf f/f;ATRX +/+,N-TVA::Cas9f/f;Inkf/f
29387,ATRX +/+,NA,N-TVA::H11LSL-Cas9 f/f;Pten +/+;Ink4a/Arf f/f;ATRX +/+,N-TVA::Cas9f/f;Inkf/f
29388,ATRX +/+,NA,N-TVA::H11LSL-Cas9 f/f;Pten +/+;Ink4a/Arf f/f;ATRX +/+,N-TVA::Cas9f/f;Inkf/f
29389,ATRX +/+,NA,N-TVA::H11LSL-Cas9 f/f;Pten +/+;Ink4a/Arf f/f;ATRX +/+,N-TVA::Cas9f/f;Inkf/f
29390,ATRX +/+,NA,N-TVA::H11LSL-Cas9 f/f;Pten +/+;Ink4a/Arf f/f;ATRX +/+,N-TVA::Cas9f/f;Inkf/f
29397,ATRX +/+,NA,N-TVA::H11LSL-Cas9 f/f;Pten +/+;Ink4a/Arf +/+;ATRX +/+,N-TVA::Cas9f/f
29398,ATRX +/+,NA,N-TVA::H11LSL-Cas9 f/f;Pten +/+;Ink4a/Arf +/+;ATRX +/+,N-TVA::Cas9f/f
29399,ATRX +/+,NA,N-TVA::H11LSL-Cas9 f/f;Pten +/+;Ink4a/Arf +/+;ATRX +/+,N-TVA::Cas9f/f
29400,ATRX +/+,NA,N-TVA::H11LSL-Cas9 f/f;Pten +/+;Ink4a/Arf +/+;ATRX +/+,N-TVA::Cas9f/f
29401,ATRX +/+,NA,N-TVA::H11LSL-Cas9 f/f;Pten +/+;Ink4a/Arf +/+;ATRX +/+,N-TVA::Cas9f/f
29403,ATRX +/+,NA,N-TVA::H11LSL-Cas9 f/f;Pten +/+;Ink4a/Arf +/+;ATRX +/+,N-TVA::Cas9f/f
29404,ATRX +/+,NA,N-TVA::H11LSL-Cas9 f/f;Pten +/+;Ink4a/Arf +/+;ATRX +/+,N-TVA::Cas9f/f
29405,ATRX +/+,NA,N-TVA::H11LSL-Cas9 f/f;Pten +/+;Ink4a/Arf +/+;ATRX +/+,N-TVA::Cas9f/f
29406,ATRX +/+,NA,N-TVA::H11LSL-Cas9 f/f;Pten +/+;Ink4a/Arf f/f;ATRX +/+,N-TVA::Cas9f/f;Inkf/f
29407,ATRX +/+,NA,N-TVA::H11LSL-Cas9 f/f;Pten +/+;Ink4a/Arf f/f;ATRX +/+,N-TVA::Cas9f/f;Inkf/f
29408,ATRX +/+,NA,N-TVA::H11LSL-Cas9 f/f;Pten +/+;Ink4a/Arf f/f;ATRX +/+,N-TVA::Cas9f/f;Inkf/f
29409,ATRX +/+,NA,N-TVA::H11LSL-Cas9 f/f;Pten +/+;Ink4a/Arf f/f;ATRX +/+,N-TVA::Cas9f/f;Inkf/f
29410,ATRX +/+,NA,N-TVA::H11LSL-Cas9 f/f;Pten +/+;Ink4a/Arf f/f;ATRX +/+,N-TVA::Cas9f/f;Inkf/f
29818,ATRX +/+,NA,N-TVA::H11LSL-Cas9 f/f;Pten +/+;Ink4a/Arf f/f;ATRX +/+,N-TVA::Cas9f/f;Inkf/f
29819,ATRX +/+,NA,N-TVA::H11LSL-Cas9 f/f;Pten +/+;Ink4a/Arf f/f;ATRX +/+,N-TVA::Cas9f/f;Inkf/f
29820,ATRX +/+,NA,N-TVA::H11LSL-Cas9 f/f;Pten +/+;Ink4a/Arf f/f;ATRX +/+,N-TVA::Cas9f/f;Inkf/f
29821,ATRX +/+,NA,N-TVA::H11LSL-Cas9 f/f;Pten +/+;Ink4a/Arf f/f;ATRX +/+,N-TVA::Cas9f/f;Inkf/f
29822,ATRX +/+,NA,N-TVA::H11LSL-Cas9 f/f;Pten +/+;Ink4a/Arf f/f;ATRX +/+,N-TVA::Cas9f/f;Inkf/f
29824,ATRX +/+,NA,N-TVA::H11LSL-Cas9 f/f;Pten +/+;Ink4a/Arf f/f;ATRX +/+,N-TVA::Cas9f/f;Inkf/f
30212,ATRX +/+,NA,N-TVA::H11LSL-Cas9 f/f;Pten +/+;Ink4a/Arf f/f;ATRX +/+,injected
30213,ATRX +/+,NA,N-TVA::H11LSL-Cas9 f/f;Pten +/+;Ink4a/Arf f/f;ATRX +/+,injected
30214,ATRX +/+,NA,N-TVA::H11LSL-Cas9 f/f;Pten +/+;Ink4a/Arf f/f;ATRX +/+,injected
30215,ATRX +/+,NA,N-TVA::H11LSL-Cas9 f/f;Pten +/+;Ink4a/Arf f/f;ATRX +/+,injected
30216,ATRX +/+,NA,N-TVA::H11LSL-Cas9 f/f;Pten +/+;Ink4a/Arf f/f;ATRX +/+,injected
30217,ATRX +/+,NA,N-TVA::H11LSL-Cas9 f/f;Pten +/+;Ink4a/Arf f/f;ATRX +/+,injected
30218,ATRX +/+,NA,N-TVA::H11LSL-Cas9 f/f;Pten +/+;Ink4a/Arf f/f;ATRX +/+,injected
30232,ATRX +/+,NA,N-TVA::H11LSL-Cas9 f/f;Pten +/+;Ink4a/Arf f/f;ATRX +/+,N-TVA::Cas9f/f;Inkf/f;Tyr-Cre(mix)
30233,ATRX +/+,NA,N-TVA::H11LSL-Cas9 f/f;Pten +/+;Ink4a/Arf f/f;ATRX +/+,N-TVA::Cas9f/f;Inkf/f;Tyr-Cre(mix)
30234,ATRX +/+,NA,N-TVA::H11LSL-Cas9 f/f;Pten +/+;Ink4a/Arf f/f;ATRX +/+,N-TVA::Cas9f/f;Inkf/f;Tyr-Cre(mix)
30235,ATRX +/+,NA,N-TVA::H11LSL-Cas9 f/f;Pten +/+;Ink4a/Arf f/f;ATRX +/+,N-TVA::Cas9f/f;Inkf/f;Tyr-Cre(mix)
30236,ATRX +/+,NA,N-TVA::H11LSL-Cas9 f/f;Pten +/+;Ink4a/Arf f/f;ATRX +/+,N-TVA::Cas9f/f;Inkf/f;Tyr-Cre(mix)
30237,ATRX +/+,NA,N-TVA::H11LSL-Cas9 f/f;Pten +/+;Ink4a/Arf f/f;ATRX +/+,N-TVA::Cas9f/f;Inkf/f;Tyr-Cre(mix)
