mouse_num,g_tyr_cre,n_tva,g_strain
22841,NA,+/+,N-TVA;Pten f/+; Ink4a/Arff/+;ATRX-f/+;H11LSL-Cas9  f/+
22843,NA,Tg/+,N-TVA;Pten f/+; Ink4a/Arff/+;ATRX-f/+;H11LSL-Cas9  f/+
22844,NA,Tg/+,N-TVA;Pten f/+; Ink4a/Arff/+;ATRX-f/+;H11LSL-Cas9  f/+
22845,NA,Tg/+,N-TVA;Pten f/+; Ink4a/Arff/+;ATRX-f/+;H11LSL-Cas9  f/+
22846,NA,Tg/+,N-TVA;Pten f/+; Ink4a/Arff/+;ATRX-f/+;H11LSL-Cas9  f/+
22847,NA,Tg/+,N-TVA;Pten f/+; Ink4a/Arff/+;ATRX-f/+;H11LSL-Cas9  f/+
22921,NA,Tg/+,N-TVA;Ptenf/f;ATRXf/f;Cas9f/f;Ink4af/f
22922,NA,Tg/+,N-TVA;Ptenf/f;ATRXf/f;Cas9f/f;Ink4af/f
22923,NA,Tg/+,N-TVA;Ptenf/f;ATRXf/f;Cas9f/f;Ink4af/f
22924,NA,Tg/+,N-TVA;Ptenf/f;ATRXf/f;Cas9f/f;Ink4af/f
22925,NA,Tg/+,N-TVA;Ptenf/f;ATRXf/f;Cas9f/f;Ink4af/f
22926,NA,Tg/+,N-TVA;Ptenf/f;ATRXf/f;Cas9f/f;Ink4af/f
23021,NA,Tg/+,N-TVA;Ptenf/f;ATRXf/f;Cas9f/f;Ink4af/f
23269,NA,Tg/+,N-TVA;Ptenf/f;ATRXf/f;Cas9f/f;Ink4af/f
23270,NA,Tg/+,N-TVA;Ptenf/f;ATRXf/f;Cas9f/f;Ink4af/f
23271,NA,Tg/+,N-TVA;Ptenf/f;ATRXf/f;Cas9f/f;Ink4af/f
23286,NA,Tg/+,N-TVA;Ptenf/f;ATRXf/f;Cas9f/f;Ink4af/f
23287,NA,Tg/+,N-TVA;Ptenf/f;ATRXf/f;Cas9f/f;Ink4af/f
23288,NA,Tg/+,N-TVA;Ptenf/f;ATRXf/f;Cas9f/f;Ink4af/f
23289,NA,Tg/+,N-TVA;Ptenf/f;ATRXf/f;Cas9f/f;Ink4af/f
23290,NA,Tg/+,N-TVA;Ptenf/f;ATRXf/f;Cas9f/f;Ink4af/f
23291,NA,Tg/+,N-TVA;Ptenf/f;ATRXf/f;Cas9f/f;Ink4af/f
23292,NA,Tg/+,N-TVA;Ptenf/f;ATRXf/f;Cas9f/f;Ink4af/f
23293,NA,Tg/+,N-TVA;Ptenf/f;ATRXf/f;Cas9f/f;Ink4af/f
23294,NA,Tg/+,N-TVA;Ptenf/f;ATRXf/f;Cas9f/f;Ink4af/f
23295,NA,Tg/+,N-TVA;Ptenf/f;ATRXf/f;Cas9f/f;Ink4af/f
23296,NA,Tg/+,N-TVA;Ptenf/f;ATRXf/f;Cas9f/f;Ink4af/f
23297,NA,Tg/+,N-TVA;Ptenf/f;ATRXf/f;Cas9f/f;Ink4af/f
23298,NA,Tg/+,N-TVA;Ptenf/f;ATRXf/f;Cas9f/f;Ink4af/f
23299,NA,Tg/+,N-TVA;Ptenf/f;ATRXf/f;Cas9f/f;Ink4af/f
23300,NA,Tg/+,N-TVA;Ptenf/f;ATRXf/f;Cas9f/f;Ink4af/f
23301,NA,Tg/+,N-TVA;Ptenf/f;ATRXf/f;Cas9f/f;Ink4af/f
23397,NA,Tg/+,N-TVA;Pten f/+; Ink4a/Arff/+;ATRX-f/+;H11LSL-Cas9  f/+
23399,NA,+/+,N-TVA;Pten f/+; Ink4a/Arff/+;ATRX-f/+;H11LSL-Cas9  f/+
23400,NA,Tg/+,N-TVA;Pten f/+; Ink4a/Arff/+;ATRX-f/+;H11LSL-Cas9  f/+
23401,NA,Tg/+,N-TVA;Pten f/+; Ink4a/Arff/+;ATRX-f/+;H11LSL-Cas9  f/+
23460,NA,Tg/+,N-TVA;Pten f/+; Ink4a/Arff/+;ATRX-f/+;H11LSL-Cas9  f/+
23461,NA,Tg/+,N-TVA;Pten f/+; Ink4a/Arff/+;ATRX-f/+;H11LSL-Cas9  f/+
23463,NA,Tg/+,N-TVA;Pten f/+; Ink4a/Arff/+;ATRX-f/+;H11LSL-Cas9  f/+
23464,NA,Tg/+,N-TVA;Pten f/+; Ink4a/Arff/+;ATRX-f/+;H11LSL-Cas9  f/+
23465,NA,Tg/+,N-TVA;Pten f/+; Ink4a/Arff/+;ATRX-f/+;H11LSL-Cas9  f/+
23466,NA,Tg/+,N-TVA;Pten f/+; Ink4a/Arff/+;ATRX-f/+;H11LSL-Cas9  f/+
23467,NA,Tg/+,N-TVA;Ptenf/f;ATRXf/f;Cas9f/f;Ink4af/f
23468,NA,Tg/+,N-TVA;Ptenf/f;ATRXf/f;Cas9f/f;Ink4af/f
23469,NA,Tg/+,N-TVA;Ptenf/f;ATRXf/f;Cas9f/f;Ink4af/f
23470,NA,Tg/+,N-TVA;Ptenf/f;ATRXf/f;Cas9f/f;Ink4af/f
23522,NA,Tg/+,N-TVA;Ptenf/f;ATRXf/f;Cas9f/f;Ink4af/f
23523,NA,Tg/+,N-TVA;Ptenf/f;ATRXf/f;Cas9f/f;Ink4af/f
23524,NA,Tg/+,N-TVA;Ptenf/f;ATRXf/f;Cas9f/f;Ink4af/f
23525,NA,Tg/+,N-TVA;Ptenf/f;ATRXf/f;Cas9f/f;Ink4af/f
23526,NA,Tg/+,N-TVA;Ptenf/f;ATRXf/f;Cas9f/f;Ink4af/f
23527,NA,Tg/+,N-TVA;Ptenf/f;ATRXf/f;Cas9f/f;Ink4af/f
23528,NA,Tg/+,N-TVA;Ptenf/f;ATRXf/f;Cas9f/f;Ink4af/f
23783,NA,Tg/+,N-TVA;Ptenf/f;ATRX+/+;Cas9f/f;Ink4af/f
23784,NA,Tg/+,N-TVA;Ptenf/f;ATRX+/+;Cas9f/f;Ink4af/f
23785,NA,Tg/+,N-TVA;Ptenf/f;ATRX+/+;Cas9f/f;Ink4af/f
23786,NA,Tg/+,N-TVA;Ptenf/f;ATRX+/+;Cas9f/f;Ink4af/f
23787,NA,Tg/+,N-TVA;Ptenf/f;ATRX+/+;Cas9f/f;Ink4af/f
23788,NA,Tg/+,N-TVA;Ptenf/f;ATRX+/+;Cas9f/f;Ink4af/f
23789,NA,Tg/+,N-TVA;Ptenf/f;ATRX+/+;Cas9f/f;Ink4af/f
23790,NA,Tg/+,N-TVA;Ptenf/f;ATRX+/+;Cas9f/f;Ink4af/f
23791,NA,Tg/+,N-TVA;Ptenf/f;ATRX+/+;Cas9f/f;Ink4af/f
23792,NA,Tg/+,N-TVA;Ptenf/f;ATRX+/+;Cas9f/f;Ink4af/f
23821,NA,+/+,N-TVA;Pten f/+; Ink4a/Arff/+;ATRX-f/+;H11LSL-Cas9  f/+
23822,NA,Tg/+,N-TVA;Pten f/+; Ink4a/Arff/+;ATRX-f/+;H11LSL-Cas9  f/+
23823,NA,Tg/+,N-TVA;Pten f/+; Ink4a/Arff/+;ATRX-f/+;H11LSL-Cas9  f/+
23824,NA,Tg/+,N-TVA;Pten f/+; Ink4a/Arff/+;ATRX-f/+;H11LSL-Cas9  f/+
23826,NA,Tg/+,N-TVA;Pten f/+; Ink4a/Arff/+;ATRX-f/+;H11LSL-Cas9  f/+
23828,NA,Tg/+,N-TVA;Pten f/+; Ink4a/Arff/+;ATRX-f/+;H11LSL-Cas9  f/+
23864,NA,+/+,N-TVA;Pten f/+; Ink4a/Arff/+;ATRX-f/+;H11LSL-Cas9  f/+
23865,NA,Tg/+,N-TVA;Pten f/+; Ink4a/Arff/+;ATRX-f/+;H11LSL-Cas9  f/+
23866,NA,Tg/+,N-TVA;Pten f/+; Ink4a/Arff/+;ATRX-f/+;H11LSL-Cas9  f/+
23867,NA,Tg/+,N-TVA;Pten f/+; Ink4a/Arff/+;ATRX-f/+;H11LSL-Cas9  f/+
23964,NA,Tg/+,N-TVA;Ptenf/f;ATRX+/+;Cas9f/f;Ink4af/f
23965,NA,Tg/+,N-TVA;Ptenf/f;ATRX+/+;Cas9f/f;Ink4af/f
23966,NA,Tg/+,N-TVA;Ptenf/f;ATRX+/+;Cas9f/f;Ink4af/f
23967,NA,Tg/+,N-TVA;Ptenf/f;ATRX+/+;Cas9f/f;Ink4af/f
23968,NA,Tg/+,N-TVA;Ptenf/f;ATRX+/+;Cas9f/f;Ink4af/f
23969,NA,Tg/+,N-TVA;Ptenf/f;ATRX+/+;Cas9f/f;Ink4af/f
23970,NA,Tg/+,N-TVA;Ptenf/f;ATRX+/+;Cas9f/f;Ink4af/f
23971,NA,Tg/+,N-TVA;Ptenf/f;ATRX+/+;Cas9f/f;Ink4af/f
24801,NA,NA,pup 1
24802,NA,NA,pup 1
24803,NA,NA,pup 1
24804,NA,NA,pup 1
24805,NA,NA,pup 1
24806,NA,NA,pup 1
24807,NA,NA,pup 1
24986,NA,Tg/+,N-TVA;Pten f/f; Ink4a/Arff/f;ATRX-+/+;H11LSL-Cas9  f/f
24987,NA,Tg/+,N-TVA;Pten f/f; Ink4a/Arff/f;ATRX-+/+;H11LSL-Cas9  f/f
24988,NA,Tg/+,N-TVA;Pten f/f; Ink4a/Arff/f;ATRX-+/+;H11LSL-Cas9  f/f
24989,NA,Tg/+,N-TVA;Pten f/f; Ink4a/Arff/f;ATRX-+/+;H11LSL-Cas9  f/f
25025,NA,Tg/+,N-TVA;Ptenf/f;ATRXf/f;Cas9f/f;Ink4af/f
25026,NA,Tg/+,N-TVA;Ptenf/f;ATRXf/f;Cas9f/f;Ink4af/f
25027,NA,Tg/+,N-TVA;Ptenf/f;ATRXf/f;Cas9f/f;Ink4af/f
25028,NA,Tg/+,N-TVA;Ptenf/f;ATRXf/f;Cas9f/f;Ink4af/f
25029,NA,Tg/+,N-TVA;Ptenf/f;ATRXf/f;Cas9f/f;Ink4af/f
25031,NA,Tg/+,N-TVA;Ptenf/f;ATRXf/f;Cas9f/f;Ink4af/f
25033,NA,Tg/+,N-TVA;Ptenf/f;ATRXf/f;Cas9f/f;Ink4af/f
25034,NA,Tg/+,N-TVA;Ptenf/f;ATRXf/f;Cas9f/f;Ink4af/f
25080,NA,Tg/+,N-TVA;Ptenf/f;ATRX+/+;Cas9f/f;Ink4af/f
25081,NA,Tg/+,N-TVA;Ptenf/f;ATRX+/+;Cas9f/f;Ink4af/f
25082,NA,Tg/+,N-TVA;Ptenf/f;ATRX+/+;Cas9f/f;Ink4af/f
25083,NA,Tg/+,N-TVA;Ptenf/f;ATRX+/+;Cas9f/f;Ink4af/f
25084,NA,Tg/+,N-TVA;Ptenf/f;ATRX+/+;Cas9f/f;Ink4af/f
25085,NA,Tg/+,N-TVA;Ptenf/f;ATRX+/+;Cas9f/f;Ink4af/f
25086,NA,Tg/+,N-TVA;Ptenf/f;ATRX+/+;Cas9f/f;Ink4af/f
25087,NA,Tg/+,N-TVA;Ptenf/f;ATRXf/f;Cas9f/f;Ink4af/f
25088,NA,Tg/+,N-TVA;Ptenf/f;ATRXf/f;Cas9f/f;Ink4af/f
25089,NA,Tg/+,N-TVA;Ptenf/f;ATRXf/f;Cas9f/f;Ink4af/f
25090,NA,Tg/+,N-TVA;Ptenf/f;ATRXf/f;Cas9f/f;Ink4af/f
25091,NA,Tg/+,N-TVA;Ptenf/f;ATRXf/f;Cas9f/f;Ink4af/f
25092,NA,Tg/+,N-TVA;Ptenf/f;ATRXf/f;Cas9f/f;Ink4af/f
25214,NA,Tg/+,N-TVA;Ptenf/f;ATRX+/+;Cas9f/f;Ink4af/f
25215,NA,Tg/+,N-TVA;Ptenf/f;ATRX+/+;Cas9f/f;Ink4af/f
25216,NA,Tg/+,N-TVA;Ptenf/f;ATRX+/+;Cas9f/f;Ink4af/f
25217,NA,Tg/+,N-TVA;Ptenf/f;ATRX+/+;Cas9f/f;Ink4af/f
25218,NA,Tg/+,N-TVA;Ptenf/f;ATRX+/+;Cas9f/f;Ink4af/f
25219,NA,Tg/+,N-TVA;Ptenf/f;ATRX+/+;Cas9f/f;Ink4af/f
25220,NA,Tg/+,N-TVA;Ptenf/f;ATRX+/+;Cas9f/f;Ink4af/f
25221,NA,Tg/+,N-TVA;Ptenf/f;ATRX+/+;Cas9f/f;Ink4af/f
25238,NA,Tg/+,N-TVA;Ptenf/f;ATRXf/f;Cas9f/f;Ink4af/f
25239,NA,Tg/+,N-TVA;Ptenf/f;ATRXf/f;Cas9f/f;Ink4af/f
25240,NA,Tg/+,N-TVA;Ptenf/f;ATRXf/f;Cas9f/f;Ink4af/f
25241,NA,Tg/+,N-TVA;Ptenf/f;ATRXf/f;Cas9f/f;Ink4af/f
25242,NA,Tg/+,N-TVA;Ptenf/f;ATRXf/f;Cas9f/f;Ink4af/f
25258,NA,Tg/+,N-TVA;Ptenf/f;ATRXf/f;Cas9f/f;Ink4af/f
25259,NA,Tg/+,N-TVA;Ptenf/f;ATRXf/f;Cas9f/f;Ink4af/f
25260,NA,Tg/+,N-TVA;Ptenf/f;ATRXf/f;Cas9f/f;Ink4af/f
25261,NA,Tg/+,N-TVA;Ptenf/f;ATRXf/f;Cas9f/f;Ink4af/f
25262,NA,Tg/+,N-TVA;Ptenf/f;ATRXf/f;Cas9f/f;Ink4af/f
25263,NA,Tg/+,N-TVA;Ptenf/f;ATRXf/f;Cas9f/f;Ink4af/f
25264,NA,Tg/+,N-TVA;Ptenf/f;ATRXf/f;Cas9f/f;Ink4af/f
25266,NA,Tg/+,N-TVA;Pten f/f; Ink4a/Arff/f;ATRX-+/+;H11LSL-Cas9  f/f
25267,NA,Tg/+,N-TVA;Pten f/f; Ink4a/Arff/f;ATRX-+/+;H11LSL-Cas9  f/f
25268,NA,Tg/+,N-TVA;Pten f/f; Ink4a/Arff/f;ATRX-+/+;H11LSL-Cas9  f/f
25269,NA,Tg/+,N-TVA;Pten f/f; Ink4a/Arff/f;ATRX-+/+;H11LSL-Cas9  f/f
25270,NA,Tg/+,N-TVA;Pten f/f; Ink4a/Arff/f;ATRX-+/+;H11LSL-Cas9  f/f
25271,NA,Tg/+,N-TVA;Pten f/f; Ink4a/Arff/f;ATRX-+/+;H11LSL-Cas9  f/f
25272,NA,Tg/+,N-TVA;Pten f/f; Ink4a/Arff/f;ATRX-+/+;H11LSL-Cas9  f/f
25274,NA,Tg/+,N-TVA;Pten f/f; Ink4a/Arff/f;ATRX-+/+;H11LSL-Cas9  f/f
25304,NA,Tg/+,N-TVA;Pten f/f; Ink4a/Arff/f;ATRX-+/+;H11LSL-Cas9  f/f
25305,NA,Tg/+,N-TVA;Pten f/f; Ink4a/Arff/f;ATRX-+/+;H11LSL-Cas9  f/f
25306,NA,Tg/+,N-TVA;Pten f/f; Ink4a/Arff/f;ATRX-+/+;H11LSL-Cas9  f/f
25307,NA,Tg/+,N-TVA;Pten f/f; Ink4a/Arff/f;ATRX-+/+;H11LSL-Cas9  f/f
25308,NA,Tg/+,N-TVA;Pten f/f; Ink4a/Arff/f;ATRX-+/+;H11LSL-Cas9  f/f
25309,NA,Tg/+,N-TVA;Pten f/f; Ink4a/Arff/f;ATRX-+/+;H11LSL-Cas9  f/f
25310,NA,Tg/+,N-TVA;Pten f/f; Ink4a/Arff/f;ATRX-+/+;H11LSL-Cas9  f/f
25327,NA,Tg/+,N-TVA;Ptenf/f;ATRXf/f;Cas9f/f;Ink4af/f
25328,NA,Tg/+,N-TVA;Ptenf/f;ATRXf/f;Cas9f/f;Ink4af/f
25329,NA,Tg/+,N-TVA;Ptenf/f;ATRXf/f;Cas9f/f;Ink4af/f
25330,NA,Tg/+,N-TVA;Ptenf/f;ATRXf/f;Cas9f/f;Ink4af/f
25331,NA,Tg/+,N-TVA;Ptenf/f;ATRXf/f;Cas9f/f;Ink4af/f
25332,NA,Tg/+,N-TVA;Ptenf/f;ATRXf/f;Cas9f/f;Ink4af/f
25499,NA,Tg/+,N-TVA;Ptenf/f;ATRX+/+;Cas9f/f;Ink4af/f
25500,NA,Tg/+,N-TVA;Ptenf/f;ATRX+/+;Cas9f/f;Ink4af/f
25501,NA,Tg/+,N-TVA;Ptenf/f;ATRX+/+;Cas9f/f;Ink4af/f
25502,NA,Tg/+,N-TVA;Ptenf/f;ATRX+/+;Cas9f/f;Ink4af/f
25503,NA,Tg/+,N-TVA;Ptenf/f;ATRX+/+;Cas9f/f;Ink4af/f
25504,NA,Tg/+,N-TVA;Ptenf/f;ATRX+/+;Cas9f/f;Ink4af/f
25505,NA,Tg/+,N-TVA;Ptenf/f;ATRX+/+;Cas9f/f;Ink4af/f
25548,NA,Tg/+,N-TVA;Ptenf/f;ATRXf/f;Cas9f/f;Ink4af/f
25549,NA,Tg/+,N-TVA;Ptenf/f;ATRXf/f;Cas9f/f;Ink4af/f
25550,NA,Tg/+,N-TVA;Ptenf/f;ATRXf/f;Cas9f/f;Ink4af/f
25595,NA,Tg/+,N-TVA;Ptenf/f;ATRXf/f;Cas9f/f;Ink4af/f
25596,NA,Tg/+,N-TVA;Ptenf/f;ATRXf/f;Cas9f/f;Ink4af/f
25597,NA,Tg/+,N-TVA;Ptenf/f;ATRXf/f;Cas9f/f;Ink4af/f
25598,NA,Tg/+,N-TVA;Ptenf/f;ATRXf/f;Cas9f/f;Ink4af/f
25687,NA,Tg/+,N-TVA;Pten f/f; Ink4a/Arff/f;ATRX-+/+;H11LSL-Cas9  f/f
25688,NA,Tg/+,N-TVA;Pten f/f; Ink4a/Arff/f;ATRX-+/+;H11LSL-Cas9  f/f
25689,NA,Tg/+,N-TVA;Pten f/f; Ink4a/Arff/f;ATRX-+/+;H11LSL-Cas9  f/f
25690,NA,Tg/+,N-TVA;Pten f/f; Ink4a/Arff/f;ATRX-+/+;H11LSL-Cas9  f/f
25691,NA,Tg/+,N-TVA;Pten f/f; Ink4a/Arff/f;ATRX-+/+;H11LSL-Cas9  f/f
25692,NA,Tg/+,N-TVA;Pten f/f; Ink4a/Arff/f;ATRX-+/+;H11LSL-Cas9  f/f
25693,NA,Tg/+,N-TVA;Pten f/f; Ink4a/Arff/f;ATRX-+/+;H11LSL-Cas9  f/f
25694,NA,Tg/+,N-TVA;Pten f/f; Ink4a/Arff/f;ATRX-+/+;H11LSL-Cas9  f/f
25695,NA,Tg/+,N-TVA;Pten f/f; Ink4a/Arff/f;ATRX-+/+;H11LSL-Cas9  f/f
25741,NA,Tg/+,N-TVA;Ptenf/f;ATRX+/+;Cas9f/f;Ink4af/f
25742,NA,Tg/+,N-TVA;Ptenf/f;ATRX+/+;Cas9f/f;Ink4af/f
25743,NA,Tg/+,N-TVA;Ptenf/f;ATRX+/+;Cas9f/f;Ink4af/f
25744,NA,Tg/+,N-TVA;Ptenf/f;ATRX+/+;Cas9f/f;Ink4af/f
25745,NA,Tg/+,N-TVA;Ptenf/f;ATRX+/+;Cas9f/f;Ink4af/f
25746,NA,Tg/+,N-TVA;Ptenf/f;ATRX+/+;Cas9f/f;Ink4af/f
25747,NA,Tg/+,N-TVA;Ptenf/f;ATRX+/+;Cas9f/f;Ink4af/f
25748,NA,Tg/+,N-TVA;Ptenf/f;ATRX+/+;Cas9f/f;Ink4af/f
25763,NA,Tg/+,N-TVA;Ptenf/f;ATRX+/+;Cas9f/f;Ink4af/f
25764,NA,Tg/+,N-TVA;Ptenf/f;ATRX+/+;Cas9f/f;Ink4af/f
25765,NA,Tg/+,N-TVA;Ptenf/f;ATRX+/+;Cas9f/f;Ink4af/f
25766,NA,Tg/+,N-TVA;Ptenf/f;ATRX+/+;Cas9f/f;Ink4af/f
25767,NA,Tg/+,N-TVA;Ptenf/f;ATRX+/+;Cas9f/f;Ink4af/f
25782,NA,Tg/+,N-TVA;Ptenf/f;ATRXf/f;Cas9f/f;Ink4af/f
25783,NA,Tg/+,N-TVA;Ptenf/f;ATRXf/f;Cas9f/f;Ink4af/f
25784,NA,Tg/+,N-TVA;Ptenf/f;ATRXf/f;Cas9f/f;Ink4af/f
25785,NA,Tg/+,N-TVA;Ptenf/f;ATRXf/f;Cas9f/f;Ink4af/f
25786,NA,Tg/+,N-TVA;Ptenf/f;ATRXf/f;Cas9f/f;Ink4af/f
25787,NA,Tg/+,N-TVA;Ptenf/f;ATRXf/f;Cas9f/f;Ink4af/f
25788,NA,Tg/+,N-TVA;Ptenf/f;ATRXf/f;Cas9f/f;Ink4af/f
26007,NA,Tg/+,N-TVA;Ptenf/f;ATRX+/+;Cas9f/f;Ink4af/f
26008,NA,Tg/+,N-TVA;Ptenf/f;ATRX+/+;Cas9f/f;Ink4af/f
26009,NA,Tg/+,N-TVA;Ptenf/f;ATRX+/+;Cas9f/f;Ink4af/f
26010,NA,Tg/+,N-TVA;Ptenf/f;ATRX+/+;Cas9f/f;Ink4af/f
26011,NA,Tg/+,N-TVA;Ptenf/f;ATRX+/+;Cas9f/f;Ink4af/f
26012,NA,Tg/+,N-TVA;Ptenf/f;ATRX+/+;Cas9f/f;Ink4af/f
26013,NA,Tg/+,N-TVA;Ptenf/f;ATRX+/+;Cas9f/f;Ink4af/f
26014,NA,Tg/+,N-TVA;Ptenf/f;ATRX+/+;Cas9f/f;Ink4af/f
26022,NA,Tg/+,N-TVA;Ptenf/f;ATRXf/f;Cas9f/f;Ink4af/f
26023,NA,Tg/+,N-TVA;Ptenf/f;ATRXf/f;Cas9f/f;Ink4af/f
26024,NA,Tg/+,N-TVA;Ptenf/f;ATRXf/f;Cas9f/f;Ink4af/f
26037,NA,Tg/+,N-TVA;Pten f/f; Ink4a/Arff/f;ATRX-+/+;H11LSL-Cas9  f/f
26038,NA,Tg/+,N-TVA;Pten f/f; Ink4a/Arff/f;ATRX-+/+;H11LSL-Cas9  f/f
26039,NA,Tg/+,N-TVA;Pten f/f; Ink4a/Arff/f;ATRX-+/+;H11LSL-Cas9  f/f
26040,NA,Tg/+,N-TVA;Pten f/f; Ink4a/Arff/f;ATRX-+/+;H11LSL-Cas9  f/f
26061,NA,Tg/+,N-TVA;Pten f/f; Ink4a/Arff/f;ATRX-+/+;H11LSL-Cas9  f/f
26062,NA,Tg/+,N-TVA;Pten f/f; Ink4a/Arff/f;ATRX-+/+;H11LSL-Cas9  f/f
26063,NA,Tg/+,N-TVA;Pten f/f; Ink4a/Arff/f;ATRX-+/+;H11LSL-Cas9  f/f
26064,NA,Tg/+,N-TVA;Pten f/f; Ink4a/Arff/f;ATRX-+/+;H11LSL-Cas9  f/f
26065,NA,Tg/+,N-TVA;Pten f/f; Ink4a/Arff/f;ATRX-+/+;H11LSL-Cas9  f/f
26066,NA,Tg/+,N-TVA;Pten f/f; Ink4a/Arff/f;ATRX-+/+;H11LSL-Cas9  f/f
26067,NA,Tg/+,N-TVA;Pten f/f; Ink4a/Arff/f;ATRX-+/+;H11LSL-Cas9  f/f
26068,NA,Tg/+,N-TVA;Pten f/f; Ink4a/Arff/f;ATRX-+/+;H11LSL-Cas9  f/f
26069,NA,Tg/+,N-TVA;Pten f/f; Ink4a/Arff/f;ATRX-+/+;H11LSL-Cas9  f/f
26137,NA,Tg/+,N-TVA;Pten f/f; Ink4a/Arff/f;ATRX-+/+;H11LSL-Cas9  f/f
26138,NA,Tg/+,N-TVA;Pten f/f; Ink4a/Arff/f;ATRX-+/+;H11LSL-Cas9  f/f
26139,NA,Tg/+,N-TVA;Pten f/f; Ink4a/Arff/f;ATRX-+/+;H11LSL-Cas9  f/f
26140,NA,Tg/+,N-TVA;Pten f/f; Ink4a/Arff/f;ATRX-+/+;H11LSL-Cas9  f/f
26141,NA,Tg/+,N-TVA;Pten f/f; Ink4a/Arff/f;ATRX-+/+;H11LSL-Cas9  f/f
26142,NA,Tg/+,N-TVA;Pten f/f; Ink4a/Arff/f;ATRX-+/+;H11LSL-Cas9  f/f
26143,NA,Tg/+,N-TVA;Pten f/f; Ink4a/Arff/f;ATRX-+/+;H11LSL-Cas9  f/f
26274,NA,Tg/+,N-TVA;Pten f/f; Ink4a/Arff/f;ATRX-+/+;H11LSL-Cas9  f/f
26275,NA,Tg/+,N-TVA;Pten f/f; Ink4a/Arff/f;ATRX-+/+;H11LSL-Cas9  f/f
26276,NA,Tg/+,N-TVA;Pten f/f; Ink4a/Arff/f;ATRX-+/+;H11LSL-Cas9  f/f
26277,NA,Tg/+,N-TVA;Pten f/f; Ink4a/Arff/f;ATRX-+/+;H11LSL-Cas9  f/f
26278,NA,Tg/+,N-TVA;Pten f/f; Ink4a/Arff/f;ATRX-+/+;H11LSL-Cas9  f/f
26279,NA,Tg/+,N-TVA;Pten f/f; Ink4a/Arff/f;ATRX-+/+;H11LSL-Cas9  f/f
26280,NA,Tg/+,N-TVA;Pten f/f; Ink4a/Arff/f;ATRX-+/+;H11LSL-Cas9  f/f
26281,NA,Tg/+,N-TVA;Pten f/f; Ink4a/Arff/f;ATRX-+/+;H11LSL-Cas9  f/f
26282,NA,Tg/+,N-TVA;Pten f/f; Ink4a/Arff/f;ATRX-+/+;H11LSL-Cas9  f/f
26305,NA,Tg/+,N-TVA;Ptenf/f;ATRXf/f;Cas9f/f;Ink4af/f
26306,NA,Tg/+,N-TVA;Ptenf/f;ATRXf/f;Cas9f/f;Ink4af/f
26307,NA,Tg/+,N-TVA;Ptenf/f;ATRXf/f;Cas9f/f;Ink4af/f
26308,NA,Tg/+,N-TVA;Ptenf/f;ATRXf/f;Cas9f/f;Ink4af/f
26309,NA,Tg/+,N-TVA;Ptenf/f;ATRXf/f;Cas9f/f;Ink4af/f
26310,NA,Tg/+,N-TVA;Ptenf/f;ATRXf/f;Cas9f/f;Ink4af/f
26311,NA,Tg/+,N-TVA;Ptenf/f;ATRXf/f;Cas9f/f;Ink4af/f
28200,+/+,Tg/+,N-TVA::Ptenf/f;Atrx+/+;Cas9f/f;Inkf/f
28201,+/+,Tg/+,N-TVA::Ptenf/f;Atrx+/+;Cas9f/f;Inkf/f
28202,+/+,Tg/+,N-TVA::Ptenf/f;Atrx+/+;Cas9f/f;Inkf/f
28203,+/+,Tg/+,N-TVA::Ptenf/f;Atrx+/+;Cas9f/f;Inkf/f
28204,+/+,Tg/+,N-TVA::Ptenf/f;Atrx+/+;Cas9f/f;Inkf/f
28205,+/+,Tg/+,N-TVA::Ptenf/f;Atrx+/+;Cas9f/f;Inkf/f
28206,+/+,Tg/+,N-TVA::Ptenf/f;Atrx+/+;Cas9f/f;Inkf/f
28207,+/+,Tg/+,N-TVA::Ptenf/f;Atrx+/+;Cas9f/f;Inkf/f
28208,+/+,Tg/+,N-TVA::Ptenf/f;Atrx+/+;Cas9f/f;Inkf/f
28525,+/+,Tg/+,N-TVA::Ptenf/f;Atrxf/f;Cas9f/f;Inkf/f
28526,+/+,Tg/+,N-TVA::Ptenf/f;Atrxf/f;Cas9f/f;Inkf/f
28527,+/+,Tg/+,N-TVA::Ptenf/f;Atrxf/f;Cas9f/f;Inkf/f
28528,+/+,Tg/+,N-TVA::Ptenf/f;Atrxf/f;Cas9f/f;Inkf/f
28529,+/+,Tg/+,N-TVA::Ptenf/f;Atrxf/f;Cas9f/f;Inkf/f
28530,+/+,Tg/+,N-TVA::Ptenf/f;Atrxf/f;Cas9f/f;Inkf/f
28531,+/+,Tg/+,N-TVA::Ptenf/f;Atrxf/f;Cas9f/f;Inkf/f
28532,+/+,Tg/+,N-TVA::Ptenf/f;Atrxf/f;Cas9f/f;Inkf/f
28708,Tg/+,Tg/+,N-TVA::Cas9f/f
28709,Tg/+,Tg/+,N-TVA::Cas9f/f
28710,Tg/+,Tg/+,N-TVA::Cas9f/f
28780,Tg/+,Tg/+,N-TVA::Cas9f/f
28781,Tg/+,Tg/+,N-TVA::Cas9f/f
28782,Tg/+,Tg/+,N-TVA::Cas9f/f
28783,Tg/+,Tg/+,N-TVA::Cas9f/f
28784,+/+,Tg/+,N-TVA::Cas9f/f
29161,+/+,Tg/+,N-TVA::Cas9f/f
29162,+/+,Tg/+,N-TVA::Cas9f/f
29163,+/+,Tg/+,N-TVA::Cas9f/f
29164,+/+,Tg/+,N-TVA::Cas9f/f
29165,NA,NA,NA
29166,+/+,Tg/+,N-TVA::Cas9f/f
29385,Tg/+,Tg/+,N-TVA::Cas9f/f;Inkf/f
29386,+/+,Tg/+,N-TVA::Cas9f/f;Inkf/f
29387,+/+,Tg/+,N-TVA::Cas9f/f;Inkf/f
29388,Tg/+,Tg/+,N-TVA::Cas9f/f;Inkf/f
29389,Tg/+,Tg/+,N-TVA::Cas9f/f;Inkf/f
29390,Tg/+,Tg/+,N-TVA::Cas9f/f;Inkf/f
29397,+/+,Tg/+,N-TVA::Cas9f/f
29398,+/+,Tg/+,N-TVA::Cas9f/f
29399,+/+,Tg/+,N-TVA::Cas9f/f
29400,+/+,Tg/+,N-TVA::Cas9f/f
29401,+/+,Tg/+,N-TVA::Cas9f/f
29403,+/+,Tg/+,N-TVA::Cas9f/f
29404,+/+,Tg/+,N-TVA::Cas9f/f
29405,+/+,Tg/+,N-TVA::Cas9f/f
29406,Tg/+,Tg/+,N-TVA::Cas9f/f;Inkf/f
29407,Tg/+,Tg/+,N-TVA::Cas9f/f;Inkf/f
29408,+/+,Tg/+,N-TVA::Cas9f/f;Inkf/f
29409,Tg/Tg,Tg/+,N-TVA::Cas9f/f;Inkf/f
29410,Tg/Tg,Tg/+,N-TVA::Cas9f/f;Inkf/f
29818,Tg/+,Tg/+,N-TVA::Cas9f/f;Inkf/f
29819,Tg/+,Tg/+,N-TVA::Cas9f/f;Inkf/f
29820,Tg/+,Tg/+,N-TVA::Cas9f/f;Inkf/f
29821,+/+,Tg/+,N-TVA::Cas9f/f;Inkf/f
29822,+/+,Tg/+,N-TVA::Cas9f/f;Inkf/f
29824,Tg/+,Tg/+,N-TVA::Cas9f/f;Inkf/f
30212,NA,NA,injected
30213,NA,NA,injected
30214,NA,NA,injected
30215,NA,NA,injected
30216,NA,NA,injected
30217,NA,NA,injected
30218,NA,NA,injected
30232,Tg/+,Tg/+,N-TVA::Cas9f/f;Inkf/f;Tyr-Cre(mix)
30233,Tg/+,Tg/+,N-TVA::Cas9f/f;Inkf/f;Tyr-Cre(mix)
30234,Tg/+,Tg/+,N-TVA::Cas9f/f;Inkf/f;Tyr-Cre(mix)
30235,+/+,probably Tg/+,N-TVA::Cas9f/f;Inkf/f;Tyr-Cre(mix)
30236,Tg/+,Tg/+,N-TVA::Cas9f/f;Inkf/f;Tyr-Cre(mix)
30237,+/+,prboably Tg/+,N-TVA::Cas9f/f;Inkf/f;Tyr-Cre(mix)
