initials,todays_date,mouse_id,disposition,disposition_2,disposition_3,disposition_4,treatment,sex,strain,bd,sac_date,age_at_sac,injection_date,virus_1,virus_2,virus_3,virus_4,evidence_of_tumor,date_tumor_reported,dox_tx,drug_treatment,genotype,tissue_collected,zinc_fixed,formalin_fixed,parafin_block_number_s,x,slide_number_s,h_e,ihc,ihc_stain_1,ihc_stain_2,ihc_stain_3,gross_visualization_of_lung_nodules,additional_comments,x_2,x_3,duration_of_dox_tx,rcas_injection,injection_route,x_4,age_at_tumor_onset
ZL,44243,24988,"Sick, breathing weird, very large distended stomach.",,,,,Male`,N-TVA; Pten f/f; H11LSL-Cas9 f/f; Ink4a/Arf f/f; ATRX +/+,44115,44243,128,44116,RCAS Cre-U6sgRNA-ex2-NF1,,,,yes,44243,,,N-TVA; Pten f/f; H11LSL-Cas9 f/f; Ink4a/Arf f/f; ATRX +/+,Brain,No,"Yes, necrotic tmuor stuck to bottom of brain and cavity, scooped all up and formalin fixed",HCI-20-24988,,,yes,,,,,No,"Brain slightly large, necrotic tissue/tumor underneath brain and in cavity. No cell line started, most scooped out with brain.",Very disteneded stomach was due to all digestive organs being maximally filled with gas including stomach.,NA,NA,NA,NA,NA,NA
ZL,44228,25260,"swollen head, very sick (skinny and hunched over)",,,,,Male`,N-TVA; Pten f/f; H11LSL-Cas9 f/f; Ink4a/Arf f/f; ATRX f/f,44141,44228,87,44143,RCAS Cre-U6sgRNA-ex2-NF1,,,,No,44216,,,N-TVA; Pten f/f; H11LSL-Cas9 f/f; Ink4a/Arf f/f; ATRX f/f,Brain,No,full brain,HCI-20-25260,,,yes,,,,,No,Brain was completely hollow and extremely swollen full of clear liquid and blood. Harvested all in one piece. No sign of tumor.,NA,NA,NA,NA,NA,NA,NA
RH,44308,26040-00,,,,,,Female`,N-TVA; Pten f/f; H11LSL-Cas9 f/f; Ink4a/Arf f/f; ATRX +/+,44220,44308,88,44222,RCAS Cre U6 sgRNA Ex2 NF1,,,,,"behavior reported 4/16/21, eyes looking partially closed",,,N-TVA; Pten f/f; H11LSL-Cas9 f/f; Ink4a/Arf f/f; ATRX +/+,Brain,No,Brain,,,,,,,,,,"Mouse was found dead. No sign of tumor upon necropsy. Behavior was first noted on 4/16, but mouse never appeared like it required euthanasia. Brain was able to be harvested in one piece.",NA,NA,NA,NA,NA,NA,NA
RH,44321,26061-00,,,,,,Female`,N-TVA; Pten f/f; H11LSL-Cas9 f/f; Ink4a/Arf f/f; ATRX +/+,44220,44321,101,44222,RCAS Cre U6 sgRNA Ex2 NF1,,,,,,,,N-TVA; Pten f/f; H11LSL-Cas9 f/f; Ink4a/Arf f/f; ATRX +/+,Brain,No,Brain,,,,,,,,,,"lossing mobility, everything looked normal upon necropsy",NA,NA,NA,NA,NA,NA,NA
RH,44312,26062-01,,,,,,Female`,N-TVA; Pten f/f; H11LSL-Cas9 f/f; Ink4a/Arf f/f; ATRX +/+,44220,44312,92,44222,RCAS Cre U6 sgRNA Ex2 NF1,,,,,44309,,,N-TVA; Pten f/f; H11LSL-Cas9 f/f; Ink4a/Arf f/f; ATRX +/+,Brain,No,Brain,,,,,,,,,,"tumor on shoulder noticed 4/23/21, found dead, brain was sort of mush, tumors also noticed on lower spinal cord after necropsy",NA,NA,NA,NA,NA,NA,NA
RH,44312,26063-03,,,,,,Female`,N-TVA; Pten f/f; H11LSL-Cas9 f/f; Ink4a/Arf f/f; ATRX +/+,44220,44312,92,44222,RCAS Cre U6 sgRNA Ex2 NF1,,,,,,,,N-TVA; Pten f/f; H11LSL-Cas9 f/f; Ink4a/Arf f/f; ATRX +/+,Brain,No,Brain,,,,,,,,,,"dragging legs 4/26/21, no other sign of tumor",NA,NA,NA,NA,NA,NA,NA
RH,44312,26065-30,,,,,,Female`,N-TVA; Pten f/f; H11LSL-Cas9 f/f; Ink4a/Arf f/f; ATRX +/+,44220,44312,92,44222,RCAS Cre U6 sgRNA Ex2 NF1,,,,,44301,,,N-TVA; Pten f/f; H11LSL-Cas9 f/f; Ink4a/Arf f/f; ATRX +/+,Brain,No,Brain,,,,,,,,,,"small bump noticed on top of head  on 4/15, showing more paralysis on 4/26/21, upon necropsy there was a top of head tumor which was small and only peeled off the skull with a piece of skull attached and fixed -T1. Tumor around the lower spinal cord was also minimal and used only to make a cell line - T2.",NA,NA,NA,NA,NA,NA,NA
RH,44312,26066-00,,,,,,Male`,N-TVA; Pten f/f; H11LSL-Cas9 f/f; Ink4a/Arf f/f; ATRX +/+,44220,44312,92,44222,RCAS Cre U6 sgRNA Ex2 NF1,,,,,,,,N-TVA; Pten f/f; H11LSL-Cas9 f/f; Ink4a/Arf f/f; ATRX +/+,Brain,No,Brain,,,,,,,,,,"bulge noticed in scrotum and mouse is more emanciated than others in cage, it is a hernia, no sign of tumor",NA,NA,NA,NA,NA,NA,NA
RH,44321,26067-01,,,,,,Male`,N-TVA; Pten f/f; H11LSL-Cas9 f/f; Ink4a/Arf f/f; ATRX +/+,44220,44321,101,44222,RCAS Cre U6 sgRNA Ex2 NF1,,,,,,,,N-TVA; Pten f/f; H11LSL-Cas9 f/f; Ink4a/Arf f/f; ATRX +/+,Brain and neck tumors,No,"Brain, neck tumor (lymph node?)",,,,,,,,,,"mouse was bloated with lots of gas built up in digestive tract, mouse was also acting less active and hunched over, there were 4 masses around the front and sides of the neck which were harvested for histology, freezing, and cell line - possibly lymph nodes given their symetry, brain has a little nub in the front of it that looked larger than normal",NA,NA,NA,NA,NA,NA,NA
RH,44330,26068-03,,,,,,Male`,N-TVA; Pten f/f; H11LSL-Cas9 f/f; Ink4a/Arf f/f; ATRX +/+,44220,44330,110,44222,RCAS Cre U6 sgRNA Ex2 NF1,,,,,,,,N-TVA; Pten f/f; H11LSL-Cas9 f/f; Ink4a/Arf f/f; ATRX +/+,"Brain, cranial nerve tumor (T1), and spinal cord tumor (T2)",No,Brain,,,,,,,,,,"mouse is paralyzed with a partially closed left eye, upon necropsy there is an enlarged cranial nerve on both sides, which was only used for a cell line (T1). There was also a tumor found on the spinal cord (T2) also just used for cell line.",NA,NA,NA,NA,NA,NA,NA
RH,44361,26069-10,,,,,,Male`,N-TVA; Pten f/f; H11LSL-Cas9 f/f; Ink4a/Arf f/f; ATRX +/+,44221,44361,140,44560,RCAS Cre-U6sgRNA-ex2-NF1,,,,,,,,N-TVA; Pten f/f; H11LSL-Cas9 f/f; Ink4a/Arf f/f; ATRX +/+,Brain,No,Brain,,,,,,,,,,"Found dead. Noticed lower spine tumor on 6/9, lost mobility on 6/11, paralyzed on 6/12.",NA,NA,NA,NA,NA,NA,NA
RH,44291,26137-00,,,,,,Female`,N-TVA; Pten f/f; H11LSL-Cas9 f/f; Ink4a/Arf f/f; ATRX +/+,44227,44291,64,44229,RCAS Cre U6 sgRNA Ex2 NF1,,,,,,,,N-TVA; Pten f/f; H11LSL-Cas9 f/f; Ink4a/Arf f/f; ATRX +/+,Brain,No,Brain,,,,,,,,,,"Found dead on a Monday, so could have died up to 3 days earlier. Brain was sort of mushy, so it was not in the best condition, but was able to be removed for histology. No other signs of tumor.",NA,NA,NA,NA,NA,NA,NA
RH,44216,25310-30,"hunched over, scabs on tail, animal care staff required it be sacked",,,,,Male`,N-TVA; Pten f/f; H11LSL-Cas9 f/f; Ink4a/Arf f/f; ATRX +/+,44145,44216,71,44146,RCAS Cre,,,,No,,,,N-TVA; Pten f/f; H11LSL-Cas9 f/f; Ink4a/Arf f/f; ATRX +/+,B,No,B,,,,,,,,,No,brain appeared deflated,NA,NA,NA,NA,NA,NA,NA
RH,44321,26139-03,,,,,,Male`,N-TVA; Pten f/f; H11LSL-Cas9 f/f; Ink4a/Arf f/f; ATRX +/+,44227,44321,94,44229,RCAS Cre U6 sgRNA Ex2 NF1,,,,,,,,N-TVA; Pten f/f; H11LSL-Cas9 f/f; Ink4a/Arf f/f; ATRX +/+,"Brain, neck tumor (lyph node?) T1, cranial nerve mush under brain (T2)",No,"Brain, T1",,,,,,,,,,"bloated looking due to gut full of gas, breathing heavy, enlarged masses around neck (T1) similar to 26067 (may be lymph nodes, might have missed these in previous mice) - these were fixed, frozen and used for a cell line, Also had a mushy mass under the brain (T2) which was used for a cell line",NA,NA,NA,NA,NA,NA,NA
RH,44378,26140-10,,,,,,Female`,N-TVA; Pten f/f; H11LSL-Cas9 f/f; Ink4a/Arf f/f; ATRX +/+,44227,44378,151,44229,RCAS Cre-U6-sgRNA-Ex2-NF1,,,,,,,,N-TVA; Pten f/f; H11LSL-Cas9 f/f; Ink4a/Arf f/f; ATRX +/+,"Brain, cranial nerve tumor",No,"Brain, cranial nerve tumor",,,,,,,,,,"mouse appeared normal prior to necropsy, brain was being pushed from a large tumor underneith that was attached to the base of the cranial cavity, possibly from a cranial nerve (right side), a photo was taken. Tumor was very firm and white looking, It was split 3 ways for freezing, cell line, and fixing. I included the tumor along with the brain in the same parafin block.",NA,NA,NA,NA,NA,NA,NA
RH,44333,26141-00,,,,,,Male`,N-TVA; Pten f/f; H11LSL-Cas9 f/f; Ink4a/Arf f/f; ATRX +/+,44227,44330,103,44229,RCAS Cre U6 sgRNA Ex2 NF1,,,,,,,,N-TVA; Pten f/f; H11LSL-Cas9 f/f; Ink4a/Arf f/f; ATRX +/+,"Brain, cranial nerve tumor",No,Brain,,,,,,,,,,"mouse had a domed head, was hunched over, not grooming, and breathing heavy, there was a massive tumor under the brain and attached to the base of the cranial cavity, froze portion of tumor and used for cell line.",NA,NA,NA,NA,NA,NA,NA
RH,44315,26142-01,,,,,,Male`,N-TVA; Pten f/f; H11LSL-Cas9 f/f; Ink4a/Arf f/f; ATRX +/+,44227,44315,88,44229,RCAS Cre U6 sgRNA Ex2 NF1,,,,,,,,N-TVA; Pten f/f; H11LSL-Cas9 f/f; Ink4a/Arf f/f; ATRX +/+,Brain,No,Brain,,,,,,,,,,"starting to drag hind legs on 4/26/21, noticed left eye not fully open on 4/27/21, weeker and more emanciated than the cagemates so sacked before I find it dead, nothing abnormal noticed upon necropsy",NA,NA,NA,NA,NA,NA,NA
RH,44370,26143-03,"mouse is puffy, not moving around much, slow breathing",,,,,Male`,N-TVA; Pten f/f; H11LSL-Cas9 f/f; Ink4a/Arf f/f; ATRX +/+,44227,44370,143,44229,RCAS Cre-U6sgRNA-ex2-NF1,,,,no,,,,N-TVA; Pten f/f; H11LSL-Cas9 f/f; Ink4a/Arf f/f; ATRX +/+,Brain,No,Brain,,,,,,,,,No,Brain looked uncharacteristically white and it did not separate from the skull cleanly,NA,NA,NA,NA,NA,NA,NA
RH,44321,26275-01,,,,,,Female`,N-TVA; Pten f/f; H11LSL-Cas9 f/f; Ink4a/Arf f/f; ATRX +/+,44246,44321,75,44248,RCAS Cre U6 sgRNA Ex2 NF1,,,,,,,,N-TVA; Pten f/f; H11LSL-Cas9 f/f; Ink4a/Arf f/f; ATRX +/+,Brain,No,Brain,,,,,,,,,,"hunched, emanciated, partial paralysis, brain looked a little puffy",NA,NA,NA,NA,NA,NA,NA
RH,44333,26276-03,,,,,,Female`,N-TVA; Pten f/f; H11LSL-Cas9 f/f; Ink4a/Arf f/f; ATRX +/+,44246,44333,87,44248,RCAS Cre U6 sgRNA Ex2 NF1,,,,,,,,N-TVA; Pten f/f; H11LSL-Cas9 f/f; Ink4a/Arf f/f; ATRX +/+,"Brain, spinal cord tumor (T1), head tumor (T2)",No,"Brain, T1",,,,,,,,,,"tumor observable on the base of spine (T1), mouse is showing partial paralysis in hind legs, also small head tumor developing (T2), froze and made cell lines of each tumor and fixed part of T1.",NA,NA,NA,NA,NA,NA,NA
RH,44321,26277-10,,,,,,Female`,N-TVA; Pten f/f; H11LSL-Cas9 f/f; Ink4a/Arf f/f; ATRX +/+,44246,44321,75,44248,RCAS Cre U6 sgRNA Ex2 NF1,,,,,,,,N-TVA; Pten f/f; H11LSL-Cas9 f/f; Ink4a/Arf f/f; ATRX +/+,Brain,No,Brain,,,,,,,,,,"hunched back, becoming paralyzed, brain looked a little puffy with a possible whiter section on the bottom",NA,NA,NA,NA,NA,NA,NA
RH,44309,26278-30,,,,,,Female`,N-TVA; Pten f/f; H11LSL-Cas9 f/f; Ink4a/Arf f/f; ATRX +/+,44246,44309,63,44248,RCAS Cre U6 sgRNA Ex2 NF1,,,,,"behavior reported 4/23/21, partially paralyzed on hind legs",,,N-TVA; Pten f/f; H11LSL-Cas9 f/f; Ink4a/Arf f/f; ATRX +/+,Brain,No,Brain,,,,,,,,,,"mouse was observed to be partially paralyzed, and I didn't want to leave it over the weekend. Nothing looked abnormal upon necropsy",NA,NA,NA,NA,NA,NA,NA
RH,44299,26279-11,,,,,,Female`,N-TVA; Pten f/f; H11LSL-Cas9 f/f; Ink4a/Arf f/f; ATRX f/f,44246,44299,53,44248,RCAS Cre U6 sgRNA Ex2 NF1,,,,yes,,,,N-TVA; Pten f/f; H11LSL-Cas9 f/f; Ink4a/Arf f/f; ATRX f/f,"Brain, T1",No,"Brain, T1",,,,,,,,,,"head tumor observed, so sacked before it got too big, made cell line with it, froze a piece and fixed it. Tumor was first observed within 5 days of 4/13, but exact date was not recorded.",NA,NA,NA,NA,NA,NA,NA
ZL,44228,25504,Large head tumor growing over skull,,,,,Male`,N-TVA; Pten f/f; H11LSL-Cas9 f/f; Ink4a/Arf f/f; ATRX +/+,44198,44228,30,44118,RCAS Cre-U6sgRNA-ex2-NF1,,,,yes,44225,,,N-TVA; Pten f/f; H11LSL-Cas9 f/f; Ink4a/Arf f/f; ATRX +/+,Brain,No,"normal brain, small growth found on spine (T2), head tumor T1",HCI-20-25504,,,yes,,,,,No,"Brain looked normal, tumor frozen, cell line formed (t1) and rest formalin fixed",NA,NA,NA,NA,NA,NA,NA
RH,44321,26280-00,,,,,,Male`,N-TVA; Pten f/f; H11LSL-Cas9 f/f; Ink4a/Arf f/f; ATRX +/+,44246,44321,75,44248,RCAS Cre U6 sgRNA Ex2 NF1,,,,,,,,N-TVA; Pten f/f; H11LSL-Cas9 f/f; Ink4a/Arf f/f; ATRX +/+,"Brain, cranial nerve",No,Brain,,,,,,,,,,"mouse was bloated and looks like it is full of gas, there was an enlarged cranial nerve that was just kept for making a cell line with",NA,NA,NA,NA,NA,NA,NA
RH,44335,26281-01,,,,,,Male`,N-TVA; Pten f/f; H11LSL-Cas9 f/f; Ink4a/Arf f/f; ATRX +/+,44246,44333,87,44248,RCAS Cre U6 sgRNA Ex2 NF1,,,,,,,,N-TVA; Pten f/f; H11LSL-Cas9 f/f; Ink4a/Arf f/f; ATRX +/+,"Brain, cranial nerve tumor",No,Brain,,,,,,,,,,"partially paralyzed on hind legs, mass observed on base of cranial cavity between the cranial nerves, used for a cell line, brain may have looked a little puffy",NA,NA,NA,NA,NA,NA,NA
RH,44333,26282,,,,,,Male`,N-TVA; Pten f/f; H11LSL-Cas9 f/f; Ink4a/Arf f/f; ATRX +/+,44246,44330,84,44248,RCAS Cre U6 sgRNA Ex2 NF1,,,,,,,,N-TVA; Pten f/f; H11LSL-Cas9 f/f; Ink4a/Arf f/f; ATRX +/+,Brain,No,Brain,,,,,,,,,,"mouse was paralyzed, but nothing looked abnormal after necropsy",NA,NA,NA,NA,NA,NA,NA
RH,44326,26305-00,,,,,,Female`,N-TVA; Pten f/f; H11LSL-Cas9 f/f; Ink4a/Arf f/f; ATRX f/f,44248,44326,78,44248,RCAS Cre U6 sgRNA Ex2 NF1,,,,,,,,N-TVA; Pten f/f; H11LSL-Cas9 f/f; Ink4a/Arf f/f; ATRX f/f,"Brain, cranial nerve tumor",No,"Brain, cranial nerve tumor",,,,,,,,,,"mouse was hunched over, not moving much, and looked emanciated/sick, upon necropsy there was a large tumor under the brain that was not attached to the brain, but it was difficult to remove from the bottom of the cranial cavity, this is possibly growing from the left cranial nerve",NA,NA,NA,NA,NA,NA,NA
RH,44299,26307-01,,,,,,Male`,N-TVA; Pten f/f; H11LSL-Cas9 f/f; Ink4a/Arf f/f; ATRX f/f,44248,44299,51,44248,RCAS Cre U6 sgRNA Ex2 NF1,,,,yes,,,,N-TVA; Pten f/f; H11LSL-Cas9 f/f; Ink4a/Arf f/f; ATRX f/f,"Brain, T1",No,"Brain, T1",,,,,,,,,,"mouse was sort of small and had a small tumor on head. Knowing what happens to older mice, as the tumor just gets bigger and it will be harder to remove brain, this mouse could have lived longer though, froze part of tumor, fixed part of tumor and made cell line from part of tumor, tumor first noticed within 5 days of 4/13, but exact date wasn't recorded",NA,NA,NA,NA,NA,NA,NA
RH,44335,26308-03,,,,,,Male`,N-TVA; Pten f/f; H11LSL-Cas9 f/f; Ink4a/Arf f/f; ATRX f/f,44246,44333,87,44248,RCAS Cre U6 sgRNA Ex2 NF1,,,,,,,,N-TVA; Pten f/f; H11LSL-Cas9 f/f; Ink4a/Arf f/f; ATRX f/f,Brain,No,Brain,,,,,,,,,,"partially paralyzed in hind legs, everything else looked normal",NA,NA,NA,NA,NA,NA,NA
RH,44299,26310-30,,,,,,Male`,N-TVA; Pten f/f; H11LSL-Cas9 f/f; Ink4a/Arf f/f; ATRX f/f,44248,44299,51,44248,RCAS Cre U6 sgRNA Ex2 NF1,,,,yes,,,,N-TVA; Pten f/f; H11LSL-Cas9 f/f; Ink4a/Arf f/f; ATRX f/f,"Brain, T1",No,"Brain, T1",,,,,,,,,,"mouse was small and a little emanciated or underdeveloped, and had a small tumor on head. Knowing what happens to older mice, as the tumor just gets bigger and it will be harder to remove brain, this mouse could have lived longer though, froze part of tumor, fixed part of tumor and made cell line from part of tumor, tumor first noticed within 5 days of 4/13, but exact date wasn't recorded",NA,NA,NA,NA,NA,NA,NA
RH,44299,26311-11,,,,,,Male`,N-TVA; Pten f/f; H11LSL-Cas9 f/f; Ink4a/Arf f/f; ATRX f/f,44248,44299,51,44248,RCAS Cre U6 sgRNA Ex2 NF1,,,,yes,,,,N-TVA; Pten f/f; H11LSL-Cas9 f/f; Ink4a/Arf f/f; ATRX f/f,"Brain, T1",No,"Brain, T1",,,,,,,,,,"mouse was small and a little emanciated or underdeveloped, and had a small tumor on head. Knowing what happens to older mice, as the tumor just gets bigger and it will be harder to remove brain, this mouse could have lived longer though, froze part of tumor, fixed part of tumor and made cell line from part of tumor, tumor first noticed within 5 days of 4/13, but exact date wasn't recorded",NA,NA,NA,NA,NA,NA,NA
RE,44557,28202-10,,,,,,Male`,N-TVA::Ptenf/f;Atrx+/+;Cas9f/f;Inkf/f,44481,44557,76,44483,RCAS Cre-U6sgRNA-ex2-NF1 (RH 10/14/21),,,,Y,44550,,,N-TVA::Ptenf/f;Atrx+/+;Cas9f/f;Inkf/f,"Brain, Lungs, Liver, T1",No,"Brain, Lungs, Liver, T1",,,,,,,,,,"intracranial tumor, sacked for tumor burden. Left frontal lobe was caved in from tumor. Tumor was attached to skull. Slice of tumor was cryopreserved. Liver had blood clot, lungs looked normal.",NA,NA,NA,NA,NA,NA,NA
RE,44564,28203-11,Little Mobility in back legs,Trouble breathing,"Red, sunken eyes",Extremely Underweight,,Female`,N-TVA::Ptenf/f;Atrxf/f;Cas9f/f;Inkf/f,44481,44564,83,44482,RCAS Cre-U6sgRNA-ex2-NF1 (10/13/21 RH),,,,Y,44551,,,N-TVA::Ptenf/f;Atrxf/f;Cas9f/f;Inkf/f,"T1, Brain, Lungs, Liver",No,"T1, Brain, Lungs, Liver",,,,,,,,,,"Red, sunken eyes, possible blood clot on the liver, extracranial tumor, soft brain, little mobility on back legs, extremely underweight, normal lungs",NA,NA,NA,NA,NA,NA,NA
RH,44326,25548-00,,,,,,Female`,N-TVA; Pten f/f; H11LSL-Cas9 f/f; Ink4a/Arf f/f; ATRX f/f,44169,44326,157,44169,RCAS Cre,,,,,,,,N-TVA; Pten f/f; H11LSL-Cas9 f/f; Ink4a/Arf f/f; ATRX f/f,Brain,No,Brain,,,,,,,,,,experimental endpoint,NA,NA,NA,NA,NA,NA,NA
RE,44199,28204-00,"Red, Sunken Eyes",Head bulge,,,,Male`,N-TVA::Ptenf/f;Atrxf/f;Cas9f/f;Inkf/f,44481,44564,83,44483,RCAS Cre-U6sgRNA-ex2-NF1 (10/13/21 RH),,,,N,,,,N-TVA::Ptenf/f;Atrxf/f;Cas9f/f;Inkf/f,"Brain, Lungs, Liver",No,"Brain, Lungs, Liver",,,,,,,,,,"Red, sunken eyes, head bulge, soft skull, fat on heart, no obs. Tumor, possible blood clot on liver",NA,NA,NA,NA,NA,NA,NA
RE,44199,28204-00,Complete Lower Paralysis,Swollen Cheeks,Large back hump,,,Male`,N-TVA::Ptenf/f;Atrxf/f;Cas9f/f;Inkf/f,44481,44564,83,44483,RCAS Cre-U6sgRNA-ex2-NF1 (10/13/21 RH),,,,N,,,,N-TVA::Ptenf/f;Atrxf/f;Cas9f/f;Inkf/f,"Brain, Lungs, Liver",No,"Brain, Lungs, Liver",,,,,,,,,,"Complete lower paralysis, swollen cheeks, large hump on the back, thin skull, possible blood clot on the liver",NA,NA,NA,NA,NA,NA,NA
KC,44546,28207-10,,,,,,Male`,N-TVA::Ptenf/f;Atrx+/+;Cas9f/f;Inkf/f,44481,44545,64,44483,RCAS Cre-U6sgRNA-ex2-NF1 (RH 10/14/21),,,,,,,,N-TVA::Ptenf/f;Atrx+/+;Cas9f/f;Inkf/f,"Brain, Lungs, Liver, T1",No,"Brain, Lungs, Liver, T1",,,,,,,,,,"Tumor was on top of head, but did not go into the skull. The skull was intact and brain appeared normal. Lungs and Liver appeared normal",NA,NA,NA,NA,NA,NA,NA
RE,44552,28208-11,,,,,,Male`,N-TVA::Ptenf/f;Atrx+/+;Cas9f/f;Inkf/f,44481,44552,71,44483,RCAS Cre-U6sgRNA-ex2-NF1 (RH 10/14/21),,,,Y,44534,,,N-TVA::Ptenf/f;Atrx+/+;Cas9f/f;Inkf/f,"Brain, Lungs, Liver, T1, T2, T3",No,"Brain, Lungs, Liver, T1, T2, T3",,,,,,,,,,"extracranial tumor, sacked for tumor burden. Little movement, squinted eyes. Possible blood clot on the liver. 2 extra possible tumors: one close to the kindeys, the other close to the lower intestines (bladder?)",NA,NA,NA,NA,NA,NA,NA
GP,44558,25825-00,Paralyzed left side,Trouble breathing,Dome head,,,Female`,N-TVA::Ptenf/f;Atrxf/f;Cas9f/f;Inkf/f,44511,44558,47,44513,RCAS Cre-U6sgRNA-ex2-NF1 (11/13/21 RH),,,,Y - domed head,,,,N-TVA::Ptenf/f;Atrxf/f;Cas9f/f;Inkf/f,"Brain, Lungs, Liver",No,"Brain, Lungs, Liver",,,,,,,,,,"Probable intracranial tumor; sacked for left side paralysis and trouble breathing. Frontal lobe was caved in (from tumor)? Unable to isolate tumor separately so took entire brain, as well as lungs, liver.",NA,NA,NA,NA,NA,NA,NA
KC,44591,28200-00,"Lethargic, red discharge around eye",,,,,Male`,N-TVA::Ptenf/f;Atrx+/+;Cas9f/f;Inkf/f,44481,44591,110,44483,RCAS Cre-U6sgRNA-ex2-NF1 (RH 10/14/21),,,,Y,1/20/22 lethargic and red discharge around eye,,,N-TVA::Ptenf/f;Atrx+/+;Cas9f/f;Inkf/f,"Brain, Lungs, Liver, T1",No,"Brain, Lungs, Liver, T1",,,,,,,,,,"intracranial tumor, under left hemisphere, appears to be an optic tumor, sacked for lethargy and red discharge around eye, tumor was attached to skull, all other organs appeared normal",NA,NA,NA,NA,NA,NA,NA
KC,44627,28526-01,"No visible head tumor, bulging eyeball",Hunched posture,,,,Female`,N-TVA::Ptenf/f;Atrxf/f;Cas9f/f;Inkf/f,44511,44627,116,44489,RCAS Cre + RCAS proHBEGF (10/20/21 RE),,,,"Glioma, tumor was so large that there was a change of shape to the skull, tumor was attached to the optic nerve",,,,N-TVA::Ptenf/f;Atrxf/f;Cas9f/f;Inkf/f,"Brain, Lungs, Liver",No,"Brain, Lungs, Liver",,,,,,,,,No,"Swollen brain, blood in the skull prior to skull incision, large tumor under brain attached to optic nerve",NA,NA,NA,NA,NA,NA,NA
KC,44581,28527-03,"Large head tumor, could barely open eyes",Weight loss,,,,Female`,N-TVA::Ptenf/f;Atrxf/f;Cas9f/f;Inkf/f,44511,44581,70,44489,RCAS Cre-U6sgRNA-ex2-NF1 (11/13/21 RH),,,,Yes,,,,N-TVA::Ptenf/f;Atrxf/f;Cas9f/f;Inkf/f,"Brain, Lungs, Liver",No,"Brain, Lungs, Liver",,,,,,,,,No,"Large head tumor, skull was friable but there was no evidence of invasion into the brain from the head tumor",All other organs appeared normal,NA,NA,NA,NA,NA,NA
KC,44620,28528-10,Sqiunted eyes,Lack of mobility,general malaise,,,Female`,N-TVA::Ptenf/f;Atrxf/f;Cas9f/f;Inkf/f,44511,44643,132,44489,RCAS Cre + RCAS proHBEGF (10/20/21 RE),,,,"Potentially. Nothing visible, but symptoms consistent with glioma",,,,N-TVA::Ptenf/f;Atrxf/f;Cas9f/f;Inkf/f,"Brain, Lungs, Liver",No,"Brain, Lungs, Liver",,,,,,,,,No,"Swollen brain, watery and soft. Lungs and liver looked healthy.",No primary tumor visible,NA,NA,NA,NA,NA,NA
KC,44620,28529-11,Visible head tumor,Back leg paralysis,,,,Female`,N-TVA::Ptenf/f;Atrxf/f;Cas9f/f;Inkf/f,44511,44620,109,44489,RCAS Cre + RCAS proHBEGF (10/20/21 RE),,,,"Glioma, tumor was so large that there was a change of shape to the skull, and paralysis present",,,,N-TVA::Ptenf/f;Atrxf/f;Cas9f/f;Inkf/f,"Brain, Lungs, Liver",No,"Brain, Lungs, Liver",,,,,,,,,No,"Swollen brain, blood in the skull prior to skull incision",NA,NA,NA,NA,NA,NA,NA
RH,44326,25549-01,,,,,,Female`,N-TVA; Pten f/f; H11LSL-Cas9 f/f; Ink4a/Arf f/f; ATRX f/f,44169,44326,157,44169,RCAS Cre,,,,,,,,N-TVA; Pten f/f; H11LSL-Cas9 f/f; Ink4a/Arf f/f; ATRX f/f,Brain,No,Brain,,,,,,,,,,experimental endpoint,NA,NA,NA,NA,NA,NA,NA
RF,44607,28530-00,No visible tumor,Back leg paralysis,,,,Male`,N-TVA::Ptenf/f;Atrxf/f;Cas9f/f;Inkf/f,44511,44607,96,44489,RCAS Cre + RCAS proHBEGF (10/20/21 RE),,,,"Glioma, no tumor visible but paralysis present",,,,N-TVA::Ptenf/f;Inkf/f,"Brain, Lungs, Liver",No,"Brain, Lungs, Liver",,,,,,,,,No,"Swollen brain, blood in the skull prior to skull incision",NA,NA,NA,NA,NA,NA,NA
RF,44607,28531-01,No visible tumor,Back leg paralysis,"Stopped grooming, looked unwell",,,Male`,N-TVA::Ptenf/f;Atrxf/f;Cas9f/f;Inkf/f,44511,44607,96,44489,RCAS Cre + RCAS proHBEGF (10/20/21 RE),,,,"Glioma, no tumor visible but paralysis present",,,,N-TVA::Ptenf/f;Inkf/f,"Brain, Lungs, Liver",No,"Brain, Lungs, Liver",,,,,,,,,No,"Swollen brain, blood in the skull prior to skull incision","Brain was incredibly soft, difficult to remove",anatomy looked otherwise healthy,NA,NA,NA,NA,NA
JP,44574,28532-03,No visible tumor,,,,,Male`,N-TVA::Ptenf/f;Atrxf/f;Cas9f/f;Inkf/f,44511,44574,63,44489,RCAS Cre + RCAS proHBEGF (10/20/21 RE),,,,Glioma,,,,N-TVA::Ptenf/f;Inkf/f,"Brain, Lungs, Liver",No,"Brain, Lungs, Liver",,,,,,,,,No,No tumor was noted,NA,NA,NA,NA,NA,NA,NA
KC,44719,28708-00,,Sacked for end date,NA,NA,,Female,N-TVA::Cas9f/f,44531`,44719,188,44898,RCAS Cre-U6sgRNA-ex2-NF1 (12/3/21 RH),,,,No,,,NA,N-TVA::Cas9f/f,"Brain, Lungs, Liver",No,"Brain, Lungs, Liver",,,,,,,,,,"All organs appeared normal, no tumor noted",,,,NA,NA,NA,NA
KC,44719,28709-00,,Sacked for end date,NA,NA,,Male,N-TVA::Cas9f/f,44531`,44719,188,44533,RCAS Cre-U6sgRNA-ex2-NF1 (12/3/21 RH),,,,No,,,NA,N-TVA::Cas9f/f,"Brain, Lungs, Liver",No,"Brain, Lungs, Liver",,,,,,,,,,"All organs appeared normal, no tumor noted",,,,NA,NA,NA,NA
KC,44719,28710-01,,Sacked for end date,NA,NA,,Male,N-TVA::Cas9f/f,44531`,44719,188,44533,RCAS Cre-U6sgRNA-ex2-NF1 (12/3/21 RH),,,,No,,,NA,N-TVA::Cas9f/f,"Brain, Lungs, Liver",No,"Brain, Lungs, Liver",,,,,,,,,,"All organs appeared normal, no tumor noted",,,,NA,NA,NA,NA
KC,44719,28780-00,,Sacked for end date,NA,NA,,Female,N-TVA::Cas9f/f,44536`,44719,183,44902,RCAS Cre-U6sgRNA-ex2-NF1 (12/7/21 RH),,,,No,,,NA,N-TVA::Cas9f/f,"Brain, Lungs, Liver",No,"Brain, Lungs, Liver",,,,,,,,,,"All organs appeared normal, no tumor noted, some hunching",,,,NA,NA,NA,NA
KC,44719,28781-00,,Sacked for end date,NA,NA,,Male,N-TVA::Cas9f/f,44536`,44719,183,44537,RCAS Cre-U6sgRNA-ex2-NF1 (12/7/21 RH),,,,No,,,NA,N-TVA::Cas9f/f,"Brain, Lungs, Liver",No,"Brain, Lungs, Liver",,,,,,,,,,"All organs appeared normal, no tumor noted",,,,NA,NA,NA,NA
KC,44719,28782-01,,Sacked for end date,NA,NA,,Male,N-TVA::Cas9f/f,44536`,44719,183,44537,RCAS Cre-U6sgRNA-ex2-NF1 (12/7/21 RH),,,,No,,,NA,N-TVA::Cas9f/f,"Brain, Lungs, Liver",No,"Brain, Lungs, Liver",,,,,,,,,,"All organs appeared normal, no tumor noted",,,,NA,NA,NA,NA
KC,44719,28783-03,,Sacked for end date,NA,NA,,Male,N-TVA::Cas9f/f,44536`,44719,183,44537,RCAS Cre-U6sgRNA-ex2-NF1 (12/7/21 RH),,,,No,,,NA,N-TVA::Cas9f/f,"Brain, Lungs, Liver",No,"Brain, Lungs, Liver",,,,,,,,,,"All organs appeared normal, no tumor noted",,,,NA,NA,NA,NA
RH,44326,25550-00,,,,,,Male`,N-TVA; Pten f/f; H11LSL-Cas9 f/f; Ink4a/Arf f/f; ATRX f/f,44169,44326,157,44169,RCAS Cre,,,,,,,,N-TVA; Pten f/f; H11LSL-Cas9 f/f; Ink4a/Arf f/f; ATRX f/f,Brain,No,Brain,,,,,,,,,,experimental endpoint,NA,NA,NA,NA,NA,NA,NA
KC,44719,28784-10,,Sacked for end date,NA,NA,,Male,N-TVA::Cas9f/f,44536`,44719,183,44537,RCAS Cre-U6sgRNA-ex2-NF1 (12/7/21 RH),,,,No,,,NA,N-TVA::Cas9f/f,"Brain, Lungs, Liver",No,"Brain, Lungs, Liver",,,,,,,,,,"All organs appeared normal, no tumor noted",,,,NA,NA,NA,NA
RE,44635,29161-00,Head twitching back and forth,Very hunched posture,Slow moving,,,Female`,N-TVA::Cas9f/f,44579,44635,56,44581,RCAS Cre + RCAS proHBEGF (1/20/21 RE),,,,,,,,N-TVA::Cas9f/f,"Brain, Lungs, Liver",No,"Brain, Lungs, Liver",,,,,,,,,No,"Lost weight, extreme hunchback, head twitching, slow moving. Soft skull and brain. No obs. Tumor, no other CNS tumor found",NA,NA,NA,NA,NA,NA,NA
RE,44635,29162-01,"lethargic, slow movement",squinted eye,hunched back,,,Female`,N-TVA::Cas9f/f,44579,44635,56,44581,RCAS Cre + RCAS proHBEGF (1/20/21 RE),,,,,,,,N-TVA::Cas9f/f,"Brain, Lungs, Liver",No,"Brain, Lungs, Liver",,,,,,,,,No,"Lost weight, mild hunchback, slow moving. Soft skull and brain. No obs. Tumor, no other CNS tumor found. Enlarged optic nerve",NA,NA,NA,NA,NA,NA,NA
KC,44733,29163-00,,Sacked for end date,NA,NA,,Male,N-TVA::Cas9f/f,44579`,44733,154,44581,RCAS Cre-U6sgRNA-ex2-NF1 (1/20/22 RE),,,,No,,,NA,N-TVA::Cas9f/f,"Brain, Optic Nerves",No,"Brain, Optic Nerves",,,,,,,,,,"All organs appeared normal, no tumor noted",,,,NA,NA,NA,NA
KC,44733,29164-01,,Sacked for end date,NA,NA,,Male,N-TVA::Cas9f/f,44579`,44733,154,44581,RCAS Cre-U6sgRNA-ex2-NF1 (1/20/22 RE),,,,No,,,NA,N-TVA::Cas9f/f,"Brain, Optic Nerves",No,"Brain, Optic Nerves",,,,,,,,,,"Brain was soft, all other organs appeared normal, no tumor noted",,,,NA,NA,NA,NA
KC,44733,29165-10,,Sacked for end date,NA,NA,,Male,N-TVA::Cas9f/f,44579`,44733,154,44581,RCAS Cre-U6sgRNA-ex2-NF1 (1/20/22 RE),,,,No,,,NA,N-TVA::Cas9f/f,"Brain, Optic Nerves",No,"Brain, Optic Nerves",,,,,,,,,,"All organs appeared normal, no tumor noted",,,,NA,NA,NA,NA
KC,44733,29166-11,,Sacked for end date,NA,NA,,Male,N-TVA::Cas9f/f,44579`,44733,154,44581,RCAS Cre-U6sgRNA-ex2-NF1 (1/20/22 RE),,,,No,,,NA,N-TVA::Cas9f/f,"Brain, Optic Nerves",No,"Brain, Optic Nerves",,,,,,,,,,"All organs appeared normal, no tumor noted",,,,NA,NA,NA,NA
RE,44656,29387-00,,,,,,Male`,N-TVA::Cas9f/f;Inkf/f,44601,44656,55,44602,RCAS Cre-U6sgRNA-ex2-NF1 (RE),,,,Y,44649,,,N-TVA::Cas9f/f;Inkf/f,Brain,No,Brain,,,,,,,,,,"head bulge, hunched back, ruffled fur. Upon necropsy, likely from hydrocephalus. Brain was like a deflated balloon, and fluid flowed from the skull upon dissection. Will submit to histology for confirmation",NA,NA,NA,NA,NA,NA,NA
RE,44655,29409-10,,,,,,Male`,N-TVA::Cas9f/f;Inkf/f,44602,44655,53,44602,RCAS Cre-U6sgRNA-ex2-NF1 (RE),,,,Y,44649,,,N-TVA::Cas9f/f;Inkf/f,"Brain, Lungs, Liver",No,"Brain, Lungs, Liver",,,,,,,,,,"ruffled fur noticed 3/29/22, but no indication of a glioma. Found nearly dead, hunched back, sunken eyes 4/4/22. Rest of litter mates were found dead.",NA,NA,NA,NA,NA,NA,NA
GP,43954,23401-03,Broken leg; in pain/distress,NA,NA,NA,NA,Male,N-TVA;Pten f/+; Ink4a/Arff/+;ATRX-f/+;H11LSL-Cas9  f/+,43931,43954,23,43932,RCAS Cre-U6sgRNA-ex2-NF1 (4/11/20 RH),NA,NA,NA,No,NA,NA,NA,N-TVA;Pten f/+; Ink4a/Arff/+;ATRX-f/+;H11LSL-Cas9  f/+,Brain,No,Yes,NA,NA,NA,NA,NA,NA,NA,NA,NA,"Leg was stuck in grate of cage, and animal was hanging by leg.",Leg broken and unable to walk.,Distress/pain noted.,NA,Yes,Intracranial,Brain and all other organs appeared normal.,NA
RH,44326,25595-00,,,,,,Female`,N-TVA; Pten f/f; H11LSL-Cas9 f/f; Ink4a/Arf f/f; ATRX f/f,44174,44326,152,44175,RCAS Cre,,,,,,,,N-TVA; Pten f/f; H11LSL-Cas9 f/f; Ink4a/Arf f/f; ATRX f/f,Brain,No,Brain,,,,,,,,,,experimental endpoint,NA,NA,NA,NA,NA,NA,NA
KC,44761,29385-00,Sac for end date,NA,NA,NA,NA,Female,N-TVA::Cas9f/f;Inkf/f,44601,44761,160,44602,RCAS Cre-U6sgRNA-ex2-NF1 (2/10/22 RE),,,,No,,,NA,N-TVA::Cas9f/f;Inkf/f,"Brain, optic nerve",No,Yes,"HCI-22-29385 ON, HCI-22-29385 B",,,yes,,,,,NA,"No signs of disease. Brain, optic nerve, and all organs appeared normal.",Brain and optic nerve collected for histology.,NA,,Yes,Intracranial,NA,NA
KC,44761,29386-01,Sac for end date,NA,NA,NA,NA,Female,N-TVA::Cas9f/f;Inkf/f,44601,44761,160,44602,RCAS Cre-U6sgRNA-ex2-NF1 (2/10/22 RE),,,,No,,,NA,N-TVA::Cas9f/f;Inkf/f,"Brain, optic nerve",No,Yes,"HCI-22-29386 ON, HCI-22-29386 B",,,yes,,,,,NA,"No signs of disease. Brain, optic nerve, and all organs appeared normal.",Brain and optic nerve collected for histology.,NA,,Yes,Intracranial,NA,NA
GP,44761,29338-01,Sac for end date,NA,NA,NA,NA,Male,N-TVA::Cas9f/f;Inkf/f,44601,44761,160,44602,RCAS Cre-U6sgRNA-ex2-NF1 (2/10/22 RE),,,,No,,,NA,N-TVA::Cas9f/f;Inkf/f,"Brain, optic nerve",No,Yes,"HCI-22-29388 ON, HCI-22-29388 B",,,yes,,,,,NA,"No signs of disease. Brain, optic nerve, and all organs appeared normal.",Brain and optic nerve collected for histology.,NA,,Yes,Intracranial,NA,NA
KC,44761,29397-00,Sac for end date,NA,NA,NA,NA,Female,N-TVA::Cas9f/f,44602,44761,159,44602,RCAS Cre-U6sgRNA-ex2-NF1 (2/10/22 RE),,,,No,,,NA,N-TVA::Cas9f/f,"Brain, optic nerve",No,Yes,"HCI-22-29397 ON, HCI-22-29397 B",,,yes,,,,,NA,"No signs of disease. Brain, optic nerve, and all organs appeared normal.",Brain and optic nerve collected for histology.,NA,,Yes,Intracranial,NA,NA
KC,44761,29398-01,Sac for end date,NA,NA,NA,NA,Female,N-TVA::Cas9f/f,44602,44761,159,44602,RCAS Cre-U6sgRNA-ex2-NF1 (2/10/22 RE),,,,No,,,NA,N-TVA::Cas9f/f,"Brain, optic nerve",No,Yes,"HCI-22-29398 ON, HCI-22-29398 B",,,yes,,,,,NA,"No signs of disease. Brain, optic nerve, and all organs appeared normal.",Brain and optic nerve collected for histology.,NA,,Yes,Intracranial,NA,NA
KC,44761,29399-03,Sac for end date,NA,NA,NA,NA,Female,N-TVA::Cas9f/f,44602,44761,159,44602,RCAS Cre-U6sgRNA-ex2-NF1 (2/10/22 RE),,,,No,,,NA,N-TVA::Cas9f/f,"Brain, optic nerve",No,Yes,"HCI-22-29399 ON, HCI-22-29399 B",,,yes,,,,,NA,"No signs of disease. Brain, optic nerve, and all organs appeared normal.",Brain and optic nerve collected for histology.,NA,,Yes,Intracranial,NA,NA
KC,44761,29400-10,Sac for end date,NA,NA,NA,NA,Female,N-TVA::Cas9f/f,44602,44761,159,44602,RCAS Cre-U6sgRNA-ex2-NF1 (2/10/22 RE),,,,No,,,NA,N-TVA::Cas9f/f,"Brain, optic nerve",No,Yes,"HCI-22-29400 ON, HCI-22-29400 B",,,yes,,,,,NA,"No signs of disease. Brain, optic nerve, and all organs appeared normal.",Brain and optic nerve collected for histology.,NA,,Yes,Intracranial,NA,NA
KC,44761,29401-03,Sac for end date,NA,NA,NA,NA,Female,N-TVA::Cas9f/f,44602,44761,159,44602,RCAS Cre-U6sgRNA-ex2-NF1 (2/10/22 RE),,,,No,,,NA,N-TVA::Cas9f/f,"Brain, optic nerve",No,Yes,,,,yes,,,,,NA,"No signs of disease. Brain, optic nerve, and all organs appeared normal.",Brain and optic nerve collected for histology.,NA,,Yes,Intracranial,NA,NA
KC,44761,29403-00,Sac for end date,NA,NA,NA,NA,Male,N-TVA::Cas9f/f,44602,44761,159,44602,RCAS Cre-U6sgRNA-ex2-NF1 (2/10/22 RE),,,,No,,,NA,N-TVA::Cas9f/f,"Brain, optic nerve",No,Yes,"HCI-22-29403 ON, HCI-22-29403 B",,,yes,,,,,NA,"No signs of disease. Brain, optic nerve, and all organs appeared normal.",Brain and optic nerve collected for histology.,NA,,Yes,Intracranial,NA,NA
KC,44761,29404-01,Sac for end date,NA,NA,NA,NA,Male,N-TVA::Cas9f/f,44602,44761,159,44602,RCAS Cre-U6sgRNA-ex2-NF1 (2/10/22 RE),,,,No,,,NA,N-TVA::Cas9f/f,"Brain, optic nerve",No,Yes,"HCI-22-29404 ON, HCI-22-29404 B",,,yes,,,,,NA,"No signs of disease. Brain, optic nerve, and all organs appeared normal.",Brain and optic nerve collected for histology.,NA,,Yes,Intracranial,NA,NA
RH,44326,25596-01,,,,,,Female`,N-TVA; Pten f/f; H11LSL-Cas9 f/f; Ink4a/Arf f/f; ATRX f/f,44174,44326,152,44175,RCAS Cre,,,,,,,,N-TVA; Pten f/f; H11LSL-Cas9 f/f; Ink4a/Arf f/f; ATRX f/f,Brain,No,Brain,,,,,,,,,,experimental endpoint,NA,NA,NA,NA,NA,NA,NA
KC,44761,29405-10,Sac for end date,NA,NA,NA,NA,Male,N-TVA::Cas9f/f,44602,44761,159,44602,RCAS Cre-U6sgRNA-ex2-NF1 (2/10/22 RE),,,,No,,,NA,N-TVA::Cas9f/f,"Brain, optic nerve",No,Yes,"HCI-22-29405 ON, HCI-22-29405 B",,,yes,,,,,NA,"No signs of disease. Brain, optic nerve, and all organs appeared normal.",Brain and optic nerve collected for histology.,NA,,Yes,Intracranial,NA,NA
KC,44761,29406-10,Sac for end date,NA,NA,NA,NA,Female,N-TVA::Cas9f/f;Inkf/f,44602,44761,159,44602,RCAS Cre-U6sgRNA-ex2-NF1 (2/10/22 RE),,,,No,,,NA,N-TVA::Cas9f/f;Inkf/f,"Brain, optic nerve",No,Yes,"HCI-22-29406 ON, HCI-22-29406 B",,,yes,,,,,NA,"No signs of disease. Brain, optic nerve, and all organs appeared normal.",Brain and optic nerve collected for histology.,NA,,Yes,Intracranial,NA,NA
KC,44795,29818-00,End Date,NA,NA,NA,NA,Female,N-TVA::Cas9f/f;Inkf/f,44643,44795,152,44644,RCAS Cre-U6sgRNA-ex2-NF1 3/24/22 (RE),,,,No,,,NA,N-TVA::Cas9f/f;Inkf/f,"Brain, Optic Nerve",No,Yes,,,1,yes,,,,,NA,Brain appeared normal,NA,NA,,Yes,Intracranial,NA,NA
KC,44795,29819-00,End Date,NA,NA,NA,NA,Male,N-TVA::Cas9f/f;Inkf/f,44643,44795,152,44644,RCAS Cre-U6sgRNA-ex2-NF1 3/24/22 (RE),,,,No,,,NA,N-TVA::Cas9f/f;Inkf/f,"Brain, Optic Nerve",No,Yes,,,1,yes,,,,,NA,Brain appeared normal,NA,NA,,Yes,Intracranial,NA,NA
KC,44795,29820-01,End Date,NA,NA,NA,NA,Male,N-TVA::Cas9f/f;Inkf/f,44643,44795,152,44644,RCAS Cre-U6sgRNA-ex2-NF1 3/24/22 (RE),,,,No,,,NA,N-TVA::Cas9f/f;Inkf/f,"Brain, Optic Nerve",No,Yes,,,1,yes,,,,,NA,Brain appeared normal,NA,NA,,Yes,Intracranial,NA,NA
KC,44795,29821-03,End Date,NA,NA,NA,NA,Male,N-TVA::Cas9f/f;Inkf/f,44643,44795,152,44644,RCAS Cre-U6sgRNA-ex2-NF1 3/24/22 (RE),,,,No,,,NA,N-TVA::Cas9f/f;Inkf/f,"Brain, Optic Nerve",No,Yes,,,1,yes,,,,,NA,Brain appeared normal,NA,NA,,Yes,Intracranial,NA,NA
KC,44795,29822-10,End Date,NA,NA,NA,NA,Male,N-TVA::Cas9f/f;Inkf/f,44643,44795,152,44644,RCAS Cre-U6sgRNA-ex2-NF1 3/24/22 (RE),,,,No,,,NA,N-TVA::Cas9f/f;Inkf/f,"Brain, Optic Nerve",No,Yes,,,1,yes,,,,,NA,Brain appeared normal,NA,NA,,Yes,Intracranial,NA,NA
KC,44842,30212-00,sacked for end date,NA,NA,NA,NA,Female,N-TVA::Cas9f/f;Inkf/f,44690,44841,151,44691,RCAS Cre-U6sgRNA-ex2-NF1 (5/10/22 RE),,,,No,,,NA,N-TVA::Cas9f/f;Inkf/f,"Brain, optic nerve",No,Yes,,,,,,,,,NA,Skull and brain appeared normal,NA,NA,,Yes,Intracranial,NA,NA
KC,44842,30213-00,sacked for end date,NA,NA,NA,NA,Male,N-TVA::Cas9f/f;Inkf/f,44690,44841,151,44691,RCAS Cre-U6sgRNA-ex2-NF1 (5/10/22 RE),,,,No,,,NA,N-TVA::Cas9f/f;Inkf/f,"Brain, optic nerve",No,Yes,,,,,,,,,NA,Skull and brain appeared normal,NA,NA,,Yes,Intracranial,NA,NA
KC,44842,30214-01,sacked for end date,NA,NA,NA,NA,Male,N-TVA::Cas9f/f;Inkf/f,44690,44841,151,44691,RCAS Cre-U6sgRNA-ex2-NF1 (5/10/22 RE),,,,No,,,NA,N-TVA::Cas9f/f;Inkf/f,"Brain, optic nerve, tumor",No,Yes,,,,,,,,,NA,"Tumor on outside of R hemisphere skull, brain appeared normal",NA,NA,,Yes,Intracranial,NA,NA
RH,44326,25597-00,,,,,,Male`,N-TVA; Pten f/f; H11LSL-Cas9 f/f; Ink4a/Arf f/f; ATRX f/f,44174,44326,152,44175,RCAS Cre,,,,,,,,N-TVA; Pten f/f; H11LSL-Cas9 f/f; Ink4a/Arf f/f; ATRX f/f,Brain,No,Brain,,,,,,,,,,experimental endpoint,NA,NA,NA,NA,NA,NA,NA
KC,44842,30215-03,sacked for end date,NA,NA,NA,NA,Male,N-TVA::Cas9f/f;Inkf/f,44690,44841,151,44691,RCAS Cre-U6sgRNA-ex2-NF1 (5/10/22 RE),,,,No,,,NA,N-TVA::Cas9f/f;Inkf/f,"Brain, optic nerve",No,Yes,,,,,,,,,NA,Skull and brain appeared normal,NA,NA,,Yes,Intracranial,NA,NA
KC,44842,30216-10,sacked for end date,NA,NA,NA,NA,Male,N-TVA::Cas9f/f;Inkf/f,44690,44841,151,44691,RCAS Cre-U6sgRNA-ex2-NF1 (5/10/22 RE),,,,No,,,NA,N-TVA::Cas9f/f;Inkf/f,"Brain, optic nerve",No,Yes,,,,,,,,,NA,Skull and brain appeared normal,NA,NA,,Yes,Intracranial,NA,NA
KC,44842,30217-11,sacked for end date,NA,NA,NA,NA,Male,N-TVA::Cas9f/f;Inkf/f,44690,44841,151,44691,RCAS Cre-U6sgRNA-ex2-NF1 (5/10/22 RE),,,,No,,,NA,N-TVA::Cas9f/f;Inkf/f,"Brain, optic nerve",No,Yes,,,,,,,,,NA,Skull and brain appeared normal,NA,NA,,Yes,Intracranial,NA,NA
KC,44842,30218-30,sacked for end date,NA,NA,NA,NA,Male,N-TVA::Cas9f/f;Inkf/f,44690,44841,151,44691,RCAS Cre-U6sgRNA-ex2-NF1 (5/10/22 RE),,,,No,,,NA,N-TVA::Cas9f/f;Inkf/f,"Brain, optic nerve",No,Yes,,,,,,,,,NA,Skull and brain appeared normal,NA,NA,,Yes,Intracranial,NA,NA
KC,44842,30232-00,sacked for end date,NA,NA,NA,NA,Female,N-TVA::Cas9f/f;Inkf/f;Tyr-CreTg/+,44691,44841,150,44691,RCAS Cre-U6sgRNA-ex2-NF1 (5/10/22 RE),,,,No,,,NA,N-TVA::Cas9f/f;Inkf/f;Tyr-CreTg/+,"Brain, optic nerve",No,Yes,,,,,,,,,NA,Skull and brain appeared normal,NA,NA,,Yes,Intracranial,NA,NA
KC,44842,30233-01,sacked for end date,NA,NA,NA,NA,Female,N-TVA::Cas9f/f;Inkf/f;Tyr-CreTg/+,44691,44841,150,44691,RCAS Cre-U6sgRNA-ex2-NF1 (5/10/22 RE),,,,No,,,NA,N-TVA::Cas9f/f;Inkf/f;Tyr-CreTg/+,"Brain, optic nerve",No,Yes,,,,,,,,,NA,Skull and brain appeared normal,NA,NA,,Yes,Intracranial,NA,NA
KC,44842,30234-00,sacked for end date,NA,NA,NA,NA,Male,N-TVA::Cas9f/f;Inkf/f;Tyr-CreTg/+,44691,44841,150,44691,RCAS Cre-U6sgRNA-ex2-NF1 (5/10/22 RE),,,,No,,,NA,N-TVA::Cas9f/f;Inkf/f;Tyr-CreTg/+,"Brain, optic nerve",No,Yes,,,,,,,,,NA,Skull and brain appeared normal,NA,NA,,Yes,Intracranial,NA,NA
KC,44842,30235-01,sacked for end date,NA,NA,NA,NA,Male,N-TVA::Cas9f/f;Inkf/f;Tyr-CreTg/+,44691,44841,150,44691,RCAS Cre-U6sgRNA-ex2-NF1 (5/10/22 RE),,,,No,,,NA,N-TVA::Cas9f/f;Inkf/f;Tyr-CreTg/+,"Brain, optic nerve",No,Yes,,,,,,,,,NA,Skull and brain appeared normal,NA,NA,,Yes,Intracranial,NA,NA
KC,44842,30236-10,sacked for end date,NA,NA,NA,NA,Male,N-TVA::Cas9f/f;Inkf/f;Tyr-CreTg/+,44691,44841,150,44691,RCAS Cre-U6sgRNA-ex2-NF1 (5/10/22 RE),,,,No,,,NA,N-TVA::Cas9f/f;Inkf/f;Tyr-CreTg/+,"Brain, optic nerve",No,Yes,,,,,,,,,NA,Skull and brain appeared normal,NA,NA,,Yes,Intracranial,NA,NA
KC,44842,30237-11,sacked for end date,NA,NA,NA,NA,Male,N-TVA::Cas9f/f;Inkf/f;Tyr-CreTg/+,44691,44841,150,44691,RCAS Cre-U6sgRNA-ex2-NF1 (5/10/22 RE),,,,No,,,NA,N-TVA::Cas9f/f;Inkf/f;Tyr-CreTg/+,"Brain, optic nerve",No,Yes,,,,,,,,,NA,Skull and brain appeared normal,NA,NA,,Yes,Intracranial,NA,NA
ZL,44228,25598,"swollen head, very sick (skinny and hunched over)",,,,,Male`,N-TVA; Pten f/f; H11LSL-Cas9 f/f; Ink4a/Arf f/f; ATRX f/f,44174,44228,54,44175,RCAS Cre-U6sgRNA-ex2-NF1,,,,No,44223,,,N-TVA; Pten f/f; H11LSL-Cas9 f/f; Ink4a/Arf f/f; ATRX f/f,Brain,No,full brain,HCI-20-25598,,,yes,,,,,No,Brain was completely hollow and extremely swollen full of clear liquid and blood. Harvested all in one piece. No sign of tumor.,NA,NA,NA,NA,NA,NA,NA
ZL,43971,22841,Mouse stopped moving,NA,NA,NA,NA,Male,N-TVA:Ptenf/f;ATRX+/+;H11-Cas9f/f;Ink4a/Arff/f,43878,43971,93,43881,RCAS Cre-U6sgRNA-ex2-NF1,NA,NA,NA,Partially paralyzed,43971,No,NA,N-TVA:Ptenf/f;ATRX+/+;H11-Cas9f/f;Ink4a/Arff/f,Brain,NA,Yes,HCI -20-22843-BR,NA,1,Yes,NA,NA,NA,NA,NA,NA,NA,NA,NA,Yes,intracranial,NA,NA
ZL,43993,22844-10,"Mishapen head, could not move",NA,NA,NA,NA,Male,N-TVA:Ptenf/f;ATRX+/+;H11-Cas9f/f;Ink4a/Arff/f,43878,43993,115,43881,RCAS Cre-U6sgRNA-ex2-NF1,NA,NA,NA,"Diffiulty moving and walking, mishapen head",43993,No,NA,N-TVA:Ptenf/f;ATRX+/+;H11-Cas9f/f;Ink4a/Arff/f,Brain,NA,Yes,HCI -20-22844-BR,NA,1,Yes,NA,NA,NA,NA,NA,NA,NA,NA,NA,Yes,intracranial,NA,NA
ZL,43983,22846,"Difficulty moving and breathing, mishapen head",NA,NA,NA,NA,Female,N-TVA;Pten f/+; Ink4a/Arff/+;ATRX-f/+;H11LSL-Cas9  f/+,43878,43983,105,43881,RCAS Cre-U6sgRNA-ex2-NF1,NA,NA,NA,"Difficulty moving, weirdly shaped head",43971,No,NA,N-TVA:Ptenf/f;ATRX+/+;H11-Cas9f/f;Ink4a/Arff/f,Brain,NA,Yes,HCI -20-22846-BR,NA,1,Yes,NA,NA,NA,NA,NA,NA,NA,NA,NA,Yes,intracranial,NA,NA
ZL,43997,22847-31,"Respiratory Issues, looked sick",NA,NA,NA,NA,Female,N-TVA:Ptenf/f;ATRX+/+;H11-Cas9f/f;Ink4a/Arff/f,43878,43997,119,43881,RCAS Cre-U6sgRNA-ex2-NF1,NA,NA,NA,"Respiratory Issues, looked sick",43993,No,NA,N-TVA:Ptenf/f;ATRX+/+;H11-Cas9f/f;Ink4a/Arff/f,Brain,NA,Yes,HCI -20-22847-BR,NA,1,Yes,NA,NA,NA,NA,NA,NA,NA,NA,NA,Yes,intracranial,NA,NA
ZL,43999,22921-00,Respiratory Issues and paralyzed,NA,NA,NA,NA,Female,N-TVA:Ptenf/f;ATRXf/f;H11-Cas9f/f;Ink4a/Arff/f,43893,43999,106,43895,RCAS Cre-U6sgRNA-ex2-NF1,NA,NA,NA,Respiratory Issues and paralyzed no domed head observed,43993,No,NA,N-TVA:Ptenf/f;ATRXf/f;H11-Cas9f/f;Ink4a/Arff/f,Brain,NA,Yes,HCI -20-22921-BR,NA,1,Yes,NA,NA,NA,NA,NA,NA,NA,NA,NA,Yes,intracranial,NA,NA
ZL,44043,22922-00,Healthy,NA,NA,NA,NA,Female,N-TVA:Ptenf/f;ATRX f/f;H11-Cas9f/f;Ink4a/Arff/f,43893,44043,150,43895,RCAS Cre-U6sgRNA-ex2-NF1,NA,NA,NA,Brain and behavior was normal,N/A,No,NA,N-TVA:Ptenf/f;ATRX f/f;H11-Cas9f/f;Ink4a/Arff/f,Brain,NA,Yes,NA,NA,1,Yes,NA,NA,NA,NA,NA,NA,NA,NA,NA,Yes,intracranial,NA,NA
ZL,43997,22923-01,paralysis + large tumor in/over eye,NA,NA,NA,NA,Female,N-TVA:Ptenf/f;ATRXf/f;H11-Cas9f/f;Ink4a/Arff/f,43893,44008,115,43895,RCAS Cre-U6sgRNA-ex2-NF1,NA,NA,NA,brain looked normal,43997,No,NA,N-TVA:Ptenf/f;ATRXf/f;H11-Cas9f/f;Ink4a/Arff/f,Brain,NA,Yes,HCI -20-22923-BR,NA,1,Yes,NA,NA,NA,NA,NA,NA,NA,NA,NA,Yes,intracranial,NA,NA
ZL,44043,22924-03,Healthy,NA,NA,NA,NA,Female,N-TVA:Ptenf/f;ATRX f/f;H11-Cas9f/f;Ink4a/Arff/f,43893,44043,150,43895,RCAS Cre-U6sgRNA-ex2-NF1,NA,NA,NA,Mouse behavior normal. Small tumor on left cranial nerve,N/A,No,NA,N-TVA:Ptenf/f;ATRX f/f;H11-Cas9f/f;Ink4a/Arff/f,Brain,NA,Yes,NA,NA,1,Yes,NA,NA,NA,NA,NA,NA,NA,NA,NA,Yes,intracranial,NA,NA
GP,43975,22925-00,"protruding rectum, difficulty walking",NA,NA,NA,NA,Male,N-TVA;Ptenf/f;ATRXf/f;Cas9f/f;Ink4af/f,43893,44000,107,43895,RCAS Cre-U6sgRNA-ex2-NF1 (HW 3/5/20),NA,NA,NA,"Yes,  large white mass under brain. Rick thinks enlarged pituitary",43997,No,NA,N-TVA;Ptenf/f;ATRXf/f;Cas9f/f;Ink4af/f,Brain,NA,Yes,HCI-22925-BR,NA,1,Yes,NA,NA,NA,NA,NA,NA,NA,NA,NA,Yes,intracranial,NA,NA
RH,44223,25025-00,"lethargic, domed head, hunched back",,,,,Female`,N-TVA; Pten f/f; H11LSL-Cas9 f/f; Ink4a/Arf f/f; ATRX f/f,44117,44223,106,44118,RCAS Cre-U6sgRNA-ex2-NF1,,,,Yes,44217,,,N-TVA; Pten f/f; H11LSL-Cas9 f/f; Ink4a/Arf f/f; ATRX f/f,"Brain, spinal cord/brain stem",No,full brain,HCI-20-25025,,,yes,,,,,No,"brain looked hollow, fixed the entire brain just incase it was a rare brain tumor. Brainstem/spinal chord looked enlarged. Not a big enough tumor to justify fixing and freezing a portion, so I just trypsinized it for a cell line.",NA,NA,NA,NA,NA,NA,NA
RH,44336,25687-00,,,,,,Female`,N-TVA; Pten f/f; H11LSL-Cas9 f/f; Ink4a/Arf f/f; ATRX +/+,44184,44336,152,44187,RCAS Cre U6 sgRNA Ex2 NF1,,,,,,,,N-TVA; Pten f/f; H11LSL-Cas9 f/f; Ink4a/Arf f/f; ATRX +/+,Brain,No,Brain,,,,,,,,,,"no abnormalities upon necropsy, sacked for experimental endpoint",NA,NA,NA,NA,NA,NA,NA
GP,43975,22926-01,Large tumor invading left eye/domed head,NA,NA,NA,NA,Male,N-TVA;Ptenf/f;ATRXf/f;Cas9f/f;Ink4af/f,43893,43975,82,43895,RCAS Cre-U6sgRNA-ex2-NF1 (HW 3/5/20),NA,NA,NA,Yes,43975,No,NA,N-TVA;Ptenf/f;ATRXf/f;Cas9f/f;Ink4af/f,"Brain, extracranial tumor",NA,Yes,NA,NA,1,Yes,NA,NA,NA,NA,NA,NA,NA,NA,NA,Yes,intracranial,NA,NA
ZL,43988,23021-00,"Large domed head and disfigurement, difficulty moving back legs",NA,NA,NA,NA,Male,N-TVA;Ptenf/f;ATRXf/f;Cas9f/f;Ink4af/f,43893,43988,95,43895,RCAS Cre-U6sgRNA-ex2-NF1,NA,NA,NA,"Uppon Necropsy massive tumor enveloping brain, face, and growing outside skull",43975,No,NA,N-TVA;Ptenf/f;ATRXf/f;Cas9f/f;Ink4af/f,Brain,NA,Yes,HCI -20-23021-BR,NA,1,Yes,NA,NA,NA,NA,NA,NA,NA,NA,NA,Yes,intracranial,NA,NA
ZL,44076,23269-00,Experimental end date,NA,NA,NA,NA,Female,N-TVA:Ptenf/f;ATRX f/f;H11-Cas9f/f;Ink4a/Arff/f,43922,44076,154,43926,RCAS Cre-U6sgRNA-ex2-NF1,NA,NA,NA,Brain looked perfectly normal,N/A,No,NA,N-TVA:Ptenf/f;ATRX f/f;H11-Cas9f/f;Ink4a/Arff/f,Brain,NA,Yes,NA,NA,1,Yes,NA,NA,NA,NA,NA,NA,NA,NA,NA,Yes,intracranial,NA,NA
ZL,44013,23270-00,Mouse was fully paralyzed,NA,NA,NA,NA,Female,N-TVA:Ptenf/f;ATRXf/f;H11-Cas9f/f;Ink4a/Arff/f,43938,44013,75,43944,RCAS Cre-U6sgRNA-ex2-NF1,NA,NA,NA,Brain looked relatively normal,44011,No,NA,N-TVA:Ptenf/f;ATRXf/f;H11-Cas9f/f;Ink4a/Arff/f,Brain,NA,Yes,HCI -20-23270-BR,NA,1,Yes,NA,NA,NA,NA,NA,NA,NA,NA,NA,Yes,intracranial,NA,NA
ZL,44033,23271-00,"Slightly disfigured face, swollen eyes (no tumor seen outside skull), and paralyzed",NA,NA,NA,NA,Female,N-TVA:Ptenf/f;ATRXf/f;H11-Cas9f/f;Ink4a/Arff/f,43922,44033,111,43926,RCAS Cre-U6sgRNA-ex2-NF1,NA,NA,NA,Indentation on top of head between lobes was filled with liquid,44033,No,NA,N-TVA:Ptenf/f;ATRXf/f;H11-Cas9f/f;Ink4a/Arff/f,Brain,NA,Yes,HCI -20-23271-BR,NA,1,Yes,NA,NA,NA,NA,NA,NA,NA,NA,NA,Yes,intracranial,NA,NA
ZL,44025,23286-00,Completely paralyzed,NA,NA,NA,NA,Female,N-TVA:Ptenf/f;ATRXf/f;H11-Cas9f/f;Ink4a/Arff/f,43924,44025,101,43926,RCAS Cre-U6sgRNA-ex2-NF1,NA,NA,NA,Slightly enlarged cranial nerves but brain looked normal,43999,No,NA,N-TVA:Ptenf/f;ATRXf/f;H11-Cas9f/f;Ink4a/Arff/f,Brain,NA,Yes,HCI -20-23286-BR,NA,1,Yes,NA,NA,NA,NA,NA,NA,NA,NA,NA,Yes,intracranial,NA,NA
ZL,44013,23287-01,"Large tumor growing through eye, eye burst open.",NA,NA,NA,NA,Female,N-TVA:Ptenf/f;ATRXf/f;H11-Cas9f/f;Ink4a/Arff/f,43924,44013,89,43926,RCAS Cre-U6sgRNA-ex2-NF1,NA,NA,NA,Large white mass underneath brain and enveloping cranial nerves. Tumor present outside skull on eye as well.,43999,No,NA,N-TVA:Ptenf/f;ATRXf/f;H11-Cas9f/f;Ink4a/Arff/f,Brain,NA,Yes,HCI -20-23287-BR,NA,1,Yes,NA,NA,NA,NA,NA,NA,NA,NA,NA,Yes,intracranial,NA,NA
ZL,43997,23288-03,"Very large domed head, disfigurement, growth over eye and paralyzation of back legs.",NA,NA,NA,NA,Female,N-TVA:Ptenf/f;ATRXf/f;H11-Cas9f/f;Ink4a/Arff/f,43924,43997,73,43926,RCAS Cre-U6sgRNA-ex2-NF1,NA,NA,NA,Paralyzation and large growth coming out of head,43986,No,NA,N-TVA:Ptenf/f;ATRXf/f;H11-Cas9f/f;Ink4a/Arff/f,Brain,NA,Yes,HCI -20-23288-BR,NA,1,Yes,NA,NA,NA,NA,NA,NA,NA,NA,NA,Yes,intracranial,NA,NA
ZL,44001,23289-10,Paralyzed,NA,NA,NA,NA,Female,N-TVA:Ptenf/f;ATRXf/f;H11-Cas9f/f;Ink4a/Arff/f,43924,44001,77,43926,RCAS Cre-U6sgRNA-ex2-NF1,NA,NA,NA,Animal was found paralyzed with inability to move any of its body from the front legs down.,43993,No,NA,N-TVA:Ptenf/f;ATRXf/f;H11-Cas9f/f;Ink4a/Arff/f,Brain,NA,Yes,HCI -20-23289-BR,NA,1,Yes,NA,NA,NA,NA,NA,NA,NA,NA,NA,Yes,intracranial,NA,NA
ZL,44025,23290-30,Completely paralyzed,NA,NA,NA,NA,Female,N-TVA:Ptenf/f;ATRXf/f;H11-Cas9f/f;Ink4a/Arff/f,43924,44025,101,43926,RCAS Cre-U6sgRNA-ex2-NF1,NA,NA,NA,Slightly enlarged cranial nerves but brain looked normal,43999,No,NA,N-TVA:Ptenf/f;ATRXf/f;H11-Cas9f/f;Ink4a/Arff/f,Brain,NA,Yes,HCI -20-23290-BR,NA,1,Yes,NA,NA,NA,NA,NA,NA,NA,NA,NA,Yes,intracranial,NA,NA
RH,44336,25688-01,,,,,,Female`,N-TVA; Pten f/f; H11LSL-Cas9 f/f; Ink4a/Arf f/f; ATRX +/+,44184,44336,152,44187,RCAS Cre U6 sgRNA Ex2 NF1,,,,,,,,N-TVA; Pten f/f; H11LSL-Cas9 f/f; Ink4a/Arf f/f; ATRX +/+,"Brain, head tumor",No,Brain,,,,,,,,,,"tumor on top of head first observed on 5/19/21, sacked 5/20/21 for experimental endpoint, everything else looks normal upon necropsy, froze part of head tumor and made cell line with it.",NA,NA,NA,NA,NA,NA,NA
ZL,44012,23291-11,"Effectively blind, tumors on face and head completely swelled eyes shut.",NA,NA,NA,NA,Female,N-TVA:Ptenf/f;ATRXf/f;H11-Cas9f/f;Ink4a/Arff/f,43924,44011,87,43926,RCAS Cre-U6sgRNA-ex2-NF1,NA,NA,NA,Blind and disfigured from tumors growing on head,44011,No,NA,N-TVA:Ptenf/f;ATRXf/f;H11-Cas9f/f;Ink4a/Arff/f,Brain,NA,Yes,HCI -20-23291-BR,NA,1,Yes,NA,NA,NA,NA,NA,NA,NA,NA,NA,Yes,intracranial,NA,NA
ZL,44069,23292-33,Mouse was completely paralyzed,NA,NA,NA,NA,Male,N-TVA:Ptenf/f;ATRX f/f;H11-Cas9f/f;Ink4a/Arff/f,43924,44069,145,43926,RCAS Cre-U6sgRNA-ex2-NF1,NA,NA,NA,Brain looked perfectly normal,44068,No,NA,N-TVA:Ptenf/f;ATRX f/f;H11-Cas9f/f;Ink4a/Arff/f,Brain,NA,Yes,NA,NA,1,Yes,NA,NA,NA,NA,NA,NA,NA,NA,NA,Yes,intracranial,NA,144
ZL,43997,23293-01,"Difficulty breathing, looked sick, slightly mishapen head.",NA,NA,NA,NA,Male,N-TVA:Ptenf/f;ATRXf/f;H11-Cas9f/f;Ink4a/Arff/f,43924,44008,84,43926,RCAS Cre-U6sgRNA-ex2-NF1,NA,NA,NA,"Bottom of brain was completely mush, normal tissue present and underneath brain grey/white mush slightly attached to brain",43998,No,NA,N-TVA:Ptenf/f;ATRXf/f;H11-Cas9f/f;Ink4a/Arff/f,Brain,NA,Yes,HCI -20-23293-BR,NA,1,Yes,NA,NA,NA,NA,NA,NA,NA,NA,NA,Yes,intracranial,NA,NA
ZL,44033,23294-00,Very large tumor growing outside of skull + complete paralysis,NA,NA,NA,NA,Female,N-TVA:Ptenf/f;ATRXf/f;H11-Cas9f/f;Ink4a/Arff/f,43924,44033,109,43926,RCAS Cre-U6sgRNA-ex2-NF1,NA,NA,NA,Very large tumor growing out of bone on skull at location of injection. Enlarged cranial nerve on posterior right side of head.,44033,No,NA,N-TVA:Ptenf/f;ATRXf/f;H11-Cas9f/f;Ink4a/Arff/f,Brain,NA,Yes,HCI -20-23294-BR,NA,1,Yes,NA,NA,NA,NA,NA,NA,NA,NA,NA,Yes,intracranial,NA,NA
ZL,44039,23295-00,3-4 Tumors on head larger than 2 cm,NA,NA,NA,NA,Female,N-TVA:Ptenf/f;ATRXf/f;H11-Cas9f/f;Ink4a/Arff/f,43924,44039,115,43926,RCAS Cre-U6sgRNA-ex2-NF1,,,,Brain slightly smaller than would be expected but otherwise normal,43998Slight domed head noticed,No,NA,N-TVA:Ptenf/f;ATRXf/f;H11-Cas9f/f;Ink4a/Arff/f,Brain,NA,Yes,,,1,Yes,,,,,NA,,,NA,,Yes,intracranial,NA,NA
ZL,43997,23296-01,"complete paralysis, and extreme hunched back",NA,NA,NA,NA,Female,N-TVA:Ptenf/f;ATRXf/f;H11-Cas9f/f;Ink4a/Arff/f,43924,44008,84,43926,RCAS Cre-U6sgRNA-ex2-NF1,NA,NA,NA,brain looked normal if a little weird shaped.,43999,No,NA,N-TVA:Ptenf/f;ATRXf/f;H11-Cas9f/f;Ink4a/Arff/f,Brain,NA,Yes,HCI -20-23296-BR,NA,1,Yes,NA,NA,NA,NA,NA,NA,NA,NA,NA,Yes,intracranial,NA,NA
ZL,44064,23821-00,TVA- Sacked as a control,NA,NA,NA,NA,Female,N-TVA:Ptenf/f;ATRX +/+;H11-Cas9f/f;Ink4a/Arff/f,43979,44064,85,43980,RCAS Cre-U6sgRNA-ex2-NF1,NA,NA,NA,Evrything appeared normal,N/A,No,NA,N-TVA:Ptenf/f;ATRX +/+;H11-Cas9f/f;Ink4a/Arff/f,Brain,NA,Yes,NA,NA,1,Yes,NA,NA,NA,NA,NA,NA,NA,NA,NA,Yes,intracranial,NA,NA
ZL,44020,23298-00,Completely paralyzed,NA,NA,NA,NA,Male,N-TVA:Ptenf/f;ATRXf/f;H11-Cas9f/f;Ink4a/Arff/f,43924,44020,96,43926,RCAS Cre-U6sgRNA-ex2-NF1,NA,NA,NA,"Completely paralyzed, unable to void properly, brain looked normal.",44018,No,NA,N-TVA:Ptenf/f;ATRXf/f;H11-Cas9f/f;Ink4a/Arff/f,Brain,NA,Yes,HCI -20-23298-BR,NA,1,Yes,NA,NA,NA,NA,NA,NA,NA,NA,NA,Yes,intracranial,NA,NA
ZL,44050,23822-01,Completely paralyzed,NA,NA,NA,NA,Female,N-TVA:Ptenf/f;ATRX +/+;H11-Cas9f/f;Ink4a/Arff/f,43979,44054,75,43980,RCAS Cre-U6sgRNA-ex2-NF1,NA,NA,NA,"slight domed head with liquid, small necrotic tumor on cranial nerve.",44039,No,NA,N-TVA:Ptenf/f;ATRX +/+;H11-Cas9f/f;Ink4a/Arff/f,Brain,NA,Yes,NA,NA,1,Yes,NA,NA,NA,NA,NA,NA,NA,NA,NA,Yes,intracranial,NA,60
ZL,43994,23300-03,"Mouse could not move hind legs or front of body, difficulty walking",NA,NA,NA,NA,Male,N-TVA:Ptenf/f;ATRXf/f;H11-Cas9f/f;Ink4a/Arff/f,43924,43994,70,43926,RCAS Cre-U6sgRNA-ex2-NF1,NA,NA,NA,Diffiulty moving and walking,43994,No,NA,N-TVA:Ptenf/f;ATRXf/f;H11-Cas9f/f;Ink4a/Arff/f,Brain,NA,Yes,HCI -20-23300-BR,NA,1,Yes,NA,NA,NA,NA,NA,No domed head was noted,NA,NA,NA,Yes,intracranial,NA,NA
ZL,44237,25689-03,Paralyzed,,,,,Female`,N-TVA; Pten f/f; H11LSL-Cas9 f/f; Ink4a/Arf f/f; ATRX +/+,44184,44237,53,44552,RCAS Cre-U6sgRNA-ex2-NF1,,,,No,2/9/2021 (paralysis),,,N-TVA; Pten f/f; H11LSL-Cas9 f/f; Ink4a/Arf f/f; ATRX +/+,Brain,No,full brain,HCI-20-25689,,,yes,,,,,No,"Brain looked normal, no tumor noted anywhere on body/spinal cord.",NA,NA,NA,NA,NA,NA,NA
ZL,44013,23301-10,Paralyzed and difficulty breathing.,NA,NA,NA,NA,male,N-TVA:Ptenf/f;ATRXf/f;H11-Cas9f/f;Ink4a/Arff/f,43924,44029,105,43926,RCAS Cre-U6sgRNA-ex2-NF1,NA,NA,NA,Brain and spinal cord looked normal. Cranial nerves on left posterior portion slightly enlarged.,44020,No,NA,N-TVA:Ptenf/f;ATRXf/f;H11-Cas9f/f;Ink4a/Arff/f,Brain,NA,Yes,HCI -20-23301-BR,NA,1,Yes,NA,NA,NA,NA,NA,NA,NA,NA,NA,Yes,intracranial,NA,NA
ZL,44008,23397-00,complete paralysis + very hunched back,NA,NA,NA,NA,Female,N-TVA:Ptenf/f;ATRX+/+;H11-Cas9f/f;Ink4a/Arff/f,43931,44008,77,43932,RCAS Cre-U6sgRNA-ex2-NF1,NA,NA,NA,:arge white tumor underneath left parietal lobe,43990,No,NA,N-TVA:Ptenf/f;ATRX+/+;H11-Cas9f/f;Ink4a/Arff/f,Brain,NA,Yes,HCI -20-23397-BR,NA,1,Yes,NA,NA,NA,NA,NA,NA,NA,NA,NA,Yes,intracranial,NA,NA
ZL,44047,23399,No symptoms TVA-,NA,NA,NA,NA,Male,N-TVA:Ptenf/f;ATRX +/+;H11-Cas9f/f;Ink4a/Arff/f,43931,44047,116,43932,RCAS Cre-U6sgRNA-ex2-NF1,NA,NA,NA,No,N/A,No,NA,N-TVA:Ptenf/f;ATRX +/+;H11-Cas9f/f;Ink4a/Arff/f,"Brain, spinal cord intact",NA,Yes,NA,NA,1,NO,NA,NA,NA,NA,NA,NA,NA,NA,NA,Yes,intracranial,NA,NA
ZL,43983,23400,Mouse had difficulty moving and breathing,NA,NA,NA,NA,Male,N-TVA:Ptenf/f;ATRX+/+;H11-Cas9f/f;Ink4a/Arff/f,43931,43983,52,43881,RCAS Cre-U6sgRNA-ex2-NF1,NA,NA,NA,Diffiulty moving and walking,43971,No,NA,N-TVA:Ptenf/f;ATRX+/+;H11-Cas9f/f;Ink4a/Arff/f,Brain,NA,Yes,HCI -20-23400-BR,NA,1,Yes,NA,NA,NA,NA,NA,NA,NA,NA,NA,Yes,intracranial,NA,NA
ZL,44085,23460-00,Prolapsed Uterus,NA,NA,NA,NA,Female,N-TVA:Ptenf/f;ATRX +/+;H11-Cas9f/f;Ink4a/Arff/f,43939,44083,144,43941,RCAS Cre-U6sgRNA-ex2-NF1,NA,NA,NA,Brain looked perfectly normal,N/A,No,NA,N-TVA:Ptenf/f;ATRX +/+;H11-Cas9f/f;Ink4a/Arff/f,Brain,NA,Yes,NA,NA,1,Yes,NA,NA,NA,NA,NA,NA,NA,NA,NA,Yes,intracranial,NA,NA
ZL,44001,23461-01,Paralyzed,NA,NA,NA,NA,Female,N-TVA:Ptenf/f;ATRX +/+;H11-Cas9f/f;Ink4a/Arff/f,43939,44001,62,43941,RCAS Cre-U6sgRNA-ex2-NF1,NA,NA,NA,Animal was found paralyzed with inability to move any of its body from the front legs down.  Difficulty breathing,43993,No,NA,N-TVA:Ptenf/f;ATRX+/+;H11-Cas9f/f;Ink4a/Arff/f,Brain,NA,Yes,HCI -20-23461-BR,NA,1,Yes,NA,NA,NA,NA,NA,NA,NA,NA,NA,Yes,intracranial,NA,NA
ZL,44012,23463-00,"Mouse looked sick, blood coming out of ears and extrememly large tumor growth on skull.",NA,NA,NA,NA,Male,N-TVA:Ptenf/f;ATRX+/+;H11-Cas9f/f;Ink4a/Arff/f,43939,44011,72,43941,RCAS Cre-U6sgRNA-ex2-NF1,NA,NA,NA,Brain looked small with part of skull caved in under tumor. Extremely large tumor mass found surroundiong entire skull.,43994,No,NA,N-TVA:Ptenf/f;ATRX+/+;H11-Cas9f/f;Ink4a/Arff/f,Brain,NA,Yes,HCI -20-23463-BR,NA,1,Yes,NA,NA,NA,NA,NA,NA,NA,NA,NA,Yes,intracranial,NA,NA
ZL,44020,23464-01,Paralyzed with small tumor growing on eye,NA,NA,NA,NA,Male,N-TVA:Ptenf/f;ATRX+/+;H11-Cas9f/f;Ink4a/Arff/f,43939,44020,81,43941,RCAS Cre-U6sgRNA-ex2-NF1,NA,NA,NA,Paralyzed with small tumor growing on face. No apparent tumor on skull brain looked normal.,43986,No,NA,N-TVA:Ptenf/f;ATRX+/+;H11-Cas9f/f;Ink4a/Arff/f,Brain,NA,Yes,HCI -20-23464-BR,NA,1,Yes,NA,NA,NA,NA,NA,NA,NA,NA,NA,Yes,intracranial,NA,NA
ZL,44012,23465-03,"Mouse looked sick, blood coming out of ears and extrememly large tumor growth on skull.",NA,NA,NA,NA,Male,N-TVA:Ptenf/f;ATRX+/+;H11-Cas9f/f;Ink4a/Arff/f,43939,44011,72,43941,RCAS Cre-U6sgRNA-ex2-NF1,NA,NA,NA,Brain looked small with part of skull caved in under tumor. Extremely large tumor mass found surroundiong entire skull.,43994,No,NA,N-TVA:Ptenf/f;ATRX+/+;H11-Cas9f/f;Ink4a/Arff/f,Brain,NA,Yes,HCI -20-23465-BR,NA,1,Yes,NA,NA,NA,NA,NA,NA,NA,NA,NA,Yes,intracranial,NA,NA
ZL,44033,23466-10,"Lack of grooming, difficulty breathing, looked weak and sickly.",NA,NA,NA,NA,male,N-TVA:Ptenf/f;ATRX +/+;H11-Cas9f/f;Ink4a/Arff/f,43939,44033,94,43941,RCAS Cre-U6sgRNA-ex2-NF1,NA,NA,NA,Brain looked gray and pale but otherwise normal.,6/4/2020 (noticed animal looked sickly),No,NA,N-TVA:Ptenf/f;ATRX +/+;H11-Cas9f/f;Ink4a/Arff/f,Brain,NA,Yes,HCI -20-23466-BR,NA,1,Yes,NA,NA,NA,NA,NA,NA,NA,NA,NA,Yes,intracranial,NA,NA
RH,44277,25693-10,,,,,,Male`,N-TVA; Pten f/f; H11LSL-Cas9 f/f; Ink4a/Arf f/f; ATRX +/+,44184,44277,93,44187,RCAS Cre U6 sgRNA Ex2 NF1,,,,hind legs were partially paralyzed,,,,N-TVA; Pten f/f; H11LSL-Cas9 f/f; Ink4a/Arf f/f; ATRX +/+,Brain,No,Brain,,,,,,,,,,"One cranial nerve looked enlarged. Not quite big enough to try to also freeze and make a cell line from, and lost it when changing from formalin to EtOH.",NA,NA,NA,NA,NA,NA,NA
ZL,44048,23467-00,"Domed head, weak and sickly, difficulty breathing",NA,NA,NA,NA,Female,N-TVA:Ptenf/f;ATRX f/f;H11-Cas9f/f;Ink4a/Arff/f,43940,44048,108,43941,RCAS Cre-U6sgRNA-ex2-NF1,NA,NA,NA,Very large tumor underneath brain emanating from left optic cranial nerve,44020,No,NA,N-TVA:Ptenf/f;ATRX f/f;H11-Cas9f/f;Ink4a/Arff/f,Brain,NA,Yes,NA,NA,1,Yes,NA,NA,NA,NA,NA,NA,NA,NA,NA,Yes,intracranial,NA,80
ZL,44069,23468-00,Mouse was very sick difficulty breathing,NA,NA,NA,NA,Female,N-TVA:Ptenf/f;ATRX f/f;H11-Cas9f/f;Ink4a/Arff/f,43970,44069,99,43941,RCAS Cre-U6sgRNA-ex2-NF1,NA,NA,NA,Brain looked perfectly normal,44069,No,NA,N-TVA:Ptenf/f;ATRX f/f;H11-Cas9f/f;Ink4a/Arff/f,Brain,NA,Yes,NA,NA,1,Yes,NA,NA,NA,NA,NA,NA,NA,NA,NA,Yes,intracranial,NA,99
RH,44028,23469,paralyzed lower limbs,NA,NA,NA,NA,Male,N-TVA:Ptenf/f;ATRXf/f;H11-Cas9f/f;Ink4a/Arff/f,43940,44028,88,43941,RCAS Cre-U6sgRNA-ex2-NF1,NA,NA,NA,"Slightly enlarged cranial nerves but brain looked normal, mouse was paralyzed","7/15/2020, paralysis noted",No,NA,N-TVA:Ptenf/f;ATRXf/f;H11-Cas9f/f;Ink4a/Arff/f,"Brain, spinal cord",NA,Yes,HCI -20-23469-BR,NA,1,Yes,NA,NA,NA,NA,NA,NA,HCI-20-23469-SpCo,NA,NA,Yes,intracranial,NA,NA
ZL,44012,23470-00,Paralyzed + disfiguremnt from ttumors on face,NA,NA,NA,NA,Male,N-TVA:Ptenf/f;ATRXf/f;H11-Cas9f/f;Ink4a/Arff/f,43940,44011,71,43941,RCAS Cre-U6sgRNA-ex2-NF1,NA,NA,NA,"Was paralyzed, had tumor growing outside the skull (small), and large white mass found underneath brain.",43994,No,NA,N-TVA:Ptenf/f;ATRXf/f;H11-Cas9f/f;Ink4a/Arff/f,Brain,NA,Yes,HCI -20-23470-BR,NA,1,Yes,NA,NA,NA,NA,NA,NA,NA,NA,NA,Yes,intracranial,NA,NA
ZL,44012,23522-03,Completely paralyzed,NA,NA,NA,NA,Female,N-TVA:Ptenf/f;ATRXf/f;H11-Cas9f/f;Ink4a/Arff/f,43943,44011,68,43944,RCAS Cre-U6sgRNA-ex2-NF1,NA,NA,NA,Completely paralyzed,44011,No,NA,N-TVA:Ptenf/f;ATRXf/f;H11-Cas9f/f;Ink4a/Arff/f,Brain,NA,Yes,HCI -20-23522-BR,NA,1,Yes,NA,NA,NA,NA,NA,NA,NA,NA,NA,Yes,intracranial,NA,NA
ZL,44001,23523-01,Paralyzed,NA,NA,NA,NA,Female,N-TVA:Ptenf/f;ATRX f/f;H11-Cas9f/f;Ink4a/Arff/f,43943,44001,58,43944,RCAS Cre-U6sgRNA-ex2-NF1,NA,NA,NA,paralyzed,43993,No,NA,N-TVA:Ptenf/f;ATRXf/f;H11-Cas9f/f;Ink4a/Arff/f,Brain,NA,Yes,HCI -20-23523-BR,NA,1,Yes,NA,NA,NA,NA,NA,NA,NA,NA,NA,Yes,intracranial,NA,NA
RH,44028,23524,Right eye is enlarged and could rupture,NA,NA,NA,NA,Male,N-TVA:Ptenf/f;ATRXf/f;H11-Cas9f/f;Ink4a/Arff/f,43943,44028,85,43944,RCAS Cre-U6sgRNA-ex2-NF1,NA,NA,NA,Tumor behind right eye. Looks like a tumor of the occular nerve. Brain looks normal otherwise.,44020,No,NA,N-TVA:Ptenf/f;ATRXf/f;H11-Cas9f/f;Ink4a/Arff/f,"Brain, eye, spinal cord (not intact)",NA,Yes,HCI -20-23524-BR,NA,1,Yes,NA,NA,NA,NA,NA,NA,HCI-20-23524-SpCo,HCI-20-23524-Ey,NA,Yes,intracranial,NA,NA
ZL,44091,23525,Bloody cutaneous tumro growing on side,NA,NA,NA,NA,Male,N-TVA:Ptenf/f;ATRX f/f;H11-Cas9f/f;Ink4a/Arff/f,43943,44091,148,43944,RCAS Cre-U6sgRNA-ex2-NF1,NA,NA,NA,Tumor present on side of body weird fatty skin growth. Brain looked normal,44063,No,NA,N-TVA:Ptenf/f;ATRX f/f;H11-Cas9f/f;Ink4a/Arff/f,"Tumor and brain, tumor tissue frozen, cell line started, and formalin fixed",NA,Yes,NA,NA,1,Yes,NA,NA,NA,NA,NA,NA,NA,NA,NA,Yes,intracranial,NA,120
ZL,44012,23526-000,Paralyzed with large tumor growing on skull,NA,NA,NA,NA,Female,N-TVA:Ptenf/f;ATRXf/f;H11-Cas9f/f;Ink4a/Arff/f,43943,44018,75,43944,RCAS Cre-U6sgRNA-ex2-NF1,NA,NA,NA,"Completely paralyzed, and large tumor covering entired skull. Brain underneath skull appeared normal",44011,No,NA,N-TVA:Ptenf/f;ATRXf/f;H11-Cas9f/f;Ink4a/Arff/f,Brain,NA,Yes,HCI -20-23526-BR,NA,1,Yes,NA,NA,NA,NA,NA,NA,NA,NA,NA,Yes,intracranial,NA,NA
ZL,44039,23527-01,Complete paralysis,NA,NA,NA,NA,Male,N-TVA:Ptenf/f;ATRXf/f;H11-Cas9f/f;Ink4a/Arff/f,43943,44039,96,43944,RCAS Cre-U6sgRNA-ex2-NF1,,,,Hollow left hemisphere maybe filled with liquid + tumor on right posterior cranial nerve,43986Slight domed head noticed,No,NA,N-TVA:Ptenf/f;ATRXf/f;H11-Cas9f/f;Ink4a/Arff/f,Brain,NA,Yes,,,1,Yes,,,,,NA,,,NA,,Yes,intracranial,NA,NA
RH,44284,25695-11,,,,,,Male`,N-TVA; Pten f/f; H11LSL-Cas9 f/f; Ink4a/Arf f/f; ATRX +/+,44184,44284,100,44187,RCAS Cre U6 sgRNA Ex2 NF1,,,,"limited mobility noticed, later tumor noticed on back",44270,,,N-TVA; Pten f/f; H11LSL-Cas9 f/f; Ink4a/Arf f/f; ATRX +/+,Brain and lower back tumor,No,Brain and tumor,,,,,,,,,,Found dead on a Monday. No conditions noticed on Friday. Could have died over weekend.,NA,NA,NA,NA,NA,NA,NA
ZL,44050,23528-03,"difficulty breathing, domed head, sick",NA,NA,NA,NA,Male,N-TVA:Ptenf/f;ATRX f/f;H11-Cas9f/f;Ink4a/Arff/f,43943,44054,111,43944,RCAS Cre-U6sgRNA-ex2-NF1,NA,NA,NA,"small tumor ontop of skull, brain looked normal",44047,No,NA,N-TVA:Ptenf/f;ATRX f/f;H11-Cas9f/f;Ink4a/Arff/f,Brain,NA,Yes,NA,NA,1,Yes,NA,NA,NA,NA,NA,NA,NA,NA,NA,Yes,intracranial,NA,104
ZL,44053,23783-03,Completely paralyzed? Animal was found dead but had weakness in legs beforehand,NA,NA,NA,NA,Female,N-TVA:Ptenf/f;ATRX +/+;H11-Cas9f/f;Ink4a/Arff/f,43974,44052,78,43975,RCAS Cre-U6sgRNA-ex2-NF1,NA,NA,NA,"Brain was soft but most likely from being dead a little while, everything appeared normal",44050,No,NA,N-TVA:Ptenf/f;ATRX +/+;H11-Cas9f/f;Ink4a/Arff/f,Brain,NA,Yes,NA,NA,1,Yes,NA,NA,NA,NA,NA,NA,NA,NA,NA,Yes,intracranial,NA,76
ZL,44091,23784,Mouse was paralyzed,NA,NA,NA,NA,female,N-TVA:Ptenf/f;ATRX +/+;H11-Cas9f/f;Ink4a/Arff/f,43974,44091,117,43975,RCAS Cre-U6sgRNA-ex2-NF1,NA,NA,NA,Brain looked normal no evidence of tumor on spine either,44088,No,NA,N-TVA:Ptenf/f;ATRX +/+;H11-Cas9f/f;Ink4a/Arff/f,brain,NA,Yes,NA,NA,1,Yes,NA,NA,NA,NA,NA,NA,NA,NA,NA,Yes,intracranial,NA,114
ZL,44039,23786-01,Completely paralyzed,NA,NA,NA,NA,Male,N-TVA:Ptenf/f;ATRX +/+;H11-Cas9f/f;Ink4a/Arff/f,43974,44039,65,43975,RCAS Cre-U6sgRNA-ex2-NF1,,,,"Mushy gray tissue underneath brain surrounding cranial nerves, brain softer than normal enlarged as well",44032Slight domed head noticed,No,NA,N-TVA:Ptenf/f;ATRX +/+;H11-Cas9f/f;Ink4a/Arff/f,Brain,NA,Yes,,,1,Yes,,,,,NA,,,NA,,Yes,intracranial,NA,NA
ZL,44047,23787,Completely paralyzed,NA,NA,NA,NA,Male,N-TVA:Ptenf/f;ATRX +/+;H11-Cas9f/f;Ink4a/Arff/f,43974,44047,73,43975,RCAS Cre-U6sgRNA-ex2-NF1,NA,NA,NA,Small necrotic tumor underneath brain surrounding left cranial nerves,44042,No,NA,N-TVA:Ptenf/f;ATRX +/+;H11-Cas9f/f;Ink4a/Arff/f,Brain,NA,Yes,NA,NA,1,Yes,NA,NA,NA,NA,NA,NA,NA,NA,NA,Yes,intracranial,NA,68
ZL,44056,23789-01,Paralyzed,NA,NA,NA,NA,Female,N-TVA:Ptenf/f;ATRX +/+;H11-Cas9f/f;Ink4a/Arff/f,43974,44056,82,43975,RCAS Cre-U6sgRNA-ex2-NF1,NA,NA,NA,brain looked normal,44039,No,NA,N-TVA:Ptenf/f;ATRX +/+;H11-Cas9f/f;Ink4a/Arff/f,Brain,NA,Yes,NA,NA,1,Yes,NA,NA,NA,NA,NA,NA,NA,NA,NA,Yes,intracranial,NA,65
ZL,44056,23790-03,domed head + difficulty breathing,NA,NA,NA,NA,Female,N-TVA:Ptenf/f;ATRX +/+;H11-Cas9f/f;Ink4a/Arff/f,43974,44056,82,43975,RCAS Cre-U6sgRNA-ex2-NF1,NA,NA,NA,"Large tumor growing on skull, brain appeared normaln if slightly smaller.",44039,No,NA,N-TVA:Ptenf/f;ATRX +/+;H11-Cas9f/f;Ink4a/Arff/f,Brain,NA,Yes,NA,NA,1,Yes,NA,NA,NA,NA,NA,NA,NA,NA,NA,Yes,intracranial,NA,65
ZL,44043,23791-10,"domed head, weak/paralyzed body, difficulty breathing",NA,NA,NA,NA,Female,N-TVA:Ptenf/f;ATRX +/+;H11-Cas9f/f;Ink4a/Arff/f,43974,44043,69,43975,RCAS Cre-U6sgRNA-ex2-NF1,NA,NA,NA,"tumor underneath brain surrounding cranial nerves, very soft necrotic tissue surrounding brain",44039,No,NA,N-TVA:Ptenf/f;ATRX +/+;H11-Cas9f/f;Ink4a/Arff/f,Brain,NA,Yes,NA,NA,1,Yes,NA,NA,NA,NA,NA,NA,NA,NA,NA,Yes,intracranial,NA,65
ZL,44056,23792-10,difficulty breathing,NA,NA,NA,NA,Male,N-TVA:Ptenf/f;ATRX +/+;H11-Cas9f/f;Ink4a/Arff/f,43974,44056,82,43975,RCAS Cre-U6sgRNA-ex2-NF1,NA,NA,NA,small cranial nerve tumor,44048,No,NA,N-TVA:Ptenf/f;ATRX +/+;H11-Cas9f/f;Ink4a/Arff/f,Brain,NA,Yes,NA,NA,1,Yes,NA,NA,NA,NA,NA,NA,NA,NA,NA,Yes,intracranial,NA,74
RH,44337,25741,,,,,,Female`,N-TVA; Pten f/f; H11LSL-Cas9 f/f; Ink4a/Arf f/f; ATRX +/+,44191,44330,139,44193,RCAS Cre U6 sgRNA Ex2 NF1,,,,,,,,N-TVA; Pten f/f; H11LSL-Cas9 f/f; Ink4a/Arf f/f; ATRX +/+,"Brain, cranial nerve tumor",No,Brain,,,,,,,,,,"mouse looked like it was becoming emanciated and starting to have a hunched back, upon necropsy, there was a cranial nerve tumor somewhat attched to the base of the cranial cavity, and not as attached to the brain. A part of the tumor was fixed with the brain, while another part was frozen and used for a cell line.",NA,NA,NA,NA,NA,NA,NA
ZL,44033,23823-03,slight domed head and complete paralysis.,NA,NA,NA,NA,Female,N-TVA:Ptenf/f;ATRX +/+;H11-Cas9f/f;Ink4a/Arff/f,43979,44033,54,43980,RCAS Cre-U6sgRNA-ex2-NF1,NA,NA,NA,"Very large brain which accounted for domed head, large tumor underneath brain surrounding left frontal cranial nerve.",44033,No,NA,N-TVA:Ptenf/f;ATRX +/+;H11-Cas9f/f;Ink4a/Arff/f,Brain,NA,Yes,HCI -20-23823-BR,NA,1,Yes,NA,NA,NA,NA,NA,NA,NA,NA,NA,Yes,intracranial,NA,NA
RH,44028,23824,Large tumor on front right of head,NA,NA,NA,NA,Male,N-TVA:Ptenf/f;ATRX+/+;H11-Cas9f/f;Ink4a/Arff/f,43979,44028,49,43980,RCAS Cre-U6sgRNA-ex2-NF1,NA,NA,NA,"brain looks normal, head tumor is not attached to skin or brain",44020,No,NA,N-TVA:Ptenf/f;ATRX+/+;H11-Cas9f/f;Ink4a/Arff/f,"Brain, head tumor, spinal cord (not intact)",NA,Yes,HCI -20-23824-BR,NA,1,Yes,NA,NA,NA,NA,NA,NA,HCI-20-23824-SpCo,HCI-20-23824-HeTu,NA,Yes,intracranial,NA,NA
ZL,44043,23826-03,"weak/paralyzed body, difficulty breathing",NA,NA,NA,NA,Female,N-TVA:Ptenf/f;ATRX +/+;H11-Cas9f/f;Ink4a/Arff/f,43979,44043,64,43980,RCAS Cre-U6sgRNA-ex2-NF1,NA,NA,NA,Tumor surrounding left posterior cranial nerve,44035,No,NA,N-TVA:Ptenf/f;ATRX +/+;H11-Cas9f/f;Ink4a/Arff/f,Brain,NA,Yes,NA,NA,1,Yes,NA,NA,NA,NA,NA,NA,NA,NA,NA,Yes,intracranial,NA,56
ZL,44064,23828-30,"Paralyzed, slightly lopsided face",NA,NA,NA,NA,Male,N-TVA:Ptenf/f;ATRX +/+;H11-Cas9f/f;Ink4a/Arff/f,43979,44064,85,43980,RCAS Cre-U6sgRNA-ex2-NF1,NA,NA,NA,Mouse had a large tumor growing off side of body. Appeared to have originated from boony rib tissue?,44035,No,NA,N-TVA:Ptenf/f;ATRX +/+;H11-Cas9f/f;Ink4a/Arff/f,Brain,NA,Yes,NA,NA,1,Yes,NA,NA,NA,NA,NA,NA,NA,NA,NA,Yes,intracranial,NA,56
ZL,44060,23864-00,Healthy sacked for TVA status,NA,NA,NA,NA,Female,N-TVA:Ptenf/f;ATRX +/+;H11-Cas9f/f;Ink4a/Arff/f,43981,44060,79,43983,RCAS Cre-U6sgRNA-ex2-NF1,NA,NA,NA,brain looked normal,N/A,No,NA,N-TVA:Ptenf/f;ATRX +/+;H11-Cas9f/f;Ink4a/Arff/f,Brain,NA,Yes,NA,NA,1,Yes as a control,NA,NA,NA,NA,NA,NA,NA,NA,NA,Yes,intracranial,NA,NA
ZL,44103,23865-00,Experimental end date (Mistake in Cages tab about 30 days too early).,NA,NA,NA,NA,Male,N-TVA:Ptenf/f;ATRX +/+;H11-Cas9f/f;Ink4a/Arff/f,43981,44103,122,43983,RCAS Cre-U6sgRNA-ex2-NF1,NA,NA,NA,Brain looked perfectly normal,N/A,No,NA,N-TVA:Ptenf/f;ATRX +/+;H11-Cas9f/f;Ink4a/Arff/f,Brain,NA,Yes,NA,NA,1,Yes,NA,NA,NA,NA,NA,NA,NA,NA,NA,Yes,intracranial,NA,NA
ZL,44050,23866-01,Weak and sickly with domed head,NA,NA,NA,NA,Male,N-TVA:Ptenf/f;ATRX +/+;H11-Cas9f/f;Ink4a/Arff/f,43981,44050,69,43983,RCAS Cre-U6sgRNA-ex2-NF1,NA,NA,NA,Medium sized necrotic tumor underneath brain surrounding cranial nerves and brain.,44039,No,NA,N-TVA:Ptenf/f;ATRX +/+;H11-Cas9f/f;Ink4a/Arff/f,Brain,NA,Yes,NA,NA,1,Yes,NA,NA,NA,NA,NA,NA,NA,NA,NA,Yes,intracranial,NA,58
RH,44281,25744-01,looks normal except for large tumor on left side of head,,,,,Male`,N-TVA; Pten f/f; H11LSL-Cas9 f/f; Ink4a/Arf f/f; ATRX +/+,44191,44281,90,44193,RCAS Cre U6 sgRNA Ex2 NF1,,,,yes,44270,,,N-TVA; Pten f/f; H11LSL-Cas9 f/f; Ink4a/Arf f/f; ATRX +/+,"Brain, tumor, and some white mass between the brain and the tumor.",No,"Brain, tumor, and that white mass",,,,,,,,,,"Head tumor was cut off, had vein on the outside but very dense and white on the inside. Skull underneith looked rough, but couldn't tell if tumor penetrated the skull or was growing from and eye or ear canal. Had to cut the skull to remove brain, and noticed a white mass on top of the left hemesphere. It wasn't connected to it, but was indenting the brain (might be able to see the indent on H&E), not clear if this penetrated the skull or not.",NA,NA,NA,NA,NA,NA,NA
ZL,44076,23964,Completely paralyzed,NA,NA,NA,NA,female,N-TVA:Ptenf/f;ATRX +/+;H11-Cas9f/f;Ink4a/Arff/f,43997,44076,79,44000,RCAS Cre-U6sgRNA-ex2-NF1,NA,NA,NA,Brain looked perfectly normal,44075,No,NA,N-TVA:Ptenf/f;ATRX +/+;H11-Cas9f/f;Ink4a/Arff/f,Brain,NA,Yes,NA,NA,1,Yes,NA,NA,NA,NA,NA,NA,NA,NA,NA,Yes,intracranial,NA,78
ZL,44089,23965-01,Paralyzed with small tumor on back end of body,NA,NA,NA,NA,Female,N-TVA:Ptenf/f;ATRX +/+;H11-Cas9f/f;Ink4a/Arff/f,43997,44089,92,44000,RCAS Cre-U6sgRNA-ex2-NF1,,,,Brain looked perfectly normal,44088Weakness in legs noticed,No,NA,N-TVA:Ptenf/f;ATRX +/+;H11-Cas9f/f;Ink4a/Arff/f,BrainTumor on surrounding spine at base of tail observed. Tissue frozen and fixed,NA,Yes,,,1,Yes,,,,,NA,,,NA,,Yes,intracranial,NA,91
ZL,44134,23966-03,Mouse was very sickly barely moving,NA,NA,NA,NA,Female,N-TVA:Ptenf/f;ATRX +/+;H11-Cas9f/f;Ink4a/Arff/f,43997,44106,109,44000,RCAS Cre-U6sgRNA-ex2-NF1,NA,NA,NA,"Large tumor growing underneath brain, and small growth under skin on shoulder.",44089,No,NA,N-TVA:Ptenf/f;ATRX +/+;H11-Cas9f/f;Ink4a/Arff/f,"Brain, tumor underneath brain as well as shoulder tumor. Brain tumor and shoulder tumor used to create cell lines. Frozen sample of nerve tumor as well",NA,Yes,NA,NA,1,Yes,NA,NA,NA,NA,NA,NA,NA,NA,NA,Yes,intracranial,NA,92
ZL,44089,23967-10,Sickly with tumor growing on head and large tumor groeing on hips/base of spine,NA,NA,NA,NA,Female,N-TVA:Ptenf/f;ATRX +/+;H11-Cas9f/f;Ink4a/Arff/f,43997,44089,92,44000,RCAS Cre-U6sgRNA-ex2-NF1,,,,Necrotic tussie underneath brain,44050,No,NA,N-TVA:Ptenf/f;ATRX +/+;H11-Cas9f/f;Ink4a/Arff/f,"Brain, head tumor, spine tumorVery large tumor encasing half of spine, all of the hips and at base of tail. Head tumor as well, and necrotic tissue underneath brain",NA,Yes,,,1,Yes,,,,,NA,,,NA,,Yes,intracranial,NA,53
ZL,44069,23968-00,Mouse was fully paralyzed,NA,NA,NA,NA,Male,N-TVA:Ptenf/f;ATRX +/+;H11-Cas9f/f;Ink4a/Arff/f,43997,44082,85,44000,RCAS Cre-U6sgRNA-ex2-NF1,NA,NA,NA,Brain looked perfectly normal,44076,No,NA,N-TVA:Ptenf/f;ATRX +/+;H11-Cas9f/f;Ink4a/Arff/f,Brain,NA,Yes,NA,NA,1,Yes,NA,NA,NA,NA,NA,NA,NA,NA,NA,Yes,intracranial,NA,79
ZL,44076,23969-01,Completely paralyzed,NA,NA,NA,NA,Male,N-TVA:Ptenf/f;ATRX +/+;H11-Cas9f/f;Ink4a/Arff/f,43997,44076,79,44000,RCAS Cre-U6sgRNA-ex2-NF1,NA,NA,NA,Brain looked perfectly normal,44075,No,NA,N-TVA:Ptenf/f;ATRX +/+;H11-Cas9f/f;Ink4a/Arff/f,Brain,NA,Yes,NA,NA,1,Yes,NA,NA,NA,NA,NA,NA,NA,NA,NA,Yes,intracranial,NA,78
ZL,44067,23970-03,Tumor on head was very large and mouse was sickly,NA,NA,NA,NA,Male,N-TVA:Ptenf/f;ATRX +/+;H11-Cas9f/f;Ink4a/Arff/f,43997,44067,70,44000,RCAS Cre-U6sgRNA-ex2-NF1,NA,NA,NA,Very large tumor growing over the skull but brain looked normal,44040,No,NA,N-TVA:Ptenf/f;ATRX +/+;H11-Cas9f/f;Ink4a/Arff/f,Brain,NA,Yes,NA,NA,1,Yes,NA,NA,NA,NA,NA,NA,NA,NA,NA,Yes,intracranial,NA,43
ZL,44076,23971-10,Completely paralyzed,NA,NA,NA,NA,Male,N-TVA:Ptenf/f;ATRX +/+;H11-Cas9f/f;Ink4a/Arff/f,43997,44076,79,44000,RCAS Cre-U6sgRNA-ex2-NF1,NA,NA,NA,Brain looked perfectly normal,44075,No,NA,N-TVA:Ptenf/f;ATRX +/+;H11-Cas9f/f;Ink4a/Arff/f,Brain,NA,Yes,NA,NA,1,Yes,NA,NA,NA,NA,NA,NA,NA,NA,NA,Yes,intracranial,NA,78
RH,44326,25748-11,,,,,,Male`,N-TVA; Pten f/f; H11LSL-Cas9 f/f; Ink4a/Arf f/f; ATRX +/+,44191,44326,135,44193,RCAS Cre U6 sgRNA Ex2 NF1,,,,,,,,N-TVA; Pten f/f; H11LSL-Cas9 f/f; Ink4a/Arf f/f; ATRX +/+,Brain,No,Brain,,,,,,,,,,"breathing heavy, hind legs paralyzed, no observable tumor",NA,NA,NA,NA,NA,NA,NA
RH,44288,25764-30,,,,,,Male`,N-TVA; Pten f/f; H11LSL-Cas9 f/f; Ink4a/Arf f/f; ATRX +/+,44193,44288,95,44193,RCAS Cre U6 sgRNA Ex2 NF1,,,,"started looking lethargic, back became more arched, not moving around much and wanted to sack before it possibly dies on its own over the weekend",44286,,,N-TVA; Pten f/f; H11LSL-Cas9 f/f; Ink4a/Arf f/f; ATRX +/+,Brain and cranial nerve tumor,No,Brain and cranial nerve tumor,,,,,,,,,,"Also started a cell line from the cranial nerve tumor, which looked like an enlarged mass not connected to the brain, but effecting both sides of the large cranial nerve that is under the optic nerve. Both sides were harvested as one, with a piece of both fixed. No sample was frozen.",NA,NA,NA,NA,NA,NA,NA
RH,44344,25782,,,,,,Female`,N-TVA; Pten f/f; H11LSL-Cas9 f/f; Ink4a/Arf f/f; ATRX f/f,44194,44344,150,44560,RCAS Cre,,,,,,,,N-TVA; Pten f/f; H11LSL-Cas9 f/f; Ink4a/Arf f/f; ATRX f/f,Brain,No,Brain,,,,,,,,,,experimental endpoint,NA,NA,NA,NA,NA,NA,NA
ZL,44228,25028,Paralyzed,,,,,Female`,N-TVA; Pten f/f; H11LSL-Cas9 f/f; Ink4a/Arf f/f; ATRX f/f,44117,44228,111,44118,RCAS Cre-U6sgRNA-ex2-NF1,,,,No,1/29/2021 (paralysis),,,N-TVA; Pten f/f; H11LSL-Cas9 f/f; Ink4a/Arf f/f; ATRX f/f,Brain,No,full brain,HCI-20-25028,,,yes,,,,,No,"Brain looked normal, no tumor noted anywhere on body/spinal cord.",NA,NA,NA,NA,NA,NA,NA
RH,44344,25783,,,,,,Female`,N-TVA; Pten f/f; H11LSL-Cas9 f/f; Ink4a/Arf f/f; ATRX f/f,44194,44344,150,44560,RCAS Cre,,,,,,,,N-TVA; Pten f/f; H11LSL-Cas9 f/f; Ink4a/Arf f/f; ATRX f/f,Brain,No,Brain,,,,,,,,,,experimental endpoint,NA,NA,NA,NA,NA,NA,NA
RH,44344,25784,,,,,,Male`,N-TVA; Pten f/f; H11LSL-Cas9 f/f; Ink4a/Arf f/f; ATRX f/f,44194,44344,150,44560,RCAS Cre,,,,,,,,N-TVA; Pten f/f; H11LSL-Cas9 f/f; Ink4a/Arf f/f; ATRX f/f,Brain,No,Brain,,,,,,,,,,experimental endpoint,NA,NA,NA,NA,NA,NA,NA
RH,44344,25785,,,,,,Male`,N-TVA; Pten f/f; H11LSL-Cas9 f/f; Ink4a/Arf f/f; ATRX f/f,44194,44344,150,44560,RCAS Cre,,,,,,,,N-TVA; Pten f/f; H11LSL-Cas9 f/f; Ink4a/Arf f/f; ATRX f/f,Brain,No,Brain,,,,,,,,,,experimental endpoint,NA,NA,NA,NA,NA,NA,NA
RH,44223,25786-11,"found dead, domed head noticed day before",,,,,Male`,N-TVA; Pten f/f; H11LSL-Cas9 f/f; Ink4a/Arf f/f; ATRX f/f,44194,44223,29,44195,RCAS Cre,,,,Yes,44222,,,N-TVA; Pten f/f; H11LSL-Cas9 f/f; Ink4a/Arf f/f; ATRX f/f,Brain,No,full brain,HCI-20-25786-11,,,yes,,,,,No,"brain looked hollow. This is a Cre injection, so tumor is not expected. This is probably just hydrocephalus as a result of injection",NA,NA,NA,NA,NA,NA,NA
RH,44344,25787,,,,,,Male`,N-TVA; Pten f/f; H11LSL-Cas9 f/f; Ink4a/Arf f/f; ATRX f/f,44194,44344,150,44560,RCAS Cre,,,,,,,,N-TVA; Pten f/f; H11LSL-Cas9 f/f; Ink4a/Arf f/f; ATRX f/f,Brain,No,Brain,,,,,,,,,,experimental endpoint,NA,NA,NA,NA,NA,NA,NA
RH,44344,25788,,,,,,Male`,N-TVA; Pten f/f; H11LSL-Cas9 f/f; Ink4a/Arf f/f; ATRX f/f,44194,44344,150,44560,RCAS Cre,,,,,,,,N-TVA; Pten f/f; H11LSL-Cas9 f/f; Ink4a/Arf f/f; ATRX f/f,Brain,No,Brain,,,,,,,,,,experimental endpoint,NA,NA,NA,NA,NA,NA,NA
RH,44281,26011-00,"hind legs starting to loose mobility, would have probably become paralyzed over the weekend",,,,,Male`,N-TVA; Pten f/f; H11LSL-Cas9 f/f; Ink4a/Arf f/f; ATRX +/+,44216,44281,65,44218,RCAS Cre U6 sgRNA Ex2 NF1,,,,hind legs were starting to become paralyzed,,,,N-TVA; Pten f/f; H11LSL-Cas9 f/f; Ink4a/Arf f/f; ATRX +/+,Brain,No,Brain,,,,,,,,,,,NA,NA,NA,NA,NA,NA,NA
RH,44273,26064-10,"large head tumor, no other symptoms",,,,,Female`,N-TVA; Pten f/f; H11LSL-Cas9 f/f; Ink4a/Arf f/f; ATRX +/+,44123,44273,150,44123,RCAS Cre-U6-sgRNA-NF1-Ex2,,,,Yes,44265,,,N-TVA; Pten f/f; H11LSL-Cas9 f/f; Ink4a/Arf f/f; ATRX +/+,Brain and head tumor,No,Brain and head tumor,,,,,,,,,,"Brain appears normal, head tumor is outside of the skull, one piece was frozen, one piece was used to create a cell line, and the rest of the head tumor was fixed.",NA,NA,NA,NA,NA,NA,NA
RH,44342,26274-00,,,,,,Female`,N-TVA; Pten f/f; H11LSL-Cas9 f/f; Ink4a/Arf f/f; ATRX +/+,44246,44342,96,44187,RCAS Cre U6 sgRNA Ex2 NF1,,,,,,,,N-TVA; Pten f/f; H11LSL-Cas9 f/f; Ink4a/Arf f/f; ATRX +/+,"Brain, spine tumor",No,"Brain, spine tumor",,,,,,,,,,"tumor noticed on base of spine, no other symptom or abnormality observed after necropsy, part of tumor was fixed, part was used for a cell line, and part was frozen",NA,NA,NA,NA,NA,NA,NA
ZL,44260,24801,End of experiment,,,,,Female`,N-TVA; Pten f/f; H11LSL-Cas9 f/f; Ink4a/Arf f/f; ATRX +/+,44085,44258,173,44096,RCAS Cre-U6sgRNA-ex2-NF1,,,,No,N/A,,,N-TVA; Pten f/f; H11LSL-Cas9 f/f; Ink4a/Arf f/f; ATRX +/+,Brain,No,full brain,HCI-21-24805,,,yes,,,,,No,No evidence of tumor,NA,NA,NA,NA,NA,NA,NA
RH,44274,25087-00,,,,,,Female`,N-TVA; Pten f/f; H11LSL-Cas9 f/f; Ink4a/Arf f/f; ATRX f/f,44124,44274,150,44124,RCAS Cre,,,,No,,,,N-TVA; Pten f/f; H11LSL-Cas9 f/f; Ink4a/Arf f/f; ATRX f/f,Brain,No,Brain,,,,,,,,,,,NA,NA,NA,NA,NA,NA,NA
ZL,44260,24802,End of experiment,,,,,Female`,N-TVA; Pten f/f; H11LSL-Cas9 f/f; Ink4a/Arf f/f; ATRX +/+,44085,44258,173,44096,RCAS Cre-U6sgRNA-ex2-NF1,,,,No,N/A,,,N-TVA; Pten f/f; H11LSL-Cas9 f/f; Ink4a/Arf f/f; ATRX +/+,Brain,No,full brain,HCI-21-24805,,,yes,,,,,No,No evidence of tumor,NA,NA,NA,NA,NA,NA,NA
ZL,44260,24803,End of experiment,,,,,Female`,N-TVA; Pten f/f; H11LSL-Cas9 f/f; Ink4a/Arf f/f; ATRX +/+,44085,44258,173,44096,RCAS Cre-U6sgRNA-ex2-NF1,,,,No,N/A,,,N-TVA; Pten f/f; H11LSL-Cas9 f/f; Ink4a/Arf f/f; ATRX +/+,Brain,No,full brain,HCI-21-24805,,,yes,,,,,No,No evidence of tumor,NA,NA,NA,NA,NA,NA,NA
ZL,44260,24805,End of experiment,,,,,Male`,N-TVA; Pten f/f; H11LSL-Cas9 f/f; Ink4a/Arf f/f; ATRX +/+,44085,44258,173,44096,RCAS Cre-U6sgRNA-ex2-NF1,,,,No,N/A,,,N-TVA; Pten f/f; H11LSL-Cas9 f/f; Ink4a/Arf f/f; ATRX +/+,Brain,No,full brain,HCI-21-24805,,,yes,,,,,No,No evidence of tumor,NA,NA,NA,NA,NA,NA,NA
ZL,44260,24807,End of experiment,,,,,Male`,N-TVA; Pten f/f; H11LSL-Cas9 f/f; Ink4a/Arf f/f; ATRX +/+,44085,44258,173,44096,RCAS Cre-U6sgRNA-ex2-NF1,,,,No,N/A,,,N-TVA; Pten f/f; H11LSL-Cas9 f/f; Ink4a/Arf f/f; ATRX +/+,Brain,No,full brain,HCI-21-24807,,,yes,,,,,No,No evidence of tumor,NA,NA,NA,NA,NA,NA,NA
RH,44291,25214-00,,,,,,Female`,N-TVA; Pten f/f; H11LSL-Cas9 f/f; Ink4a/Arf f/f; ATRX +/+,44140,44291,151,44141,RCAS Cre,,,,no,,,,N-TVA; Pten f/f; H11LSL-Cas9 f/f; Ink4a/Arf f/f; ATRX +/+,Brain,No,Brain,,,,,,,,,,"end of experiment, looked normal",NA,NA,NA,NA,NA,NA,NA
RH,44291,25215-01,,,,,,Female`,N-TVA; Pten f/f; H11LSL-Cas9 f/f; Ink4a/Arf f/f; ATRX +/+,44140,44291,151,44141,RCAS Cre,,,,no,,,,N-TVA; Pten f/f; H11LSL-Cas9 f/f; Ink4a/Arf f/f; ATRX +/+,Brain,No,Brain,,,,,,,,,,"end of experiment, looked normal",NA,NA,NA,NA,NA,NA,NA
RH,44291,25216-03,,,,,,Female`,N-TVA; Pten f/f; H11LSL-Cas9 f/f; Ink4a/Arf f/f; ATRX +/+,44140,44291,151,44141,RCAS Cre,,,,no,,,,N-TVA; Pten f/f; H11LSL-Cas9 f/f; Ink4a/Arf f/f; ATRX +/+,Brain,No,Brain,,,,,,,,,,"end of experiment, looked normal",NA,NA,NA,NA,NA,NA,NA
RH,44291,25218-00,,,,,,Male`,N-TVA; Pten f/f; H11LSL-Cas9 f/f; Ink4a/Arf f/f; ATRX +/+,44140,44291,151,44141,RCAS Cre,,,,no,,,,N-TVA; Pten f/f; H11LSL-Cas9 f/f; Ink4a/Arf f/f; ATRX +/+,Brain,No,Brain,,,,,,,,,,"end of experiment, looked normal",NA,NA,NA,NA,NA,NA,NA
RH,44291,25220-03,,,,,,Male`,N-TVA; Pten f/f; H11LSL-Cas9 f/f; Ink4a/Arf f/f; ATRX +/+,44140,44291,151,44141,RCAS Cre,,,,no,,,,N-TVA; Pten f/f; H11LSL-Cas9 f/f; Ink4a/Arf f/f; ATRX +/+,Brain,No,Brain,,,,,,,,,,"end of experiment, looked normal",NA,NA,NA,NA,NA,NA,NA
RH,44291,25221-10,,,,,,Male`,N-TVA; Pten f/f; H11LSL-Cas9 f/f; Ink4a/Arf f/f; ATRX +/+,44140,44291,151,44141,RCAS Cre,,,,no,,,,N-TVA; Pten f/f; H11LSL-Cas9 f/f; Ink4a/Arf f/f; ATRX +/+,Brain,No,Brain,,,,,,,,,,"end of experiment, looked normal",NA,NA,NA,NA,NA,NA,NA
RH,44274,25088-01,,,,,,Female`,N-TVA; Pten f/f; H11LSL-Cas9 f/f; Ink4a/Arf f/f; ATRX f/f,44124,44274,150,44124,RCAS Cre,,,,No,,,,N-TVA; Pten f/f; H11LSL-Cas9 f/f; Ink4a/Arf f/f; ATRX f/f,Brain,No,Brain,,,,,,,,,,,NA,NA,NA,NA,NA,NA,NA
ZL,44258,25238,Large head tumor,,,,,Female`,N-TVA; Pten f/f; H11LSL-Cas9 f/f; Ink4a/Arf f/f; ATRX f/f,44141,44258,117,44141,RCAS Cre-U6sgRNA-ex2-NF1,,,,Yes,44230,,,N-TVA; Pten f/f; H11LSL-Cas9 f/f; Ink4a/Arf f/f; ATRX f/f,Brain,No,full brain,HCI-21-25238,,,yes,,,,,No,"Large tumor growing on head, cell line started and tissue frozen as well as formalin fixed. Slides would be good NF1 tumor control.",NA,NA,NA,NA,NA,NA,NA
RH,44291,25239-03,,,,,,Female`,N-TVA; Pten f/f; H11LSL-Cas9 f/f; Ink4a/Arf f/f; ATRX f/f,44141,44291,150,44141,RCAS Cre,,,,no,,,,N-TVA; Pten f/f; H11LSL-Cas9 f/f; Ink4a/Arf f/f; ATRXf/f,Brain,No,Brain,,,,,,,,,,"end of experiment, looked normal",NA,NA,NA,NA,NA,NA,NA
RH,44291,25240-00,,,,,,Male`,N-TVA; Pten f/f; H11LSL-Cas9 f/f; Ink4a/Arf f/f; ATRX f/f,44141,44291,150,44141,RCAS Cre,,,,no,,,,N-TVA; Pten f/f; H11LSL-Cas9 f/f; Ink4a/Arf f/f; ATRXf/f,Brain,No,Brain,,,,,,,,,,"end of experiment, looked normal",NA,NA,NA,NA,NA,NA,NA
RH,44291,25241-01,,,,,,Male`,N-TVA; Pten f/f; H11LSL-Cas9 f/f; Ink4a/Arf f/f; ATRX f/f,44141,44291,150,44141,RCAS Cre,,,,no,,,,N-TVA; Pten f/f; H11LSL-Cas9 f/f; Ink4a/Arf f/f; ATRXf/f,Brain,No,Brain,,,,,,,,,,"end of experiment, looked normal",NA,NA,NA,NA,NA,NA,NA
RH,44291,25242-03,,,,,,Male`,N-TVA; Pten f/f; H11LSL-Cas9 f/f; Ink4a/Arf f/f; ATRX f/f,44141,44291,150,44141,RCAS Cre,,,,no,,,,N-TVA; Pten f/f; H11LSL-Cas9 f/f; Ink4a/Arf f/f; ATRXf/f,Brain,No,Brain,,,,,,,,,,"end of experiment, looked normal",NA,NA,NA,NA,NA,NA,NA
RH,44291,25258-10,,,,,,Female`,N-TVA; Pten f/f; H11LSL-Cas9 f/f; Ink4a/Arf f/f; ATRX f/f,44141,44291,150,44141,RCAS Cre,,,,no,,,,N-TVA; Pten f/f; H11LSL-Cas9 f/f; Ink4a/Arf f/f; ATRXf/f,Brain,No,Brain,,,,,,,,,,"end of experiment, looked normal",NA,NA,NA,NA,NA,NA,NA
RH,44291,25259-11,,,,,,Female`,N-TVA; Pten f/f; H11LSL-Cas9 f/f; Ink4a/Arf f/f; ATRX f/f,44141,44291,150,44141,RCAS Cre,,,,no,,,,N-TVA; Pten f/f; H11LSL-Cas9 f/f; Ink4a/Arf f/f; ATRXf/f,Brain,No,Brain,,,,,,,,,,"end of experiment, looked normal",NA,NA,NA,NA,NA,NA,NA
RH,44291,25261-01,,,,,,Male`,N-TVA; Pten f/f; H11LSL-Cas9 f/f; Ink4a/Arf f/f; ATRX f/f,44141,44291,150,44141,RCAS Cre,,,,no,,,,N-TVA; Pten f/f; H11LSL-Cas9 f/f; Ink4a/Arf f/f; ATRXf/f,Brain,No,Brain,,,,,,,,,,"end of experiment, looked normal",NA,NA,NA,NA,NA,NA,NA
RH,44291,25262-03,,,,,,Male`,N-TVA; Pten f/f; H11LSL-Cas9 f/f; Ink4a/Arf f/f; ATRX f/f,44141,44291,150,44141,RCAS Cre,,,,no,,,,N-TVA; Pten f/f; H11LSL-Cas9 f/f; Ink4a/Arf f/f; ATRXf/f,Brain,No,Brain,,,,,,,,,,"end of experiment, looked normal",NA,NA,NA,NA,NA,NA,NA
RH,44291,25263-10,,,,,,Female`,N-TVA; Pten f/f; H11LSL-Cas9 f/f; Ink4a/Arf f/f; ATRX f/f,44141,44291,150,44144,RCAS Cre,,,,no,,,,N-TVA; Pten f/f; H11LSL-Cas9 f/f; Ink4a/Arf f/f; ATRXf/f,Brain,No,Brain,,,,,,,,,,"end of experiment, looked normal",NA,NA,NA,NA,NA,NA,NA
RH,44274,25089-03,,,,,,Female`,N-TVA; Pten f/f; H11LSL-Cas9 f/f; Ink4a/Arf f/f; ATRX f/f,44124,44274,150,44124,RCAS Cre,,,,No,,,,N-TVA; Pten f/f; H11LSL-Cas9 f/f; Ink4a/Arf f/f; ATRX f/f,Brain,No,Brain,,,,,,,,,,,NA,NA,NA,NA,NA,NA,NA
RH,44291,25264-30,,,,,,Male`,N-TVA; Pten f/f; H11LSL-Cas9 f/f; Ink4a/Arf f/f; ATRX f/f,44141,44291,150,44144,RCAS Cre,,,,no,,,,N-TVA; Pten f/f; H11LSL-Cas9 f/f; Ink4a/Arf f/f; ATRXf/f,Brain,No,Brain,,,,,,,,,,"end of experiment, looked normal",NA,NA,NA,NA,NA,NA,NA
RH,44292,25266-01,,,,,,Female`,N-TVA; Pten f/f; H11LSL-Cas9 f/f; Ink4a/Arf f/f; ATRX +/+,44142,44292,150,44144,RCAS Cre,,,,no,,,,N-TVA; Pten f/f; H11LSL-Cas9 f/f; Ink4a/Arf f/f; ATRX +/+,Brain,No,Brain,,,,,,,,,,"end of experiment, looked normal",NA,NA,NA,NA,NA,NA,NA
RH,44292,25267-03,,,,,,Female`,N-TVA; Pten f/f; H11LSL-Cas9 f/f; Ink4a/Arf f/f; ATRX +/+,44142,44292,150,44144,RCAS Cre,,,,no,,,,N-TVA; Pten f/f; H11LSL-Cas9 f/f; Ink4a/Arf f/f; ATRX +/+,Brain,No,Brain,,,,,,,,,,"end of experiment, looked normal",NA,NA,NA,NA,NA,NA,NA
RH,44292,25268-10,,,,,,Female`,N-TVA; Pten f/f; H11LSL-Cas9 f/f; Ink4a/Arf f/f; ATRX +/+,44142,44292,150,44144,RCAS Cre,,,,no,,,,N-TVA; Pten f/f; H11LSL-Cas9 f/f; Ink4a/Arf f/f; ATRX +/+,Brain,No,Brain,,,,,,,,,,"end of experiment, looked normal",NA,NA,NA,NA,NA,NA,NA
RH,44292,25269-30,,,,,,Female`,N-TVA; Pten f/f; H11LSL-Cas9 f/f; Ink4a/Arf f/f; ATRX +/+,44142,44292,150,44144,RCAS Cre,,,,no,,,,N-TVA; Pten f/f; H11LSL-Cas9 f/f; Ink4a/Arf f/f; ATRX +/+,Brain,No,Brain,,,,,,,,,,"end of experiment, looked normal",NA,NA,NA,NA,NA,NA,NA
RH,44292,25271-00,,,,,,Male`,N-TVA; Pten f/f; H11LSL-Cas9 f/f; Ink4a/Arf f/f; ATRX +/+,44142,44292,150,44144,RCAS Cre,,,,no,,,,N-TVA; Pten f/f; H11LSL-Cas9 f/f; Ink4a/Arf f/f; ATRX +/+,Brain,No,Brain,,,,,,,,,,"end of experiment, looked normal",NA,NA,NA,NA,NA,NA,NA
RH,44292,25272-01,,,,,,Male`,N-TVA; Pten f/f; H11LSL-Cas9 f/f; Ink4a/Arf f/f; ATRX +/+,44142,44292,150,44144,RCAS Cre,,,,no,,,,N-TVA; Pten f/f; H11LSL-Cas9 f/f; Ink4a/Arf f/f; ATRX +/+,Brain,No,Brain,,,,,,,,,,"end of experiment, looked normal",NA,NA,NA,NA,NA,NA,NA
RH,44292,25274-10,,,,,,Male`,N-TVA; Pten f/f; H11LSL-Cas9 f/f; Ink4a/Arf f/f; ATRX +/+,44142,44292,150,44144,RCAS Cre,,,,no,,,,N-TVA; Pten f/f; H11LSL-Cas9 f/f; Ink4a/Arf f/f; ATRX +/+,Brain,No,Brain,,,,,,,,,,"end of experiment, looked normal",NA,NA,NA,NA,NA,NA,NA
RH,44295,25304-00,,,,,,Female`,N-TVA; Pten f/f; H11LSL-Cas9 f/f; Ink4a/Arf f/f; ATRX +/+,44145,44295,150,44146,RCAS Cre,,,,no,,,,N-TVA; Pten f/f; H11LSL-Cas9 f/f; Ink4a/Arf f/f; ATRX +/+,Brain,No,Brain,,,,,,,,,,"end of experiment, looked normal",NA,NA,NA,NA,NA,NA,NA
RH,44295,25305-01,,,,,,Female`,N-TVA; Pten f/f; H11LSL-Cas9 f/f; Ink4a/Arf f/f; ATRX +/+,44145,44295,150,44146,RCAS Cre,,,,no,,,,N-TVA; Pten f/f; H11LSL-Cas9 f/f; Ink4a/Arf f/f; ATRX +/+,Brain,No,Brain,,,,,,,,,,"end of experiment, looked normal",NA,NA,NA,NA,NA,NA,NA
RH,44274,25090-00,,,,,,Male`,N-TVA; Pten f/f; H11LSL-Cas9 f/f; Ink4a/Arf f/f; ATRX f/f,44124,44274,150,44124,RCAS Cre,,,,No,,,,N-TVA; Pten f/f; H11LSL-Cas9 f/f; Ink4a/Arf f/f; ATRX f/f,Brain,No,Brain,,,,,,,,,,,NA,NA,NA,NA,NA,NA,NA
RH,44295,25307-01,,,,,,Male`,N-TVA; Pten f/f; H11LSL-Cas9 f/f; Ink4a/Arf f/f; ATRX +/+,44145,44295,150,44146,RCAS Cre,,,,no,,,,N-TVA; Pten f/f; H11LSL-Cas9 f/f; Ink4a/Arf f/f; ATRX +/+,Brain,No,Brain,,,,,,,,,,"end of experiment, looked normal",NA,NA,NA,NA,NA,NA,NA
RH,44295,25308-03,,,,,,Male`,N-TVA; Pten f/f; H11LSL-Cas9 f/f; Ink4a/Arf f/f; ATRX +/+,44145,44295,150,44146,RCAS Cre,,,,no,,,,N-TVA; Pten f/f; H11LSL-Cas9 f/f; Ink4a/Arf f/f; ATRX +/+,Brain,No,Brain,,,,,,,,,,"end of experiment, looked normal",NA,NA,NA,NA,NA,NA,NA
RH,44295,25309-10,,,,,,Male`,N-TVA; Pten f/f; H11LSL-Cas9 f/f; Ink4a/Arf f/f; ATRX +/+,44145,44295,150,44146,RCAS Cre,,,,no,,,,N-TVA; Pten f/f; H11LSL-Cas9 f/f; Ink4a/Arf f/f; ATRX +/+,Brain,No,Brain,,,,,,,,,,"end of experiment, looked normal",NA,NA,NA,NA,NA,NA,NA
RH,44298,25328-01,,,,,,Female`,N-TVA; Pten f/f; H11LSL-Cas9 f/f; Ink4a/Arf f/f; ATRX f/f,44148,44298,150,44148,RCAS Cre,,,,no,,,,N-TVA; Pten f/f; H11LSL-Cas9 f/f; Ink4a/Arf f/f; ATRX f/f,Brain,No,Brain,,,,,,,,,,"end of experiment, looked normal",NA,NA,NA,NA,NA,NA,NA
RH,44293,25501-03,,,,,,Female`,N-TVA; Pten f/f; H11LSL-Cas9 f/f; Ink4a/Arf f/f; ATRX f/f,44167,44293,126,44168,RCAS Cre U6-sgRNA NF1 Ex2,,,,no,,,,N-TVA; Pten f/f; H11LSL-Cas9 f/f; Ink4a/Arf f/f; ATRX f/f,"Brain, skin tumor",No,"Brain, skin tumor",,,,,,,,,,"tumor was just above left eye and was becoming red, as if it was ulcering or becoming irritated. Upon necropsy, tumor was observed to be connected to the skin and not the skull. It may be connected to the audible nerve as part of the tumor seamed to be very close to the ear and was fixed with part of the ear. A peice of tumor was frozen and also used for a cell line.",NA,NA,NA,NA,NA,NA,NA
ZL,44259,25503,"Sick and hunched over, slight domed head.",,,,,Male`,N-TVA; Pten f/f; H11LSL-Cas9 f/f; Ink4a/Arf f/f; ATRX +/+,44167,44259,92,44533,RCAS Cre-U6sgRNA-ex2-NF1,,,,No,44259,,,N-TVA; Pten f/f; H11LSL-Cas9 f/f; Ink4a/Arf f/f; ATRX +/+,Brain,No,full brain,HCI-21-25503,,,yes,,,,,No,Brain was abnormally large and swollen but no clear sign of tumor tissue found.,NA,NA,NA,NA,NA,NA,NA
ZL,44259,25505,"Foun dead, must have died th enight before.",,,,,Male`,N-TVA; Pten f/f; H11LSL-Cas9 f/f; Ink4a/Arf f/f; ATRX +/+,44167,44259,92,44533,RCAS Cre-U6sgRNA-ex2-NF1,,,,"No, domed head noticed when still alive-swollen brain but found dead so hard to tell.",44246,,,N-TVA; Pten f/f; H11LSL-Cas9 f/f; Ink4a/Arf f/f; ATRX +/+,Brain,No,full brain,HCI-21-25505,,,yes,,,,,No,Brain was in good condition but hard to tell if swelling was present. Slight domed head noticed when animal was alive.,NA,NA,NA,NA,NA,NA,NA
RH,44299,25690-00,,,,,,Male`,N-TVA; Pten f/f; H11LSL-Cas9 f/f; Ink4a/Arf f/f; ATRX +/+,44184,44299,115,44187,RCAS Cre U6 sgRNA Ex2 NF1,,,,yes,,,,N-TVA; Pten f/f; H11LSL-Cas9 f/f; Ink4a/Arf f/f; ATRX f/f,Brain,No,Brain,,,,,,,,,,"mouse is showing signs of partial paralysis on 4/7. Head is tilted to one side, but still able to move around. Could have gone longer, but no sense risking mouse dying on own. Necropsy showed bulge in left top of skull, under the left side of brain looked to be a glioma, attached a little to the base of the cranial cavity and partially attached to the brain, sort of mushy, cut some off to freeze and make cell line from as well as fixed the rest with the brain",NA,NA,NA,NA,NA,NA,NA
RH,44293,25691-01,,,,,,Male`,N-TVA; Pten f/f; H11LSL-Cas9 f/f; Ink4a/Arf f/f; ATRX +/+,44184,44293,109,44187,RCAS Cre U6-sgRNA NF1 Ex2,,,,no,,,,N-TVA; Pten f/f; H11LSL-Cas9 f/f; Ink4a/Arf f/f; ATRX +/+,Brain,No,Brain,,,,,,,,,,"hind legs were paralyzed, back was hunched as a sign mouse was dehydrating and falling ill",NA,NA,NA,NA,NA,NA,NA
RH,44298,25692-03,,,,,,Male`,N-TVA; Pten f/f; H11LSL-Cas9 f/f; Ink4a/Arf f/f; ATRX +/+,44184,44298,114,44187,RCAS Cre U6-sgRNA-Ex2 NF1,,,,no,,,,N-TVA; Pten f/f; H11LSL-Cas9 f/f; Ink4a/Arf f/f; ATRX +/+,"Brain, T1, T2",No,"Brain, T1, T2",,,,,,,,,,"passed Friday health check, but found dead on Mon. After necropsy, a tumor was visable around right ear (T1) connected to the skull and separate from the skin. A second tumor is seen lower on the neck (T2) it is smaller. Tumors were fixed, brain was fixed too but mushy since this mouse was found dead.",NA,NA,NA,NA,NA,NA,NA
RH,44274,25091-01,,,,,,Male`,N-TVA; Pten f/f; H11LSL-Cas9 f/f; Ink4a/Arf f/f; ATRX f/f,44124,44274,150,44124,RCAS Cre,,,,No,,,,N-TVA; Pten f/f; H11LSL-Cas9 f/f; Ink4a/Arf f/f; ATRX f/f,Brain,No,Brain,,,,,,,,,,,NA,NA,NA,NA,NA,NA,NA
RH,44295,25694-30,,,,,,Male`,N-TVA; Pten f/f; H11LSL-Cas9 f/f; Ink4a/Arf f/f; ATRX +/+,44184,44295,111,44187,RCAS Cre U6-sgRNA NF1 Ex2,,,,no,,,,N-TVA; Pten f/f; H11LSL-Cas9 f/f; Ink4a/Arf f/f; ATRX +/+,"Brain, mushy mass under brain",No,"Brain, mushy mass under brain",,,,,,,,,,"mouse was loosing mobility in hind legs and I didn't want to chance it over the weekend. I noticed a mass of tissue under the brain, not sure if it was an enlarged cranial nerve or that ""necrotic"" tissue Zia noticed before. Growing that tissue as a cell line, but too small for fixing it or freezing it as well",NA,NA,NA,NA,NA,NA,NA
RH,44291,25742-01,,,,,,Male`,N-TVA; Pten f/f; H11LSL-Cas9 f/f; Ink4a/Arf f/f; ATRX +/+,44191,44291,100,44558,RCAS Cre U6 sgRNA Ex2 NF1,,,,yes,,,,N-TVA; Pten f/f; H11LSL-Cas9 f/f; Ink4a/Arf f/f; ATRX +/+,"Brain, cranial nerve tumor",No,Brain cranial nerve tumor,,,,,,,,,,"partially paralyzed, small mass could be part of cerebellum or could be a tumor, only did FFPE with it",NA,NA,NA,NA,NA,NA,NA
ZL,44272,25743,Sacked to tumor size,,,,,Male`,N-TVA; Pten f/f; H11LSL-Cas9 f/f; Ink4a/Arf f/f; ATRX +/+,44191,44272,81,44558,RCAS Cre-U6sgRNA-ex2-NF1,,,,Yes,,,,N-TVA; Pten f/f; H11LSL-Cas9 f/f; Ink4a/Arf f/f; ATRX +/+,Brain,No,full brain,HCI-21-25743,,,yes,,,,,No,Massive tumor encasing head. Brain unremovable. Cryo sample collected and cell line started,NA,NA,NA,NA,NA,NA,NA
RH,44298,25745-03,,,,,,Male`,N-TVA; Pten f/f; H11LSL-Cas9 f/f; Ink4a/Arf f/f; ATRX +/+,44191,44298,107,44193,RCAS Cre U6-sgRNA-Ex2 NF1,,,,no,,,,N-TVA; Pten f/f; H11LSL-Cas9 f/f; Ink4a/Arf f/f; ATRX +/+,"Brain, T1, T2",No,"Brain, T1, T2",,,,,,,,,,"only partially paralyzed, but looked very emanciated, so had to sack, small white spot on top center of skull (T1), not sure if that is anything, but fixed it anyway. Tumor was visible around the base of the spine, cross section of the spine was fixed (with bone), and piece of tumor was made into a cell line.",NA,NA,NA,NA,NA,NA,NA
RH,44299,25747-30,,,,,,Male`,N-TVA; Pten f/f; H11LSL-Cas9 f/f; Ink4a/Arf f/f; ATRX +/+,44191,44301,110,44193,RCAS Cre U6 sgRNA Ex2 NF1,,,,yes,,,,N-TVA; Pten f/f; H11LSL-Cas9 f/f; Ink4a/Arf f/f; ATRX +/+,Brain,No,Brain,,,,,,,,,,"loosing mobility in hind legs 4/12, not fully paralyzed, but looking worse, with urine stains on fur, upon necropsy - normal looking brain, no spine tumors, enlarged bladder, possibly suffering from some infection or blockage",NA,NA,NA,NA,NA,NA,NA
ZL,44258,25766,paralysis,,,,,Male`,N-TVA; Pten f/f; H11LSL-Cas9 f/f; Ink4a/Arf f/f; ATRX +/+,44193,44258,65,44558,RCAS Cre-U6sgRNA-ex2-NF1,,,,Maybe,44225,,,N-TVA; Pten f/f; H11LSL-Cas9 f/f; Ink4a/Arf f/f; ATRX +/+,Brain,No,full brain,HCI-21-25766,,,yes,,,,,No,Brain was completely hollow and filled with liquid. Mouse sacked due to paralysis,NA,NA,NA,NA,NA,NA,NA
ZL,44272,25767,paralyzed,,,,,Male`,N-TVA; Pten f/f; H11LSL-Cas9 f/f; Ink4a/Arf f/f; ATRX +/+,44193,44272,79,44558,RCAS Cre-U6sgRNA-ex2-NF1,,,,No,,,,N-TVA; Pten f/f; H11LSL-Cas9 f/f; Ink4a/Arf f/f; ATRX +/+,Brain,No,full brain,HCI-21-25767,,,yes,,,,,No,Brain looked normal,NA,NA,NA,NA,NA,NA,NA
RH,44299,26007-00,,,,,,Female`,N-TVA; Pten f/f; H11LSL-Cas9 f/f; Ink4a/Arf f/f; ATRX +/+,44216,44299,83,44218,RCAS Cre U6 sgRNA Ex2 NF1,,,,yes,,,,N-TVA; Pten f/f; H11LSL-Cas9 f/f; Ink4a/Arf f/f; ATRX +/+,"Brain, spinal cord tumor",No,"Brain, spinal cord tumor",,,,,,,,,,"nothing noticed around brain, but mouse was partially paralized in hind legs and had a spinal cord tumor around the base of the spine, cut some tumor to freeze and grow cell line from, also fixed section of tumor and spine (will need to decalcify if submitting for histology)",NA,NA,NA,NA,NA,NA,NA
RH,44355,26008-01,,,,,,Female`,N-TVA; Pten f/f; H11LSL-Cas9 f/f; Ink4a/Arf f/f; ATRX +/+,44216,44355,139,44218,RCAS Cre U6 sgRNA Ex2 NF1,,,,,,,,N-TVA; Pten f/f; H11LSL-Cas9 f/f; Ink4a/Arf f/f; ATRX +/+,Brain,No,Brain,,,,,,,,,,"R eye partially closed, and starting to loose mobility in hind legs, no sign of tumor upon necropsy",NA,NA,NA,NA,NA,NA,NA
RH,44274,25092-03,,,,,,Male`,N-TVA; Pten f/f; H11LSL-Cas9 f/f; Ink4a/Arf f/f; ATRX f/f,44124,44274,150,44124,RCAS Cre,,,,No,,,,N-TVA; Pten f/f; H11LSL-Cas9 f/f; Ink4a/Arf f/f; ATRX f/f,Brain,No,Brain,,,,,,,,,,,NA,NA,NA,NA,NA,NA,NA
RH,44285,26009-03,,,,,,Female`,N-TVA; Pten f/f; H11LSL-Cas9 f/f; Ink4a/Arf f/f; ATRX +/+,44216,44284,68,44218,RCAS Cre U6 sgRNA Ex2 NF1,,,,large head tumor,44270,,,N-TVA; Pten f/f; H11LSL-Cas9 f/f; Ink4a/Arf f/f; ATRX +/+,Brain and head tumor,No,Brain and head tumor,,,,,,,,,,"Mouse was healthy in all aspects except for head tumor that was reaching 2cm. Brain and tumor were FFPE, part of tumor was also frozen and used to grow a cell line from.",NA,NA,NA,NA,NA,NA,NA
RH,44299,26010-10,,,,,,Female`,N-TVA; Pten f/f; H11LSL-Cas9 f/f; Ink4a/Arf f/f; ATRX +/+,44216,44299,83,44218,RCAS Cre U6 sgRNA Ex2 NF1,,,,yes,,,,N-TVA; Pten f/f; H11LSL-Cas9 f/f; Ink4a/Arf f/f; ATRX +/+,"Brain, spinal cord tumor",No,"Brain, spinal cord tumor",,,,,,,,,,"nothing noticed around brain, but mouse was partially paralized in hind legs and had a spinal cord tumor around the base of the spine, cut some tumor to freeze and grow cell line from, also fixed section of tumor and spine (will need to decalcify if submitting for histology)",NA,NA,NA,NA,NA,NA,NA
RH,44299,26013-03,,,,,,Male`,N-TVA; Pten f/f; H11LSL-Cas9 f/f; Ink4a/Arf f/f; ATRX +/+,44216,44299,83,44218,RCAS Cre U6 sgRNA Ex2 NF1,,,,yes,,,,N-TVA; Pten f/f; H11LSL-Cas9 f/f; Ink4a/Arf f/f; ATRX +/+,Brain,No,Brain,,,,,,,,,,"showing partial paralysis on 4/12, decided to sack next day to avoid risk of finding dead, little nub in front of brain, not sure if anything though, normal looking everywhere else including spine.",NA,NA,NA,NA,NA,NA,NA
RH,44298,26014-10,,,,,,Male`,N-TVA; Pten f/f; H11LSL-Cas9 f/f; Ink4a/Arf f/f; ATRX +/+,44216,44298,82,44218,RCAS Cre U6-sgRNA-Ex2 NF1,,,,yes,,,,N-TVA; Pten f/f; H11LSL-Cas9 f/f; Ink4a/Arf f/f; ATRX +/+,"Brain, T1",No,"Brain, T1",,,,,,,,,,"severly paralized to where it looks like it couldn't control bowel movements or urination, noticed on a Monday, but looked fine when it was last looked at on a Friday. Upon necropsy, brain looks normal, huge tumor around the base of the spinal cord, some of the tumor was frozen, used to make a cell line, and fixed.",NA,NA,NA,NA,NA,NA,NA
RH,44287,26022-00,,,,,,Female`,N-TVA; Pten f/f; H11LSL-Cas9 f/f; Ink4a/Arf f/f; ATRX f/f,44216,44287,71,44218,RCAS Cre U6 sgRNA Ex2 NF1,,,,tumor on head above left eye,44270,,,N-TVA; Pten f/f; H11LSL-Cas9 f/f; Ink4a/Arf f/f; ATRX f/f,Brain and head tumor,No,Brain and head tumor,,,,,,,,,,"Head tumor did not appear to grow out from eye or ear, was separate from the skin, attached to the skull, no vasculature except on the periphery. Attached to the brain, but not by much is a small ball right at the front of it. That ball was preserved as well, but may or may not make it into the slides. Mouse was healthy in all aspects except for head tumor that was reaching 2cm. Brain and tumor were FFPE, part of tumor was also frozen and used to grow a cell line from.",NA,NA,NA,NA,NA,NA,NA
RH,44326,26023-00,,,,,,Male`,N-TVA; Pten f/f; H11LSL-Cas9 f/f; Ink4a/Arf f/f; ATRX f/f,44216,44326,110,44218,RCAS Cre U6 sgRNA Ex2 NF1,,,,,,,,N-TVA; Pten f/f; H11LSL-Cas9 f/f; Ink4a/Arf f/f; ATRX f/f,"Brain, head tumor",No,"Brain, head tumor",,,,,,,,,,"bump on head noticed 4/23/21, sacked when it was big enough to harvest for a cell line, fix, and freeze",NA,NA,NA,NA,NA,NA,NA
ZL,44272,26024,Sacked for tumor size,,,,,Male`,N-TVA; Pten f/f; H11LSL-Cas9 f/f; Ink4a/Arf f/f; ATRX +/+,44216,44272,56,44218,RCAS Cre-U6sgRNA-ex2-NF1,,,,Yes,44249,,,N-TVA; Pten f/f; H11LSL-Cas9 f/f; Ink4a/Arf f/f; ATRX +/+,Brain,No,full brain,HCI-21-26024,,,yes,,,,,No,Massive tumor encasing head. Brain unremovable.,NA,NA,NA,NA,NA,NA,NA
RH,44287,26037-00,,,,,,Female`,N-TVA; Pten f/f; H11LSL-Cas9 f/f; Ink4a/Arf f/f; ATRX +/+,44216,44287,71,44218,RCAS Cre U6 sgRNA Ex2 NF1,,,,looked like a domed head at first that manifested as a large head tumor,44273,,,N-TVA; Pten f/f; H11LSL-Cas9 f/f; Ink4a/Arf f/f; ATRX +/+,Brain and head tumor,No,Brain and head tumor,,,,,,,,,,"Mouse was healthy in all aspects except for head tumor that was reaching 2cm. Brain and tumor were FFPE, part of tumor was also frozen and used to grow a cell line from.",NA,NA,NA,NA,NA,NA,NA
RH,44299,26038-01,,,,,,Female`,N-TVA; Pten f/f; H11LSL-Cas9 f/f; Ink4a/Arf f/f; ATRX +/+,44220,44299,79,44222,RCAS Cre U6 sgRNA Ex2 NF1,,,,yes,,,,N-TVA; Pten f/f; H11LSL-Cas9 f/f; Ink4a/Arf f/f; ATRX +/+,"Brain, T1",No,"Brain, T1",,,,,,,,,,"tiny mass on top of skull, could see some tissue is on opposite side (inside) of skull as well, fixed entire piece of skull with that possible beginning of a tumor, will need to decalify if submitting to histology",NA,NA,NA,NA,NA,NA,NA
RH,44291,26039-03,,,,,,Male`,N-TVA; Pten f/f; H11LSL-Cas9 f/f; Ink4a/Arf f/f; ATRX +/+,44220,44291,71,44222,RCAS Cre U6 sgRNA Ex2 NF1,,,,yes,,,,N-TVA; Pten f/f; H11LSL-Cas9 f/f; Ink4a/Arf f/f; ATRX +/+,Brain,No,Brain,,,,,,,,,,"losing mobility in hind legs, fully paralyzed when it was sacked",NA,NA,NA,NA,NA,NA,NA
