"mouse_num","dob","injection_date","sac_date","nec_date","nec_by","dox_tx","zinc_fixed","parafin_block_number_s","slide_number_s","h_e","gross_visualization_of_lung_nodules","tumor_bool","nec_comments","tis_brain","tis_optic_n","tis_lung","tis_liver","tis_spinal_c","tis_cran_n","tis_eye","tum_neck","tum_cran_n","tum_spinal_c","tum_head","tum_low_back_ribs","tum_skin","tum_extracranial","tum_shoulder","tum_brain","tum_kidney","tum_bladder","tum_eye","paralysis","abnormal_appearance","nec_NED","xclude","img_sample","staining","img_path","img_date","img_by","slide_date","slide_label","slide_number"
26037,2021-01-20,2021-01-22,2021-04-01,2021-04-01,"RH",,"No",,,,,1,"looked like a domed head at first that manifested as a large head tumor. ... Mouse was healthy in all aspects except for head tumor that was reaching 2cm. Brain and tumor were FFPE, part of tumor was also frozen and used to grow a cell line from. ... Collected: Brain and head tumor ... Formalin Fixed: Brain and head tumor",1,,,,,,,,,,"1",,,,,,,,,,1,,,"T1","GFAP","E:/CaseViewer Files/ihc nf1 glioma/GFAP/slide-2022-06-07T08-46-29-R1-S1.mrxs",2022-06-07,"TE",2022-06-12,"T1 GFAP TE 612",4
26009,2021-01-20,2021-01-22,2021-03-29,2021-03-30,"RH",,"No",,,,,1,"large head tumor. ... Mouse was healthy in all aspects except for head tumor that was reaching 2cm. Brain and tumor were FFPE, part of tumor was also frozen and used to grow a cell line from. ... Collected: Brain and head tumor ... Formalin Fixed: Brain and head tumor",1,,,,,,,,,,"1",,,,,,,,,,,,,"T1","Ki67","E:/CaseViewer Files/ihc nf1 glioma/GFAP/slide-2022-06-07T09-09-53-R1-S3.mrxs",2022-06-07,"TE",,"T1 KI 67",5
26009,2021-01-20,2021-01-22,2021-03-29,2021-03-30,"RH",,"No",,,,,1,"large head tumor. ... Mouse was healthy in all aspects except for head tumor that was reaching 2cm. Brain and tumor were FFPE, part of tumor was also frozen and used to grow a cell line from. ... Collected: Brain and head tumor ... Formalin Fixed: Brain and head tumor",1,,,,,,,,,,"1",,,,,,,,,,,,,"T1","GFAP","E:/CaseViewer Files/ihc nf1 glioma/GFAP/slide-2022-06-07T09-24-08-R1-S4.mrxs",2022-06-07,"TE",,"T1 GFAP",3
26279,2021-02-19,2021-02-21,2021-04-13,2021-04-13,"RH",,"No",,,,,1,"head tumor observed, so sacked before it got too big, made cell line with it, froze a piece and fixed it. Tumor was first observed within 5 days of 4/13, but exact date was not recorded. ... Collected: Brain, T1 ... Formalin Fixed: Brain, T1",1,,,,,,,,,,"T1",,,,,,,,,,1,,,"T1","GFAP","E:/CaseViewer Files/ihc nf1 glioma/GFAP/slide-2022-06-07T09-38-17-R1-S5.mrxs",2022-06-07,"TE",2022-06-12,"T1 GFAP TE 612",5
26014,2021-01-20,2021-01-22,2021-04-12,2021-04-12,"RH",,"No",,,,,1,"severly paralized to where it looks like it couldn't control bowel movements or urination, noticed on a Monday, but looked fine when it was last looked at on a Friday. Upon necropsy, brain looks normal, huge tumor around the base of the spinal cord, some of the tumor was frozen, used to make a cell line, and fixed. ... Collected: Brain, T1 ... Formalin Fixed: Brain, T1",1,,,,,,,,,"T1",,,,,,,,,,1,1,,,"T1","GFAP","E:/CaseViewer Files/ihc nf1 glioma/GFAP/slide-2022-06-07T09-43-14-R1-S6.mrxs",2022-06-07,"TE",2022-06-12,"T1 GFAP TE 612",3
26276,2021-02-19,2021-02-21,2021-05-17,2021-05-17,"RH",,"No",,,,,1,"tumor observable on the base of spine (T1), mouse is showing partial paralysis in hind legs, also small head tumor developing (T2), froze and made cell lines of each tumor and fixed part of T1. ... Collected: Brain, spinal cord tumor (T1), head tumor (T2) ... Formalin Fixed: Brain, T1",1,,,,,,,,,"T1","T2",,,,,,,,,1,,,,"T1","GFAP","E:/CaseViewer Files/ihc nf1 glioma/GFAP/slide-2022-06-07T09-49-18-R1-S7.mrxs",2022-06-07,"TE",2022-06-12,"T1 GFAP TE 612",3
26274,2021-02-19,2020-12-22,2021-05-26,2021-05-26,"RH",,"No",,,,,1,"tumor noticed on base of spine, no other symptom or abnormality observed after necropsy, part of tumor was fixed, part was used for a cell line, and part was frozen ... Collected: Brain, spine tumor ... Formalin Fixed: Brain, spine tumor",1,,,,,,,,,"1",,,,,,,,,,,1,,,"T1","GFAP","E:/CaseViewer Files/ihc nf1 glioma/GFAP/slide-2022-06-07T09-52-57-R1-S8.mrxs",2022-06-07,"TE",2022-06-12,"T1 GFAP TE 612",4
28202,2021-10-12,2021-10-14,2021-12-27,2021-12-27,"RE",,"No",,,,,1,"intracranial tumor, sacked for tumor burden. Left frontal lobe was caved in from tumor. Tumor was attached to skull. Slice of tumor was cryopreserved. Liver had blood clot, lungs looked normal. ... Collected: Brain, Lungs, Liver, T1 ... Formalin Fixed: Brain, Lungs, Liver, T1",1,,1,1,,,,,,,,,,,,"T1",,,,,1,,,"B","GFAP","E:/CaseViewer Files/ihc nf1 glioma/GFAP/slide-2022-06-07T09-57-46-R1-S9.mrxs",2022-06-07,"TE",2022-06-12,"B GFAP TE 612",4
29409,2022-02-10,2022-02-10,2022-04-04,2022-04-04,"RE",,"No",,,,,1,"ruffled fur noticed 3/29/22, but no indication of a glioma. Found nearly dead, hunched back, sunken eyes 4/4/22. Rest of litter mates were found dead. ... Collected: Brain, Lungs, Liver ... Formalin Fixed: Brain, Lungs, Liver",1,,1,1,,,,,,,,,,,,,,,,,1,,,"B","GFAP","E:/CaseViewer Files/ihc nf1 glioma/GFAP/slide-2022-06-07T10-08-05-R1-S10.mrxs",2022-06-07,"TE",2022-06-12,"B GFAP TE 612",1
28208,2021-10-12,2021-10-14,2021-12-22,2021-12-22,"RE",,"No",,,,,1,"extracranial tumor, sacked for tumor burden. Little movement, squinted eyes. Possible blood clot on the liver. 2 extra possible tumors: one close to the kindeys, the other close to the lower intestines (bladder?) ... Collected: Brain, Lungs, Liver, T1, T2, T3 ... Formalin Fixed: Brain, Lungs, Liver, T1, T2, T3",1,,1,1,,,,,,,,,,"T1",,,"T2","T3",,1,1,,,"T1","Ki67","E:/CaseViewer Files/ihc nf1 glioma/KI67/slide-2022-06-22T11-34-00-R1-S1.mrxs",2022-06-22,"TE",,"T1 Ki67",3
26276,2021-02-19,2021-02-21,2021-05-17,2021-05-17,"RH",,"No",,,,,1,"tumor observable on the base of spine (T1), mouse is showing partial paralysis in hind legs, also small head tumor developing (T2), froze and made cell lines of each tumor and fixed part of T1. ... Collected: Brain, spinal cord tumor (T1), head tumor (T2) ... Formalin Fixed: Brain, T1",1,,,,,,,,,"T1","T2",,,,,,,,,1,,,,"T1","Ki67","E:/CaseViewer Files/ihc nf1 glioma/KI67/slide-2022-06-22T11-44-23-R1-S2.mrxs",2022-06-22,"TE",2022-05-10,"T1 Ki67 TE 5/10",4
26274,2021-02-19,2020-12-22,2021-05-26,2021-05-26,"RH",,"No",,,,,1,"tumor noticed on base of spine, no other symptom or abnormality observed after necropsy, part of tumor was fixed, part was used for a cell line, and part was frozen ... Collected: Brain, spine tumor ... Formalin Fixed: Brain, spine tumor",1,,,,,,,,,"1",,,,,,,,,,,1,,,"T1","Ki67","E:/CaseViewer Files/ihc nf1 glioma/KI67/slide-2022-06-22T11-52-43-R1-S3.mrxs",2022-06-22,"TE",2022-05-10,"T1 Ki67 TE 5/10",3
28200,2021-10-12,2021-10-14,2022-01-30,2022-01-30,"KC",,"No",,,,,1,"Lethargic, red discharge around eye. ... intracranial tumor, under left hemisphere, appears to be an optic tumor, sacked for lethargy and red discharge around eye, tumor was attached to skull, all other organs appeared normal. ... 1/20/22 lethargic and red discharge around eye ... Collected: Brain, Lungs, Liver, T1 ... Formalin Fixed: Brain, Lungs, Liver, T1",1,,1,1,,,,,,,,,,,,"T1",,,,,1,,,"T1","Ki67","E:/CaseViewer Files/ihc nf1 glioma/KI67/slide-2022-06-22T11-55-50-R1-S4.mrxs",2022-06-22,"TE",2022-05-12,"T1 Ki67 TE 5/12",3
28204,2021-10-12,2021-10-14,2022-01-03,2021-01-03,"RE",,"No",,,,,0,"Red, Sunken Eyes,Head bulge. ... Red, sunken eyes, head bulge, soft skull, fat on heart, no obs. Tumor, possible blood clot on liver ... Collected: Brain, Lungs, Liver ... Formalin Fixed: Brain, Lungs, Liver",1,,1,1,,,,,,,,,,,,,,,,,1,,,"B","Ki67","E:/CaseViewer Files/ihc nf1 glioma/KI67/slide-2022-06-22T12-00-00-R1-S5.mrxs",2022-06-22,"TE",,"B Ki67",3
28203,2021-10-12,2021-10-13,2022-01-03,2022-01-03,"RE",,"No",,,,,1,"Little Mobility in back legs,Trouble breathing,Red, sunken eyes,Extremely Underweight. ... Red, sunken eyes, possible blood clot on the liver, extracranial tumor, soft brain, little mobility on back legs, extremely underweight, normal lungs ... Collected: T1, Brain, Lungs, Liver ... Formalin Fixed: T1, Brain, Lungs, Liver",1,,1,1,,,,,,,,,,"T1",,,,,,,1,,,"T1","Ki67","E:/CaseViewer Files/ihc nf1 glioma/KI67/slide-2022-06-22T12-17-14-R1-S6.mrxs",2022-06-22,"TE",,"T1 Ki67",2
26279,2021-02-19,2021-02-21,2021-04-13,2021-04-13,"RH",,"No",,,,,1,"head tumor observed, so sacked before it got too big, made cell line with it, froze a piece and fixed it. Tumor was first observed within 5 days of 4/13, but exact date was not recorded. ... Collected: Brain, T1 ... Formalin Fixed: Brain, T1",1,,,,,,,,,,"T1",,,,,,,,,,1,,,"T1","Ki67","E:/CaseViewer Files/ihc nf1 glioma/KI67/slide-2022-06-22T12-24-53-R1-S7.mrxs",2022-06-22,"TE",2022-05-10,"T1 Ki67 TE 5/10",4
26037,2021-01-20,2021-01-22,2021-04-01,2021-04-01,"RH",,"No",,,,,1,"looked like a domed head at first that manifested as a large head tumor. ... Mouse was healthy in all aspects except for head tumor that was reaching 2cm. Brain and tumor were FFPE, part of tumor was also frozen and used to grow a cell line from. ... Collected: Brain and head tumor ... Formalin Fixed: Brain and head tumor",1,,,,,,,,,,"1",,,,,,,,,,1,,,"T1","Olig2","E:/CaseViewer Files/ihc nf1 glioma/OLIG2/slide-2022-06-27T08-29-48-R1-S1.mrxs",2022-06-27,"TE",2022-06-22,"T1 Olig2 TE 6/22",1
28200,2021-10-12,2021-10-14,2022-01-30,2022-01-30,"KC",,"No",,,,,1,"Lethargic, red discharge around eye. ... intracranial tumor, under left hemisphere, appears to be an optic tumor, sacked for lethargy and red discharge around eye, tumor was attached to skull, all other organs appeared normal. ... 1/20/22 lethargic and red discharge around eye ... Collected: Brain, Lungs, Liver, T1 ... Formalin Fixed: Brain, Lungs, Liver, T1",1,,1,1,,,,,,,,,,,,"T1",,,,,1,,,"T1","Olig2","E:/CaseViewer Files/ihc nf1 glioma/OLIG2/slide-2022-06-27T08-37-19-R1-S2.mrxs",2022-06-27,"TE",2022-06-22,"T1 Olig2 TE 6/22",2
26014,2021-01-20,2021-01-22,2021-04-12,2021-04-12,"RH",,"No",,,,,1,"severly paralized to where it looks like it couldn't control bowel movements or urination, noticed on a Monday, but looked fine when it was last looked at on a Friday. Upon necropsy, brain looks normal, huge tumor around the base of the spinal cord, some of the tumor was frozen, used to make a cell line, and fixed. ... Collected: Brain, T1 ... Formalin Fixed: Brain, T1",1,,,,,,,,,"T1",,,,,,,,,,1,1,,,"T1","Olig2","E:/CaseViewer Files/ihc nf1 glioma/OLIG2/slide-2022-06-27T08-40-01-R1-S3.mrxs",2022-06-27,"TE",2022-06-22,"T1 Olig2 TE 6/22",5
26009,2021-01-20,2021-01-22,2021-03-29,2021-03-30,"RH",,"No",,,,,1,"large head tumor. ... Mouse was healthy in all aspects except for head tumor that was reaching 2cm. Brain and tumor were FFPE, part of tumor was also frozen and used to grow a cell line from. ... Collected: Brain and head tumor ... Formalin Fixed: Brain and head tumor",1,,,,,,,,,,"1",,,,,,,,,,,,,"T1","Olig2","E:/CaseViewer Files/ihc nf1 glioma/OLIG2/slide-2022-06-27T08-46-25-R1-S4.mrxs",2022-06-27,"TE",2022-06-22,"T1 Olig2 TE 6/22",3
28202,2021-10-12,2021-10-14,2021-12-27,2021-12-27,"RE",,"No",,,,,1,"intracranial tumor, sacked for tumor burden. Left frontal lobe was caved in from tumor. Tumor was attached to skull. Slice of tumor was cryopreserved. Liver had blood clot, lungs looked normal. ... Collected: Brain, Lungs, Liver, T1 ... Formalin Fixed: Brain, Lungs, Liver, T1",1,,1,1,,,,,,,,,,,,"T1",,,,,1,,,"B","Olig2","E:/CaseViewer Files/ihc nf1 glioma/OLIG2/slide-2022-06-27T09-00-36-R1-S5.mrxs",2022-06-27,"TE",2022-06-22,"B MF Olig2 TE 6/22",5
26279,2021-02-19,2021-02-21,2021-04-13,2021-04-13,"RH",,"No",,,,,1,"head tumor observed, so sacked before it got too big, made cell line with it, froze a piece and fixed it. Tumor was first observed within 5 days of 4/13, but exact date was not recorded. ... Collected: Brain, T1 ... Formalin Fixed: Brain, T1",1,,,,,,,,,,"T1",,,,,,,,,,1,,,"T1","Olig2","E:/CaseViewer Files/ihc nf1 glioma/OLIG2/slide-2022-06-27T09-10-52-R1-S6.mrxs",2022-06-27,"TE",2022-06-22,"T1 Olig2 TE 6/22",3
28208,2021-10-12,2021-10-14,2021-12-22,2021-12-22,"RE",,"No",,,,,1,"extracranial tumor, sacked for tumor burden. Little movement, squinted eyes. Possible blood clot on the liver. 2 extra possible tumors: one close to the kindeys, the other close to the lower intestines (bladder?) ... Collected: Brain, Lungs, Liver, T1, T2, T3 ... Formalin Fixed: Brain, Lungs, Liver, T1, T2, T3",1,,1,1,,,,,,,,,,"T1",,,"T2","T3",,1,1,,,"T1","Olig2","E:/CaseViewer Files/ihc nf1 glioma/OLIG2/slide-2022-06-27T09-16-54-R1-S7.mrxs",2022-06-27,"TE",2022-06-22,"T1 MF Olig2 TE 6/22",4
26274,2021-02-19,2020-12-22,2021-05-26,2021-05-26,"RH",,"No",,,,,1,"tumor noticed on base of spine, no other symptom or abnormality observed after necropsy, part of tumor was fixed, part was used for a cell line, and part was frozen ... Collected: Brain, spine tumor ... Formalin Fixed: Brain, spine tumor",1,,,,,,,,,"1",,,,,,,,,,,1,,,"T1","Olig2","E:/CaseViewer Files/ihc nf1 glioma/OLIG2/slide-2022-06-27T09-26-18-R1-S8.mrxs",2022-06-27,"TE",2022-06-22,"T1 Olig2 TE 6/22",5
28202,2021-10-12,2021-10-14,2021-12-27,2021-12-27,"RE",,"No",,,,,1,"intracranial tumor, sacked for tumor burden. Left frontal lobe was caved in from tumor. Tumor was attached to skull. Slice of tumor was cryopreserved. Liver had blood clot, lungs looked normal. ... Collected: Brain, Lungs, Liver, T1 ... Formalin Fixed: Brain, Lungs, Liver, T1",1,,1,1,,,,,,,,,,,,"T1",,,,,1,,,"T1","Olig2","E:/CaseViewer Files/ihc nf1 glioma/OLIG2/slide-2022-06-27T09-29-25-R1-S9.mrxs",2022-06-27,"TE",2022-06-22,"T1 MF Olig2 TE 6/22",5
26276,2021-02-19,2021-02-21,2021-05-17,2021-05-17,"RH",,"No",,,,,1,"tumor observable on the base of spine (T1), mouse is showing partial paralysis in hind legs, also small head tumor developing (T2), froze and made cell lines of each tumor and fixed part of T1. ... Collected: Brain, spinal cord tumor (T1), head tumor (T2) ... Formalin Fixed: Brain, T1",1,,,,,,,,,"T1","T2",,,,,,,,,1,,,,"T1","Olig2","E:/CaseViewer Files/ihc nf1 glioma/OLIG2/slide-2022-06-27T09-33-34-R1-S10.mrxs",2022-06-27,"TE",2022-06-22,"T1 Olig2 TE 6/22",5
28207,2021-10-12,2021-10-14,2021-12-15,2021-12-16,"KC",,"No",,,,,1,"Tumor was on top of head, but did not go into the skull. The skull was intact and brain appeared normal. Lungs and Liver appeared normal ... Collected: Brain, Lungs, Liver, T1 ... Formalin Fixed: Brain, Lungs, Liver, T1",1,,1,1,,,,,,,"T1",,,,,,,,,,1,,,"T1","Olig2","E:/CaseViewer Files/ihc nf1 glioma/OLIG2/slide-2022-06-27T09-36-20-R1-S11.mrxs",2022-06-27,"TE",2022-06-22,"T1 MF Olig2 TE 6/22",5
28203,2021-10-12,2021-10-13,2022-01-03,2022-01-03,"RE",,"No",,,,,1,"Little Mobility in back legs,Trouble breathing,Red, sunken eyes,Extremely Underweight. ... Red, sunken eyes, possible blood clot on the liver, extracranial tumor, soft brain, little mobility on back legs, extremely underweight, normal lungs ... Collected: T1, Brain, Lungs, Liver ... Formalin Fixed: T1, Brain, Lungs, Liver",1,,1,1,,,,,,,,,,"T1",,,,,,,1,,,"T1","Olig2","E:/CaseViewer Files/ihc nf1 glioma/OLIG2/slide-2022-06-27T09-52-03-R1-S12.mrxs",2022-06-27,"TE",2022-06-22,"T1 MF Olig2 TE 6/22",4
26014,2021-01-20,2021-01-22,2021-04-12,2021-04-12,"RH",,"No",,,,,1,"severly paralized to where it looks like it couldn't control bowel movements or urination, noticed on a Monday, but looked fine when it was last looked at on a Friday. Upon necropsy, brain looks normal, huge tumor around the base of the spinal cord, some of the tumor was frozen, used to make a cell line, and fixed. ... Collected: Brain, T1 ... Formalin Fixed: Brain, T1",1,,,,,,,,,"T1",,,,,,,,,,1,1,,,"T1","H&E","E:/CaseViewer Files/ihc nf1 glioma/slide-2022-05-20T14-24-29-R1-S1.mrxs",2022-05-20,"TE",,,1
26281,2021-02-19,2021-02-21,2021-05-17,2021-05-19,"RH",,"No",,,,,2,"partially paralyzed on hind legs, mass observed on base of cranial cavity between the cranial nerves, used for a cell line, brain may have looked a little puffy ... Collected: Brain, cranial nerve tumor ... Formalin Fixed: Brain",1,,,,,,,,"1",,,,,,,,,,,1,1,,,,"H&E","E:/CaseViewer Files/ihc nf1 glioma/slide-2022-05-20T14-41-04-R1-S2.mrxs",2022-05-20,"TE",,,1
26037,2021-01-20,2021-01-22,2021-04-01,2021-04-01,"RH",,"No",,,,,1,"looked like a domed head at first that manifested as a large head tumor. ... Mouse was healthy in all aspects except for head tumor that was reaching 2cm. Brain and tumor were FFPE, part of tumor was also frozen and used to grow a cell line from. ... Collected: Brain and head tumor ... Formalin Fixed: Brain and head tumor",1,,,,,,,,,,"1",,,,,,,,,,1,,,"T1","H&E","E:/CaseViewer Files/ihc nf1 glioma/slide-2022-05-20T14-52-51-R1-S3.mrxs",2022-05-20,"TE",,,1
29387,2022-02-09,2022-02-10,2022-04-05,2022-04-05,"RE",,"No",,,,,1,"head bulge, hunched back, ruffled fur. Upon necropsy, likely from hydrocephalus. Brain was like a deflated balloon, and fluid flowed from the skull upon dissection. Will submit to histology for confirmation ... Collected: Brain ... Formalin Fixed: Brain",1,,,,,,,,,,,,,,,,,,,,1,,,"B","H&E","E:/CaseViewer Files/ihc nf1 glioma/slide-2022-05-20T15-02-41-R1-S4.mrxs",2022-05-20,"TE",,,1
29409,2022-02-10,2022-02-10,2022-04-04,2022-04-04,"RE",,"No",,,,,1,"ruffled fur noticed 3/29/22, but no indication of a glioma. Found nearly dead, hunched back, sunken eyes 4/4/22. Rest of litter mates were found dead. ... Collected: Brain, Lungs, Liver ... Formalin Fixed: Brain, Lungs, Liver",1,,1,1,,,,,,,,,,,,,,,,,1,,,"B","H&E","E:/CaseViewer Files/ihc nf1 glioma/slide-2022-05-20T15-23-33-R1-S5.mrxs",2022-05-20,"TE",,,1
29409,2022-02-10,2022-02-10,2022-04-04,2022-04-04,"RE",,"No",,,,,1,"ruffled fur noticed 3/29/22, but no indication of a glioma. Found nearly dead, hunched back, sunken eyes 4/4/22. Rest of litter mates were found dead. ... Collected: Brain, Lungs, Liver ... Formalin Fixed: Brain, Lungs, Liver",1,,1,1,,,,,,,,,,,,,,,,,1,,,"B","PERK","E:/CaseViewer Files/ihc nf1 glioma/slide-2022-05-21T13-28-57-R1-S1.mrxs",2022-05-21,"TE",2022-05-03,"Perk",3
29409,2022-02-10,2022-02-10,2022-04-04,2022-04-04,"RE",,"No",,,,,1,"ruffled fur noticed 3/29/22, but no indication of a glioma. Found nearly dead, hunched back, sunken eyes 4/4/22. Rest of litter mates were found dead. ... Collected: Brain, Lungs, Liver ... Formalin Fixed: Brain, Lungs, Liver",1,,1,1,,,,,,,,,,,,,,,,,1,,,"B","Ki67","E:/CaseViewer Files/ihc nf1 glioma/slide-2022-05-21T13-48-20-R1-S2.mrxs",2022-05-21,"TE",2022-05-12,"Ki67",2
26281,2021-02-19,2021-02-21,2021-05-17,2021-05-19,"RH",,"No",,,,,2,"partially paralyzed on hind legs, mass observed on base of cranial cavity between the cranial nerves, used for a cell line, brain may have looked a little puffy ... Collected: Brain, cranial nerve tumor ... Formalin Fixed: Brain",1,,,,,,,,"1",,,,,,,,,,,1,1,,,"B","PERK","E:/CaseViewer Files/ihc nf1 glioma/slide-2022-05-21T14-32-56-R1-S5.mrxs",2022-05-21,"TE",2022-05-12,"Perk",3
26281,2021-02-19,2021-02-21,2021-05-17,2021-05-19,"RH",,"No",,,,,2,"partially paralyzed on hind legs, mass observed on base of cranial cavity between the cranial nerves, used for a cell line, brain may have looked a little puffy ... Collected: Brain, cranial nerve tumor ... Formalin Fixed: Brain",1,,,,,,,,"1",,,,,,,,,,,1,1,,,"B","Ki67","E:/CaseViewer Files/ihc nf1 glioma/slide-2022-05-21T14-50-37-R1-S6.mrxs",2022-05-21,"TE",2022-05-12,"Ki67",2
29387,2022-02-09,2022-02-10,2022-04-05,2022-04-05,"RE",,"No",,,,,1,"head bulge, hunched back, ruffled fur. Upon necropsy, likely from hydrocephalus. Brain was like a deflated balloon, and fluid flowed from the skull upon dissection. Will submit to histology for confirmation ... Collected: Brain ... Formalin Fixed: Brain",1,,,,,,,,,,,,,,,,,,,,1,,,"B","Ki67","E:/CaseViewer Files/ihc nf1 glioma/slide-2022-05-24T12-50-14-R1-S1.mrxs",2022-05-24,"TE",2022-05-10,"Ki67",
29387,2022-02-09,2022-02-10,2022-04-05,2022-04-05,"RE",,"No",,,,,1,"head bulge, hunched back, ruffled fur. Upon necropsy, likely from hydrocephalus. Brain was like a deflated balloon, and fluid flowed from the skull upon dissection. Will submit to histology for confirmation ... Collected: Brain ... Formalin Fixed: Brain",1,,,,,,,,,,,,,,,,,,,,1,,,"B","PERK","E:/CaseViewer Files/ihc nf1 glioma/slide-2022-05-24T12-56-53-R1-S2.mrxs",2022-05-24,"TE",2022-05-02,"Perk",2
26037,2021-01-20,2021-01-22,2021-04-01,2021-04-01,"RH",,"No",,,,,1,"looked like a domed head at first that manifested as a large head tumor. ... Mouse was healthy in all aspects except for head tumor that was reaching 2cm. Brain and tumor were FFPE, part of tumor was also frozen and used to grow a cell line from. ... Collected: Brain and head tumor ... Formalin Fixed: Brain and head tumor",1,,,,,,,,,,"1",,,,,,,,,,1,,,"T1","Ki67","E:/CaseViewer Files/ihc nf1 glioma/slide-2022-05-24T13-04-47-R1-S3.mrxs",2022-05-24,"TE",2022-05-10,"Ki67",3
26037,2021-01-20,2021-01-22,2021-04-01,2021-04-01,"RH",,"No",,,,,1,"looked like a domed head at first that manifested as a large head tumor. ... Mouse was healthy in all aspects except for head tumor that was reaching 2cm. Brain and tumor were FFPE, part of tumor was also frozen and used to grow a cell line from. ... Collected: Brain and head tumor ... Formalin Fixed: Brain and head tumor",1,,,,,,,,,,"1",,,,,,,,,,1,,,"T1","PERK","E:/CaseViewer Files/ihc nf1 glioma/slide-2022-05-24T13-13-07-R1-S4.mrxs",2022-05-24,"TE",2022-05-03,"Perk",2
26014,2021-01-20,2021-01-22,2021-04-12,2021-04-12,"RH",,"No",,,,,1,"severly paralized to where it looks like it couldn't control bowel movements or urination, noticed on a Monday, but looked fine when it was last looked at on a Friday. Upon necropsy, brain looks normal, huge tumor around the base of the spinal cord, some of the tumor was frozen, used to make a cell line, and fixed. ... Collected: Brain, T1 ... Formalin Fixed: Brain, T1",1,,,,,,,,,"T1",,,,,,,,,,1,1,,,"T1","PERK","E:/CaseViewer Files/ihc nf1 glioma/slide-2022-05-24T13-20-55-R1-S5.mrxs",2022-05-24,"TE",2022-05-03,"Perk",2
26014,2021-01-20,2021-01-22,2021-04-12,2021-04-12,"RH",,"No",,,,,1,"severly paralized to where it looks like it couldn't control bowel movements or urination, noticed on a Monday, but looked fine when it was last looked at on a Friday. Upon necropsy, brain looks normal, huge tumor around the base of the spinal cord, some of the tumor was frozen, used to make a cell line, and fixed. ... Collected: Brain, T1 ... Formalin Fixed: Brain, T1",1,,,,,,,,,"T1",,,,,,,,,,1,1,,,"T1","Ki67","E:/CaseViewer Files/ihc nf1 glioma/slide-2022-05-24T13-26-59-R1-S6.mrxs",2022-05-24,"TE",2022-05-10,"Ki67",5
28202,2021-10-12,2021-10-14,2021-12-27,2021-12-27,"RE",,"No",,,,,1,"intracranial tumor, sacked for tumor burden. Left frontal lobe was caved in from tumor. Tumor was attached to skull. Slice of tumor was cryopreserved. Liver had blood clot, lungs looked normal. ... Collected: Brain, Lungs, Liver, T1 ... Formalin Fixed: Brain, Lungs, Liver, T1",1,,1,1,,,,,,,,,,,,"T1",,,,,1,,,"T1","Ki67","E:/CaseViewer Files/ihc nf1 glioma/slide-2022-05-24T13-33-34-R1-S7.mrxs",2022-05-24,"TE",,"Ki67",3
28204,2021-10-12,2021-10-14,2022-01-03,2021-01-03,"RE",,"No",,,,,0,"Red, Sunken Eyes,Head bulge. ... Red, sunken eyes, head bulge, soft skull, fat on heart, no obs. Tumor, possible blood clot on liver ... Collected: Brain, Lungs, Liver ... Formalin Fixed: Brain, Lungs, Liver",1,,1,1,,,,,,,,,,,,,,,,,1,,,"B","PERK","E:/CaseViewer Files/ihc nf1 glioma/slide-2022-06-07T11-49-09-R1-S1.mrxs",2022-06-07,"TE",,"Perk",5
26280,2021-02-19,2021-02-21,2021-05-05,2021-05-05,"RH",,"No",,,,,0,"mouse was bloated and looks like it is full of gas, there was an enlarged cranial nerve that was just kept for making a cell line with ... Collected: Brain, cranial nerve ... Formalin Fixed: Brain",1,,,,,1,,,,,,,,,,,,,,,1,,,"B","Ki67","E:/CaseViewer Files/ihc nf1 glioma/slide-2022-06-07T12-04-12-R1-S2.mrxs",2022-06-07,"TE",2022-05-12,"Ki67",2
28202,2021-10-12,2021-10-14,2021-12-27,2021-12-27,"RE",,"No",,,,,1,"intracranial tumor, sacked for tumor burden. Left frontal lobe was caved in from tumor. Tumor was attached to skull. Slice of tumor was cryopreserved. Liver had blood clot, lungs looked normal. ... Collected: Brain, Lungs, Liver, T1 ... Formalin Fixed: Brain, Lungs, Liver, T1",1,,1,1,,,,,,,,,,,,"T1",,,,,1,,,"T1","Ki67","E:/CaseViewer Files/ihc nf1 glioma/slide-2022-06-07T12-14-00-R1-S4.mrxs",2022-06-07,"TE",,"Ki67",3
29387,2022-02-09,2022-02-10,2022-04-05,2022-04-05,"RE",,"No",,,,,1,"head bulge, hunched back, ruffled fur. Upon necropsy, likely from hydrocephalus. Brain was like a deflated balloon, and fluid flowed from the skull upon dissection. Will submit to histology for confirmation ... Collected: Brain ... Formalin Fixed: Brain",1,,,,,,,,,,,,,,,,,,,,1,,,"B","PERK","E:/CaseViewer Files/ihc nf1 glioma/slide-2022-06-07T12-18-53-R1-S5.mrxs",2022-06-07,"TE",2022-05-02,"Perk",2
29387,2022-02-09,2022-02-10,2022-04-05,2022-04-05,"RE",,"No",,,,,1,"head bulge, hunched back, ruffled fur. Upon necropsy, likely from hydrocephalus. Brain was like a deflated balloon, and fluid flowed from the skull upon dissection. Will submit to histology for confirmation ... Collected: Brain ... Formalin Fixed: Brain",1,,,,,,,,,,,,,,,,,,,,1,,,"B","Ki67","E:/CaseViewer Files/ihc nf1 glioma/slide-2022-06-07T12-31-40-R1-S6.mrxs",2022-06-07,"TE",2022-05-10,"Ki67",3
26280,2021-02-19,2021-02-21,2021-05-05,2021-05-05,"RH",,"No",,,,,0,"mouse was bloated and looks like it is full of gas, there was an enlarged cranial nerve that was just kept for making a cell line with ... Collected: Brain, cranial nerve ... Formalin Fixed: Brain",1,,,,,1,,,,,,,,,,,,,,,1,,,,"H&E","E:/CaseViewer Files/ihc nf1 glioma/slide-2022-06-07T13-07-50-R1-S2.mrxs",2022-06-07,"TE",,,1
26014,2021-01-20,2021-01-22,2021-04-12,2021-04-12,"RH",,"No",,,,,1,"severly paralized to where it looks like it couldn't control bowel movements or urination, noticed on a Monday, but looked fine when it was last looked at on a Friday. Upon necropsy, brain looks normal, huge tumor around the base of the spinal cord, some of the tumor was frozen, used to make a cell line, and fixed. ... Collected: Brain, T1 ... Formalin Fixed: Brain, T1",1,,,,,,,,,"T1",,,,,,,,,,1,1,,,"T1","Ki67","E:/CaseViewer Files/ihc nf1 glioma/Synaptophysin and GFAP and KI67/slide-2022-06-27T10-08-47-R1-S1.mrxs",2022-06-27,"TE",2022-06-22,"Ki67",3
26009,2021-01-20,2021-01-22,2021-03-29,2021-03-30,"RH",,"No",,,,,1,"large head tumor. ... Mouse was healthy in all aspects except for head tumor that was reaching 2cm. Brain and tumor were FFPE, part of tumor was also frozen and used to grow a cell line from. ... Collected: Brain and head tumor ... Formalin Fixed: Brain and head tumor",1,,,,,,,,,,"1",,,,,,,,,,,,,"T1","Ki67","E:/CaseViewer Files/ihc nf1 glioma/Synaptophysin and GFAP and KI67/slide-2022-06-27T10-15-27-R1-S2.mrxs",2022-06-27,"TE",2022-06-22,"Ki67",1
28202,2021-10-12,2021-10-14,2021-12-27,2021-12-27,"RE",,"No",,,,,1,"intracranial tumor, sacked for tumor burden. Left frontal lobe was caved in from tumor. Tumor was attached to skull. Slice of tumor was cryopreserved. Liver had blood clot, lungs looked normal. ... Collected: Brain, Lungs, Liver, T1 ... Formalin Fixed: Brain, Lungs, Liver, T1",1,,1,1,,,,,,,,,,,,"T1",,,,,1,,,"T1","GFAP","E:/CaseViewer Files/ihc nf1 glioma/Synaptophysin and GFAP and KI67/slide-2022-06-27T10-30-38-R1-S3.mrxs",2022-06-27,"TE",2022-06-22,"GFAP",4
28202,2021-10-12,2021-10-14,2021-12-27,2021-12-27,"RE",,"No",,,,,1,"intracranial tumor, sacked for tumor burden. Left frontal lobe was caved in from tumor. Tumor was attached to skull. Slice of tumor was cryopreserved. Liver had blood clot, lungs looked normal. ... Collected: Brain, Lungs, Liver, T1 ... Formalin Fixed: Brain, Lungs, Liver, T1",1,,1,1,,,,,,,,,,,,"T1",,,,,1,,,"T1","Synaptophysin","E:/CaseViewer Files/ihc nf1 glioma/Synaptophysin and GFAP and KI67/slide-2022-06-27T10-34-54-R1-S4.mrxs",2022-06-27,"TE",2022-06-22,"Synaptophysin",2
28202,2021-10-12,2021-10-14,2021-12-27,2021-12-27,"RE",,"No",,,,,1,"intracranial tumor, sacked for tumor burden. Left frontal lobe was caved in from tumor. Tumor was attached to skull. Slice of tumor was cryopreserved. Liver had blood clot, lungs looked normal. ... Collected: Brain, Lungs, Liver, T1 ... Formalin Fixed: Brain, Lungs, Liver, T1",1,,1,1,,,,,,,,,,,,"T1",,,,,1,,,"B","Synaptophysin","E:/CaseViewer Files/ihc nf1 glioma/Synaptophysin and GFAP and KI67/slide-2022-06-27T10-39-46-R1-S5.mrxs",2022-06-27,"TE",2022-06-22,"Synaptophysin",3
28203,2021-10-12,2021-10-13,2022-01-03,2022-01-03,"RE",,"No",,,,,1,"Little Mobility in back legs,Trouble breathing,Red, sunken eyes,Extremely Underweight. ... Red, sunken eyes, possible blood clot on the liver, extracranial tumor, soft brain, little mobility on back legs, extremely underweight, normal lungs ... Collected: T1, Brain, Lungs, Liver ... Formalin Fixed: T1, Brain, Lungs, Liver",1,,1,1,,,,,,,,,,"T1",,,,,,,1,,,"T1","GFAP","E:/CaseViewer Files/ihc nf1 glioma/Synaptophysin and GFAP and KI67/slide-2022-06-27T10-51-24-R1-S6.mrxs",2022-06-27,"TE",2022-06-22,"GFAP",2
28208,2021-10-12,2021-10-14,2021-12-22,2021-12-22,"RE",,"No",,,,,1,"extracranial tumor, sacked for tumor burden. Little movement, squinted eyes. Possible blood clot on the liver. 2 extra possible tumors: one close to the kindeys, the other close to the lower intestines (bladder?) ... Collected: Brain, Lungs, Liver, T1, T2, T3 ... Formalin Fixed: Brain, Lungs, Liver, T1, T2, T3",1,,1,1,,,,,,,,,,"T1",,,"T2","T3",,1,1,,,"T1","GFAP","E:/CaseViewer Files/ihc nf1 glioma/Synaptophysin and GFAP and KI67/slide-2022-06-27T10-56-57-R1-S7.mrxs",2022-06-27,"TE",2022-06-22,"GFAP",1
26276,2021-02-19,2021-02-21,2021-05-17,2021-05-17,"RH",,"No",,,,,1,"tumor observable on the base of spine (T1), mouse is showing partial paralysis in hind legs, also small head tumor developing (T2), froze and made cell lines of each tumor and fixed part of T1. ... Collected: Brain, spinal cord tumor (T1), head tumor (T2) ... Formalin Fixed: Brain, T1",1,,,,,,,,,"T1","T2",,,,,,,,,1,,,,"T1","Synaptophysin","E:/CaseViewer Files/ihc nf1 glioma/Synaptophysin and GFAP and KI67/slide-2022-06-27T11-06-52-R1-S8.mrxs",2022-06-27,"TE",2022-06-22,"Synaptophysin",4
26037,2021-01-20,2021-01-22,2021-04-01,2021-04-01,"RH",,"No",,,,,1,"looked like a domed head at first that manifested as a large head tumor. ... Mouse was healthy in all aspects except for head tumor that was reaching 2cm. Brain and tumor were FFPE, part of tumor was also frozen and used to grow a cell line from. ... Collected: Brain and head tumor ... Formalin Fixed: Brain and head tumor",1,,,,,,,,,,"1",,,,,,,,,,1,,,"T1","Synaptophysin","E:/CaseViewer Files/ihc nf1 glioma/Synaptophysin and GFAP and KI67/slide-2022-06-27T11-11-41-R1-S9.mrxs",2022-06-27,"TE",2022-06-22,"Synaptophysin",2
28208,2021-10-12,2021-10-14,2021-12-22,2021-12-22,"RE",,"No",,,,,1,"extracranial tumor, sacked for tumor burden. Little movement, squinted eyes. Possible blood clot on the liver. 2 extra possible tumors: one close to the kindeys, the other close to the lower intestines (bladder?) ... Collected: Brain, Lungs, Liver, T1, T2, T3 ... Formalin Fixed: Brain, Lungs, Liver, T1, T2, T3",1,,1,1,,,,,,,,,,"T1",,,"T2","T3",,1,1,,,"T1","Synaptophysin","E:/CaseViewer Files/ihc nf1 glioma/Synaptophysin and GFAP and KI67/slide-2022-06-27T11-20-51-R1-S10.mrxs",2022-06-27,"TE",2022-06-22,"Synaptophysin",2
26014,2021-01-20,2021-01-22,2021-04-12,2021-04-12,"RH",,"No",,,,,1,"severly paralized to where it looks like it couldn't control bowel movements or urination, noticed on a Monday, but looked fine when it was last looked at on a Friday. Upon necropsy, brain looks normal, huge tumor around the base of the spinal cord, some of the tumor was frozen, used to make a cell line, and fixed. ... Collected: Brain, T1 ... Formalin Fixed: Brain, T1",1,,,,,,,,,"T1",,,,,,,,,,1,1,,,"T1","Synaptophysin","E:/CaseViewer Files/ihc nf1 glioma/Synaptophysin and GFAP and KI67/slide-2022-06-27T11-31-46-R1-S11.mrxs",2022-06-27,"TE",2022-06-22,"Synaptophysin",1
28203,2021-10-12,2021-10-13,2022-01-03,2022-01-03,"RE",,"No",,,,,1,"Little Mobility in back legs,Trouble breathing,Red, sunken eyes,Extremely Underweight. ... Red, sunken eyes, possible blood clot on the liver, extracranial tumor, soft brain, little mobility on back legs, extremely underweight, normal lungs ... Collected: T1, Brain, Lungs, Liver ... Formalin Fixed: T1, Brain, Lungs, Liver",1,,1,1,,,,,,,,,,"T1",,,,,,,1,,,"T1","Synaptophysin","E:/CaseViewer Files/ihc nf1 glioma/Synaptophysin and GFAP and KI67/slide-2022-06-27T11-38-09-R1-S12.mrxs",2022-06-27,"TE",2022-06-22,"Synaptophysin",3
28202,2021-10-12,2021-10-14,2021-12-27,2021-12-27,"RE",,"No",,,,,1,"intracranial tumor, sacked for tumor burden. Left frontal lobe was caved in from tumor. Tumor was attached to skull. Slice of tumor was cryopreserved. Liver had blood clot, lungs looked normal. ... Collected: Brain, Lungs, Liver, T1 ... Formalin Fixed: Brain, Lungs, Liver, T1",1,,1,1,,,,,,,,,,,,"T1",,,,,1,,,"T1","H&E","E:/CaseViewer Files/NF1 Glioma IHC Figure Files/slide-2022-04-06T14-00-50-R1-S1.mrxs",2022-04-06,"RE",,,1
23291,2020-04-03,2020-04-05,2020-06-29,2020-06-30,"ZL","No",,"HCI -20-23291-BR",1,"yes",,1,"Blind and disfigured from tumors growing on head. ... Effectively blind, tumors on face and head completely swelled eyes shut.. ... Collected: Brain ... Formalin Fixed: Yes",1,,,,,,,,,,"1",,,,,,,,,,,,,"B","H&E","E:/CaseViewer Files/Rick Heinz Caseviewer Files/RH020/Glioma H&E/Serial H&E/slide-2021-09-16T13-36-14-R2-S1.mrxs",2021-09-16,"RH",,,3
23294,2020-04-03,2020-04-05,2020-07-21,2020-07-21,"ZL","No",,"HCI -20-23294-BR",1,"yes",,1,"Very large tumor growing out of bone on skull at location of injection. Enlarged cranial nerve on posterior right side of head.. ... Very large tumor growing outside of skull + complete paralysis. ... Collected: Brain ... Formalin Fixed: Yes",1,,,,,,,,,,,,,"1",,,,,,1,,,,"B","H&E","E:/CaseViewer Files/Rick Heinz Caseviewer Files/RH020/Glioma H&E/Serial H&E/slide-2021-09-16T13-47-44-R2-S2.mrxs",2021-09-16,"RH",,,6
23527,2020-04-22,2020-04-23,2020-07-27,2020-07-27,"ZL","No",,,1,"yes",,1,"Hollow left hemisphere maybe filled with liquid + tumor on right posterior cranial nerve. ... Complete paralysis.. ... 2020-06-04 Slight domed head noticed ... Collected: Brain ... Formalin Fixed: Yes",1,,,,,,,,"1",,,,,,,,,,,1,1,,,"B","H&E","E:/CaseViewer Files/Rick Heinz Caseviewer Files/RH020/Glioma H&E/Serial H&E/slide-2021-09-16T13-59-12-R2-S3.mrxs",2021-09-16,"RH",,,6
23786,2020-05-23,2020-05-24,2020-07-27,2020-07-27,"ZL","No",,,1,"yes",,2,"Mushy gray tissue underneath brain surrounding cranial nerves, brain softer than normal enlarged as well. ... Completely paralyzed.. ... 2020-07-20 Slight domed head noticed ... Collected: Brain ... Formalin Fixed: Yes",1,,,,,,,,"1",,,,,,,,,,,1,1,,,"B","H&E","E:/CaseViewer Files/Rick Heinz Caseviewer Files/RH020/Glioma H&E/Serial H&E/slide-2021-09-16T14-27-29-R2-S5.mrxs",2021-09-16,"RH",,,3
23792,2020-05-23,2020-05-24,2020-08-13,2020-08-13,"ZL","No",,,1,"yes",,1,"small cranial nerve tumor. ... difficulty breathing. ... Collected: Brain ... Formalin Fixed: Yes",1,,,,,,,,"1",,,,,,,,,,,,1,,,"B","H&E","E:/CaseViewer Files/Rick Heinz Caseviewer Files/RH020/Glioma H&E/Serial H&E/slide-2021-09-16T14-51-11-R2-S6.mrxs",2021-09-16,"RH",,,3
23823,2020-05-28,2020-05-29,2020-07-21,2020-07-21,"ZL","No",,"HCI -20-23823-BR",1,"yes",,1,"Very large brain which accounted for domed head, large tumor underneath brain surrounding left frontal cranial nerve.. ... slight domed head and complete paralysis.. ... Collected: Brain ... Formalin Fixed: Yes",1,,,,,,,,"1",,,,,,,,,,,1,,,,"B","H&E","E:/CaseViewer Files/Rick Heinz Caseviewer Files/RH020/Glioma H&E/Serial H&E/slide-2021-09-16T15-03-08-R2-S7.mrxs",2021-09-16,"RH",,,3
23866,2020-05-30,2020-06-01,2020-08-07,2020-08-07,"ZL","No",,,1,"yes",,1,"Medium sized necrotic tumor underneath brain surrounding cranial nerves and brain.. ... Weak and sickly with domed head. ... Collected: Brain ... Formalin Fixed: Yes",1,,,,,,,,"1",,,,,,,,,,,,,,,"B","H&E","E:/CaseViewer Files/Rick Heinz Caseviewer Files/RH020/Glioma H&E/Serial H&E/slide-2021-09-16T15-16-24-R2-S8.mrxs",2021-09-16,"RH",,,3
25690,2020-12-19,2020-12-22,2021-04-13,2021-04-13,"RH",,"No",,,,,1,"mouse is showing signs of partial paralysis on 4/7. Head is tilted to one side, but still able to move around. Could have gone longer, but no sense risking mouse dying on own. Necropsy showed bulge in left top of skull, under the left side of brain looked to be a glioma, attached a little to the base of the cranial cavity and partially attached to the brain, sort of mushy, cut some off to freeze and make cell line from as well as fixed the rest with the brain ... Collected: Brain ... Formalin Fixed: Brain",1,,,,,,,,"1",,,,,,,,,,,1,1,,,,"H&E","E:/CaseViewer Files/Rick Heinz Caseviewer Files/RH020/Glioma H&E/Serial H&E/slide-2021-09-16T15-29-36-R2-S9.mrxs",2021-09-16,"RH",,"original",3
25694,2020-12-19,2020-12-22,2021-04-09,2021-04-09,"RH",,"No",,,,,0,"mouse was loosing mobility in hind legs and I didn't want to chance it over the weekend. I noticed a mass of tissue under the brain, not sure if it was an enlarged cranial nerve or that ""necrotic"" tissue Zia noticed before. Growing that tissue as a cell line, but too small for fixing it or freezing it as well ... Collected: Brain, mushy mass under brain ... Formalin Fixed: Brain, mushy mass under brain",1,,,,,1,,,"1",,,,,,,,,,,1,1,,,,"H&E","E:/CaseViewer Files/Rick Heinz Caseviewer Files/RH020/Glioma H&E/Serial H&E/slide-2021-09-16T15-43-10-R2-S10.mrxs",2021-09-16,"RH",,,3
25741,2020-12-26,2020-12-28,2021-05-14,2021-05-21,"RH",,"No",,,,,1,"mouse looked like it was becoming emanciated and starting to have a hunched back, upon necropsy, there was a cranial nerve tumor somewhat attched to the base of the cranial cavity, and not as attached to the brain. A part of the tumor was fixed with the brain, while another part was frozen and used for a cell line. ... Collected: Brain, cranial nerve tumor ... Formalin Fixed: Brain",1,,,,,,,,"1",,,,,,,,,,,,1,,,,"H&E","E:/CaseViewer Files/Rick Heinz Caseviewer Files/RH020/Glioma H&E/Serial H&E/slide-2021-09-16T15-53-50-R2-S11.mrxs",2021-09-16,"RH",,,3
25767,2020-12-28,2021-12-28,2021-03-17,2021-03-17,"ZL",,"No","HCI-21-25767",,"yes","No",0,"paralyzed. ... Brain looked normal ... Collected: Brain ... Formalin Fixed: full brain",1,,,,,,,,,,,,,,,,,,,1,,,,"B","H&E","E:/CaseViewer Files/Rick Heinz Caseviewer Files/RH020/Glioma H&E/Serial H&E/slide-2021-09-16T16-18-38-R2-S12.mrxs",2021-09-16,"RH",,,3
26066,2021-01-24,2021-01-26,2021-04-26,2021-04-26,"RH",,"No",,,,,0,"bulge noticed in scrotum and mouse is more emanciated than others in cage, it is a hernia, no sign of tumor ... Collected: Brain ... Formalin Fixed: Brain",1,,,,,,,,,,,,,,,,,,,,,,,"B","H&E","E:/CaseViewer Files/Rick Heinz Caseviewer Files/RH020/Glioma H&E/Serial H&E/slide-2021-09-16T18-31-47-R2-S2.mrxs",2021-09-16,"RH",,,3
26137,2021-01-31,2021-02-02,2021-04-05,2021-04-05,"RH",,"No",,,,,2,"Found dead on a Monday, so could have died up to 3 days earlier. Brain was sort of mushy, so it was not in the best condition, but was able to be removed for histology. No other signs of tumor. ... Collected: Brain ... Formalin Fixed: Brain",1,,,,,,,,,,,,,,,,,,,,1,,,"B","H&E","E:/CaseViewer Files/Rick Heinz Caseviewer Files/RH020/Glioma H&E/Serial H&E/slide-2021-09-16T18-43-19-R2-S3.mrxs",2021-09-16,"RH",,,3
26143,2021-01-31,2021-02-02,2021-06-23,2021-06-23,"RH",,"No",,,,"No",0,"mouse is puffy, not moving around much, slow breathing. ... Brain looked uncharacteristically white and it did not separate from the skull cleanly ... Collected: Brain ... Formalin Fixed: Brain",1,,,,,,,,,,,,,,,,,,,,1,,,,"H&E","E:/CaseViewer Files/Rick Heinz Caseviewer Files/RH020/Glioma H&E/Serial H&E/slide-2021-09-16T19-09-51-R2-S5.mrxs",2021-09-16,"RH",,,3
23966,2020-06-15,2020-06-18,2020-10-02,2020-10-30,"ZL","No",,,1,"yes",,1,"Large tumor growing underneath brain, and small growth under skin on shoulder.. ... Mouse was very sickly barely moving. ... Collected: Brain, tumor underneath brain as well as shoulder tumor. Brain tumor and shoulder tumor used to create cell lines. Frozen sample of nerve tumor as well ... Formalin Fixed: Yes",1,,,,,,,,"1",,,,,,1,"1",,,,,,,,"B","H&E","E:/CaseViewer Files/Rick Heinz Caseviewer Files/RH020/Glioma H&E/Serial H&E/slide-2021-09-29T10-17-35-R2-S1.mrxs",2021-09-29,"RH",,,3
25025,2020-10-13,2020-10-14,2021-01-27,2021-01-27,"RH",,"No","HCI-20-25025",,"yes","No",1,"lethargic, domed head, hunched back. ... brain looked hollow, fixed the entire brain just incase it was a rare brain tumor. Brainstem/spinal chord looked enlarged. Not a big enough tumor to justify fixing and freezing a portion, so I just trypsinized it for a cell line. ... Collected: Brain, spinal cord/brain stem ... Formalin Fixed: full brain",1,,,,1,,,,,"1",,,,,,,,,,,1,,,"B","H&E","E:/CaseViewer Files/Rick Heinz Caseviewer Files/RH020/Glioma H&E/Serial H&E/slide-2021-09-29T10-29-20-R2-S2.mrxs",2021-09-29,"RH",,,3
23527,2020-04-22,2020-04-23,2020-07-27,2020-07-27,"ZL","No",,,1,"yes",,1,"Hollow left hemisphere maybe filled with liquid + tumor on right posterior cranial nerve. ... Complete paralysis.. ... 2020-06-04 Slight domed head noticed ... Collected: Brain ... Formalin Fixed: Yes",1,,,,,,,,"1",,,,,,,,,,,1,1,,,"B","H&E","E:/CaseViewer Files/Rick Heinz Caseviewer Files/RH020/Glioma H&E/slide-2021-07-08T13-24-54-R1-S10.mrxs",2021-07-08,"RH",,"*",1
25025,2020-10-13,2020-10-14,2021-01-27,2021-01-27,"RH",,"No","HCI-20-25025",,"yes","No",1,"lethargic, domed head, hunched back. ... brain looked hollow, fixed the entire brain just incase it was a rare brain tumor. Brainstem/spinal chord looked enlarged. Not a big enough tumor to justify fixing and freezing a portion, so I just trypsinized it for a cell line. ... Collected: Brain, spinal cord/brain stem ... Formalin Fixed: full brain",1,,,,1,,,,,"1",,,,,,,,,,,1,,,"B","H&E","E:/CaseViewer Files/Rick Heinz Caseviewer Files/RH020/Glioma H&E/slide-2021-07-08T13-37-23-R1-S11.mrxs",2021-07-08,"RH",,"*",1
25503,2020-12-02,2021-12-03,2021-03-04,2021-03-04,"ZL",,"No","HCI-21-25503",,"yes","No",0,"Sick and hunched over, slight domed head.. ... Brain was abnormally large and swollen but no clear sign of tumor tissue found. ... Collected: Brain ... Formalin Fixed: full brain",1,,,,,,,,,,,,,,,,,,,,1,,,"B","H&E","E:/CaseViewer Files/Rick Heinz Caseviewer Files/RH020/Glioma H&E/slide-2021-07-08T13-52-47-R1-S12.mrxs",2021-07-08,"RH",,"*",1
22846,2020-02-17,2020-02-20,2020-06-01,2020-06-01,"ZL","No",,"HCI -20-22846-BR",1,"yes",,0,"Difficulty moving, weirdly shaped head. ... Difficulty moving and breathing, mishapen head. ... Collected: Brain ... Formalin Fixed: Yes",1,,,,,,,,,,,,,,,,,,,1,1,,,"B","H&E","E:/CaseViewer Files/Rick Heinz Caseviewer Files/RH020/Glioma H&E/slide-2021-07-08T14-12-04-R3-S1.mrxs",2021-07-08,"RH",,,1
23397,2020-04-10,2020-04-11,2020-06-26,2020-06-26,"ZL","No",,"HCI -20-23397-BR",1,"yes",,1,"large white tumor underneath left parietal lobe. ... complete paralysis + very hunched back. ... Collected: Brain ... Formalin Fixed: Yes",1,,,,,,,,,,,,,,,"1",,,,1,1,,,"B","H&E","E:/CaseViewer Files/Rick Heinz Caseviewer Files/RH020/Glioma H&E/slide-2021-07-08T14-23-21-R3-S2.mrxs",2021-07-08,"RH",,,1
23786,2020-05-23,2020-05-24,2020-07-27,2020-07-27,"ZL","No",,,1,"yes",,2,"Mushy gray tissue underneath brain surrounding cranial nerves, brain softer than normal enlarged as well. ... Completely paralyzed.. ... 2020-07-20 Slight domed head noticed ... Collected: Brain ... Formalin Fixed: Yes",1,,,,,,,,"1",,,,,,,,,,,1,1,,,"B","H&E","E:/CaseViewer Files/Rick Heinz Caseviewer Files/RH020/Glioma H&E/slide-2021-07-08T14-47-22-R3-S4.mrxs",2021-07-08,"RH",,,1
23787,2020-05-23,2020-05-24,2020-08-04,2020-08-04,"ZL","No",,,1,"yes",,1,"Small necrotic tumor underneath brain surrounding left cranial nerves. ... Completely paralyzed. ... Collected: Brain ... Formalin Fixed: Yes",1,,,,,,,,"1",,,,,,,,,,,1,,,,"B","H&E","E:/CaseViewer Files/Rick Heinz Caseviewer Files/RH020/Glioma H&E/slide-2021-07-08T15-02-29-R3-S5.mrxs",2021-07-08,"RH",,,
23791,2020-05-23,2020-05-24,2020-07-31,2020-07-31,"ZL","No",,,1,"yes",,1,"tumor underneath brain surrounding cranial nerves, very soft necrotic tissue surrounding brain. ... domed head, weak/paralyzed body, difficulty breathing. ... Collected: Brain ... Formalin Fixed: Yes",1,,,,,,,,"1",,,,,,,,,,,1,1,,,"B","H&E","E:/CaseViewer Files/Rick Heinz Caseviewer Files/RH020/Glioma H&E/slide-2021-07-08T15-12-04-R3-S6.mrxs",2021-07-08,"RH",,,1
23792,2020-05-23,2020-05-24,2020-08-13,2020-08-13,"ZL","No",,,1,"yes",,1,"small cranial nerve tumor. ... difficulty breathing. ... Collected: Brain ... Formalin Fixed: Yes",1,,,,,,,,"1",,,,,,,,,,,,1,,,"B","H&E","E:/CaseViewer Files/Rick Heinz Caseviewer Files/RH020/Glioma H&E/slide-2021-07-08T15-24-32-R3-S7.mrxs",2021-07-08,"RH",,"?",1
23823,2020-05-28,2020-05-29,2020-07-21,2020-07-21,"ZL","No",,"HCI -20-23823-BR",1,"yes",,1,"Very large brain which accounted for domed head, large tumor underneath brain surrounding left frontal cranial nerve.. ... slight domed head and complete paralysis.. ... Collected: Brain ... Formalin Fixed: Yes",1,,,,,,,,"1",,,,,,,,,,,1,,,,"B","H&E","E:/CaseViewer Files/Rick Heinz Caseviewer Files/RH020/Glioma H&E/slide-2021-07-08T15-36-41-R3-S8.mrxs",2021-07-08,"RH",,,1
23826,2020-05-28,2020-05-29,2020-07-31,2020-07-31,"ZL","No",,,1,"yes",,1,"Tumor surrounding left posterior cranial nerve. ... weak/paralyzed body, difficulty breathing. ... Collected: Brain ... Formalin Fixed: Yes",1,,,,,,,,"1",,,,,,,,,,,1,,,,"B","H&E","E:/CaseViewer Files/Rick Heinz Caseviewer Files/RH020/Glioma H&E/slide-2021-07-08T15-48-58-R3-S9.mrxs",2021-07-08,"RH",,,1
23966,2020-06-15,2020-06-18,2020-10-02,2020-10-30,"ZL","No",,,1,"yes",,1,"Large tumor growing underneath brain, and small growth under skin on shoulder.. ... Mouse was very sickly barely moving. ... Collected: Brain, tumor underneath brain as well as shoulder tumor. Brain tumor and shoulder tumor used to create cell lines. Frozen sample of nerve tumor as well ... Formalin Fixed: Yes",1,,,,,,,,"1",,,,,,1,"1",,,,,,,,"B","H&E","E:/CaseViewer Files/Rick Heinz Caseviewer Files/RH020/Glioma H&E/slide-2021-07-08T16-00-06-R3-S10.mrxs",2021-07-08,"RH",,,1
23967,2020-06-15,2020-06-18,2020-09-15,2020-09-15,"ZL","No",,,1,"yes",,1,"Necrotic tussie underneath brain. ... Sickly with tumor growing on head and large tumor groeing on hips/base of spine. ... Collected: Brain, head tumor, spine tumorVery large tumor encasing half of spine, all of the hips and at base of tail. Head tumor as well, and necrotic tissue underneath brain ... Formalin Fixed: Yes",1,,,,,,,,,"1","1",,,,,,,,,,1,,,"B","H&E","E:/CaseViewer Files/Rick Heinz Caseviewer Files/RH020/Glioma H&E/slide-2021-07-08T16-11-12-R3-S11.mrxs",2021-07-08,"RH",,,1
23866,2020-05-30,2020-06-01,2020-08-07,2020-08-07,"ZL","No",,,1,"yes",,1,"Medium sized necrotic tumor underneath brain surrounding cranial nerves and brain.. ... Weak and sickly with domed head. ... Collected: Brain ... Formalin Fixed: Yes",1,,,,,,,,"1",,,,,,,,,,,,,,,"B","H&E","E:/CaseViewer Files/Rick Heinz Caseviewer Files/RH020/Glioma H&E/slide-2021-07-08T16-22-37-R3-S12.mrxs",2021-07-08,"RH",,,
24988,2020-10-11,2020-10-12,2021-02-16,2021-02-16,"ZL",,"No","HCI-20-24988",,"yes","No",1,"Sick, breathing weird, very large distended stomach.. ... Brain slightly large, necrotic tissue/tumor underneath brain and in cavity. No cell line started, most scooped out with brain.,Very disteneded stomach was due to all digestive organs being maximally filled with gas including stomach. ... Collected: Brain ... Formalin Fixed: Yes, necrotic tmuor stuck to bottom of brain and cavity, scooped all up and formalin fixed",1,,,,,,,,,,,,,,,"1",,,,,1,,,"B","H&E","E:/CaseViewer Files/Rick Heinz Caseviewer Files/RH020/Glioma H&E/slide-2021-07-09T11-46-57-R1-S2.mrxs",2021-07-09,"RH",,,1
25692,2020-12-19,2020-12-22,2021-04-12,2021-04-12,"RH",,"No",,,,,0,"passed Friday health check, but found dead on Mon. After necropsy, a tumor was visable around right ear (T1) connected to the skull and separate from the skin. A second tumor is seen lower on the neck (T2) it is smaller. Tumors were fixed, brain was fixed too but mushy since this mouse was found dead. ... Collected: Brain, T1, T2 ... Formalin Fixed: Brain, T1, T2",1,,,,,,,"T2",,,"T1",,,,,,,,,,,,,,"H&E","E:/CaseViewer Files/Rick Heinz Caseviewer Files/RH020/Glioma H&E/slide-2021-07-09T12-20-10-R1-S4.mrxs",2021-07-09,"RH",,,1
25694,2020-12-19,2020-12-22,2021-04-09,2021-04-09,"RH",,"No",,,,,0,"mouse was loosing mobility in hind legs and I didn't want to chance it over the weekend. I noticed a mass of tissue under the brain, not sure if it was an enlarged cranial nerve or that ""necrotic"" tissue Zia noticed before. Growing that tissue as a cell line, but too small for fixing it or freezing it as well ... Collected: Brain, mushy mass under brain ... Formalin Fixed: Brain, mushy mass under brain",1,,,,,1,,,"1",,,,,,,,,,,1,1,,,,"H&E","E:/CaseViewer Files/Rick Heinz Caseviewer Files/RH020/Glioma H&E/slide-2021-07-09T12-35-06-R1-S5.mrxs",2021-07-09,"RH",,,1
25767,2020-12-28,2021-12-28,2021-03-17,2021-03-17,"ZL",,"No","HCI-21-25767",,"yes","No",0,"paralyzed. ... Brain looked normal ... Collected: Brain ... Formalin Fixed: full brain",1,,,,,,,,,,,,,,,,,,,1,,,,"B","H&E","E:/CaseViewer Files/Rick Heinz Caseviewer Files/RH020/Glioma H&E/slide-2021-07-09T12-50-19-R1-S6.mrxs",2021-07-09,"RH",,"*",1
26066,2021-01-24,2021-01-26,2021-04-26,2021-04-26,"RH",,"No",,,,,0,"bulge noticed in scrotum and mouse is more emanciated than others in cage, it is a hernia, no sign of tumor ... Collected: Brain ... Formalin Fixed: Brain",1,,,,,,,,,,,,,,,,,,,,,,,,"H&E","E:/CaseViewer Files/Rick Heinz Caseviewer Files/RH020/Glioma H&E/slide-2021-07-09T13-17-17-R1-S8.mrxs",2021-07-09,"RH",,,1
26137,2021-01-31,2021-02-02,2021-04-05,2021-04-05,"RH",,"No",,,,,2,"Found dead on a Monday, so could have died up to 3 days earlier. Brain was sort of mushy, so it was not in the best condition, but was able to be removed for histology. No other signs of tumor. ... Collected: Brain ... Formalin Fixed: Brain",1,,,,,,,,,,,,,,,,,,,,1,,,"B","H&E","E:/CaseViewer Files/Rick Heinz Caseviewer Files/RH020/Glioma H&E/slide-2021-07-09T15-17-53-R2-S1.mrxs",2021-07-09,"RH",,,1
23526,2020-04-22,2020-04-23,2020-07-06,2020-06-30,"ZL","No",,"HCI -20-23526-BR",1,"yes",,1,"Completely paralyzed, and large tumor covering entired skull. Brain underneath skull appeared normal. ... Paralyzed with large tumor growing on skull. ... Collected: Brain ... Formalin Fixed: Yes",1,,,,,,,,,,"1",,,,,,,,,1,,,,"B","H&E","E:/CaseViewer Files/Rick Heinz Caseviewer Files/RH020/Glioma H&E/slide-2021-07-09T15-28-06-R2-S2.mrxs",2021-07-09,"RH",,,1
23524,2020-04-22,2020-04-23,2020-07-16,2020-07-16,"RH","No",,"HCI -20-23524-BR",1,"yes",,1,"Tumor behind right eye. Looks like a tumor of the occular nerve. Brain looks normal otherwise.. ... Right eye is enlarged and could rupture. ... HCI-20-23524-SpCo,HCI-20-23524-Ey ... Collected: Brain, eye, spinal cord (not intact) ... Formalin Fixed: Yes",1,,,,1,,1,,,,,,,,,,,,1,,,,,"B","H&E","E:/CaseViewer Files/Rick Heinz Caseviewer Files/RH020/Glioma H&E/slide-2021-07-09T15-44-35-R2-S3.mrxs",2021-07-09,"RH",,,1
23467,2020-04-19,2020-04-20,2020-08-05,2020-08-05,"ZL","No",,,1,"yes",,1,"Very large tumor underneath brain emanating from left optic cranial nerve. ... Domed head, weak and sickly, difficulty breathing. ... Collected: Brain ... Formalin Fixed: Yes",1,,,,,,,,"1",,,,,,,,,,,,1,,,"B","H&E","E:/CaseViewer Files/Rick Heinz Caseviewer Files/RH020/Glioma H&E/slide-2021-07-09T15-54-35-R2-S4.mrxs",2021-07-09,"RH",,,
23294,2020-04-03,2020-04-05,2020-07-21,2020-07-21,"ZL","No",,"HCI -20-23294-BR",1,"yes",,1,"Very large tumor growing out of bone on skull at location of injection. Enlarged cranial nerve on posterior right side of head.. ... Very large tumor growing outside of skull + complete paralysis. ... Collected: Brain ... Formalin Fixed: Yes",1,,,,,,,,,,,,,"1",,,,,,1,,,,"B","H&E","E:/CaseViewer Files/Rick Heinz Caseviewer Files/RH020/Glioma H&E/slide-2021-07-09T16-11-41-R2-S5.mrxs",2021-07-09,"RH",,,1
23291,2020-04-03,2020-04-05,2020-06-29,2020-06-30,"ZL","No",,"HCI -20-23291-BR",1,"yes",,1,"Blind and disfigured from tumors growing on head. ... Effectively blind, tumors on face and head completely swelled eyes shut.. ... Collected: Brain ... Formalin Fixed: Yes",1,,,,,,,,,,"1",,,,,,,,,,,,,"B","H&E","E:/CaseViewer Files/Rick Heinz Caseviewer Files/RH020/Glioma H&E/slide-2021-07-09T17-02-53-R2-S6.mrxs",2021-07-09,"RH",,,1
23293,2020-04-03,2020-04-05,2020-06-26,2020-06-15,"ZL","No",,"HCI -20-23293-BR",1,"yes",,0,"Bottom of brain was completely mush, normal tissue present and underneath brain grey/white mush slightly attached to brain. ... Difficulty breathing, looked sick, slightly mishapen head.. ... Collected: Brain ... Formalin Fixed: Yes",1,,,,,,,,,,,,,,,,,,,1,1,,,"B","H&E","E:/CaseViewer Files/Rick Heinz Caseviewer Files/RH020/Glioma H&E/slide-2021-07-09T17-15-51-R2-S7.mrxs",2021-07-09,"RH",,,1
23287,2020-04-03,2020-04-05,2020-07-01,2020-07-01,"ZL","No",,"HCI -20-23287-BR",1,"yes",,1,"Large white mass underneath brain and enveloping cranial nerves. Tumor present outside skull on eye as well.. ... Large tumor growing through eye, eye burst open.. ... Collected: Brain ... Formalin Fixed: Yes",1,,,,,,,,"1",,,,,"1",,,,,1,,,,,"B","H&E","E:/CaseViewer Files/Rick Heinz Caseviewer Files/RH020/Glioma H&E/slide-2021-07-09T17-28-46-R2-S8.mrxs",2021-07-09,"RH",,,1
23270,2020-04-17,2020-04-23,2020-07-01,2020-07-01,"ZL","No",,"HCI -20-23270-BR",1,"yes",,0,"Brain looked relatively normal. ... Mouse was fully paralyzed. ... Collected: Brain ... Formalin Fixed: Yes",1,,,,,,,,,,,,,,,,,,,1,,,,"B","H&E","E:/CaseViewer Files/Rick Heinz Caseviewer Files/RH020/Glioma H&E/slide-2021-07-09T17-44-02-R2-S9.mrxs",2021-07-09,"RH",,,1
22925,2020-03-03,2020-03-05,2020-06-18,2020-05-24,"GP","No",,"HCI-22925-BR",1,"yes",,1,"large white mass under brain. Rick thinks enlarged pituitary. ... protruding rectum, difficulty walking. ... Collected: Brain ... Formalin Fixed: Yes",1,,,,,,,,"1",,,,,,,,,,,,1,,,"B","H&E","E:/CaseViewer Files/Rick Heinz Caseviewer Files/RH020/Glioma H&E/slide-2021-07-09T17-57-55-R2-S10.mrxs",2021-07-09,"RH",,"tumor on bottom of brain",1
25503,2020-12-02,2021-12-03,2021-03-04,2021-03-04,"ZL",,"No","HCI-21-25503",,"yes","No",0,"Sick and hunched over, slight domed head.. ... Brain was abnormally large and swollen but no clear sign of tumor tissue found. ... Collected: Brain ... Formalin Fixed: full brain",1,,,,,,,,,,,,,,,,,,,,1,,,"B","Ki67","E:/CaseViewer Files/Rick Heinz Caseviewer Files/RH020/Glioma Ki67/Not Glioma/slide-2021-08-19T10-30-05-R4-S2.mrxs",2021-08-19,"RH",,"Ki67",1
23293,2020-04-03,2020-04-05,2020-06-26,2020-06-15,"ZL","No",,"HCI -20-23293-BR",1,"yes",,0,"Bottom of brain was completely mush, normal tissue present and underneath brain grey/white mush slightly attached to brain. ... Difficulty breathing, looked sick, slightly mishapen head.. ... Collected: Brain ... Formalin Fixed: Yes",1,,,,,,,,,,,,,,,,,,,1,1,,,"B","Ki67","E:/CaseViewer Files/Rick Heinz Caseviewer Files/RH020/Glioma Ki67/Not Glioma/slide-2021-08-19T11-10-25-R4-S5.mrxs",2021-08-19,"RH",,"Ki67",1
23294,2020-04-03,2020-04-05,2020-07-21,2020-07-21,"ZL","No",,"HCI -20-23294-BR",1,"yes",,1,"Very large tumor growing out of bone on skull at location of injection. Enlarged cranial nerve on posterior right side of head.. ... Very large tumor growing outside of skull + complete paralysis. ... Collected: Brain ... Formalin Fixed: Yes",1,,,,,,,,,,,,,"1",,,,,,1,,,,"B","Ki67","E:/CaseViewer Files/Rick Heinz Caseviewer Files/RH020/Glioma Ki67/slide-2021-08-19T10-20-05-R4-S1.mrxs",2021-08-19,"RH",,"Ki67",1
23527,2020-04-22,2020-04-23,2020-07-27,2020-07-27,"ZL","No",,,1,"yes",,1,"Hollow left hemisphere maybe filled with liquid + tumor on right posterior cranial nerve. ... Complete paralysis.. ... 2020-06-04 Slight domed head noticed ... Collected: Brain ... Formalin Fixed: Yes",1,,,,,,,,"1",,,,,,,,,,,1,1,,,"B","Ki67","E:/CaseViewer Files/Rick Heinz Caseviewer Files/RH020/Glioma Ki67/slide-2021-08-19T10-57-31-R4-S4.mrxs",2021-08-19,"RH",,"Ki67",1
23291,2020-04-03,2020-04-05,2020-06-29,2020-06-30,"ZL","No",,"HCI -20-23291-BR",1,"yes",,1,"Blind and disfigured from tumors growing on head. ... Effectively blind, tumors on face and head completely swelled eyes shut.. ... Collected: Brain ... Formalin Fixed: Yes",1,,,,,,,,,,"1",,,,,,,,,,,,,"B","Ki67","E:/CaseViewer Files/Rick Heinz Caseviewer Files/RH020/Glioma Ki67/slide-2021-08-19T11-22-56-R4-S6.mrxs",2021-08-19,"RH",,"Ki67",1
23966,2020-06-15,2020-06-18,2020-10-02,2020-10-30,"ZL","No",,,1,"yes",,1,"Large tumor growing underneath brain, and small growth under skin on shoulder.. ... Mouse was very sickly barely moving. ... Collected: Brain, tumor underneath brain as well as shoulder tumor. Brain tumor and shoulder tumor used to create cell lines. Frozen sample of nerve tumor as well ... Formalin Fixed: Yes",1,,,,,,,,"1",,,,,,1,"1",,,,,,,,"B","Ki67","E:/CaseViewer Files/Rick Heinz Caseviewer Files/RH020/Glioma Ki67/slide-2021-08-19T11-34-26-R4-S7.mrxs",2021-08-19,"RH",,"Ki67",1
25767,2020-12-28,2021-12-28,2021-03-17,2021-03-17,"ZL",,"No","HCI-21-25767",,"yes","No",0,"paralyzed. ... Brain looked normal ... Collected: Brain ... Formalin Fixed: full brain",1,,,,,,,,,,,,,,,,,,,1,,,,"B","Ki67","E:/CaseViewer Files/Rick Heinz Caseviewer Files/RH020/Glioma Ki67/slide-2021-08-19T11-50-02-R4-S8.mrxs",2021-08-19,"RH",,"Ki67",1
25025,2020-10-13,2020-10-14,2021-01-27,2021-01-27,"RH",,"No","HCI-20-25025",,"yes","No",1,"lethargic, domed head, hunched back. ... brain looked hollow, fixed the entire brain just incase it was a rare brain tumor. Brainstem/spinal chord looked enlarged. Not a big enough tumor to justify fixing and freezing a portion, so I just trypsinized it for a cell line. ... Collected: Brain, spinal cord/brain stem ... Formalin Fixed: full brain",1,,,,1,,,,,"1",,,,,,,,,,,1,,,"B","Ki67","E:/CaseViewer Files/Rick Heinz Caseviewer Files/RH020/Glioma Ki67/slide-2021-08-19T12-05-54-R4-S9.mrxs",2021-08-19,"RH",,"Ki67",1
26143,2021-01-31,2021-02-02,2021-06-23,2021-06-23,"RH",,"No",,,,"No",0,"mouse is puffy, not moving around much, slow breathing. ... Brain looked uncharacteristically white and it did not separate from the skull cleanly ... Collected: Brain ... Formalin Fixed: Brain",1,,,,,,,,,,,,,,,,,,,,1,,,,"Ki67","E:/CaseViewer Files/Rick Heinz Caseviewer Files/RH020/Glioma Ki67/slide-2021-08-19T12-37-50-R4-S11.mrxs",2021-08-19,"RH",2021-08-03,"Ki67",1
25690,2020-12-19,2020-12-22,2021-04-13,2021-04-13,"RH",,"No",,,,,1,"mouse is showing signs of partial paralysis on 4/7. Head is tilted to one side, but still able to move around. Could have gone longer, but no sense risking mouse dying on own. Necropsy showed bulge in left top of skull, under the left side of brain looked to be a glioma, attached a little to the base of the cranial cavity and partially attached to the brain, sort of mushy, cut some off to freeze and make cell line from as well as fixed the rest with the brain ... Collected: Brain ... Formalin Fixed: Brain",1,,,,,,,,"1",,,,,,,,,,,1,1,,,,"Ki67","E:/CaseViewer Files/Rick Heinz Caseviewer Files/RH020/Glioma Ki67/slide-2021-08-19T13-04-15-R5-S1.mrxs",2021-08-19,"RH",2021-08-03,"Ki67",1
23823,2020-05-28,2020-05-29,2020-07-21,2020-07-21,"ZL","No",,"HCI -20-23823-BR",1,"yes",,1,"Very large brain which accounted for domed head, large tumor underneath brain surrounding left frontal cranial nerve.. ... slight domed head and complete paralysis.. ... Collected: Brain ... Formalin Fixed: Yes",1,,,,,,,,"1",,,,,,,,,,,1,,,,"B","Ki67","E:/CaseViewer Files/Rick Heinz Caseviewer Files/RH020/Glioma Ki67/slide-2021-08-19T13-17-12-R5-S2.mrxs",2021-08-19,"RH",,"Ki67",1
23792,2020-05-23,2020-05-24,2020-08-13,2020-08-13,"ZL","No",,,1,"yes",,1,"small cranial nerve tumor. ... difficulty breathing. ... Collected: Brain ... Formalin Fixed: Yes",1,,,,,,,,"1",,,,,,,,,,,,1,,,"B","Ki67","E:/CaseViewer Files/Rick Heinz Caseviewer Files/RH020/Glioma Ki67/slide-2021-08-19T13-32-59-R5-S3.mrxs",2021-08-19,"RH",,"Ki67",1
23786,2020-05-23,2020-05-24,2020-07-27,2020-07-27,"ZL","No",,,1,"yes",,2,"Mushy gray tissue underneath brain surrounding cranial nerves, brain softer than normal enlarged as well. ... Completely paralyzed.. ... 2020-07-20 Slight domed head noticed ... Collected: Brain ... Formalin Fixed: Yes",1,,,,,,,,"1",,,,,,,,,,,1,1,,,"B","Ki67","E:/CaseViewer Files/Rick Heinz Caseviewer Files/RH020/Glioma Ki67/slide-2021-09-16T19-22-36-R2-S6.mrxs",2021-09-16,"RH",2021-09-08,"Ki67",1
23866,2020-05-30,2020-06-01,2020-08-07,2020-08-07,"ZL","No",,,1,"yes",,1,"Medium sized necrotic tumor underneath brain surrounding cranial nerves and brain.. ... Weak and sickly with domed head. ... Collected: Brain ... Formalin Fixed: Yes",1,,,,,,,,"1",,,,,,,,,,,,,,,"B","Ki67","E:/CaseViewer Files/Rick Heinz Caseviewer Files/RH020/Glioma Ki67/slide-2021-09-16T19-34-27-R2-S7.mrxs",2021-09-16,"RH",2021-09-08,"Ki67",1
25694,2020-12-19,2020-12-22,2021-04-09,2021-04-09,"RH",,"No",,,,,0,"mouse was loosing mobility in hind legs and I didn't want to chance it over the weekend. I noticed a mass of tissue under the brain, not sure if it was an enlarged cranial nerve or that ""necrotic"" tissue Zia noticed before. Growing that tissue as a cell line, but too small for fixing it or freezing it as well ... Collected: Brain, mushy mass under brain ... Formalin Fixed: Brain, mushy mass under brain",1,,,,,1,,,"1",,,,,,,,,,,1,1,,,,"Ki67","E:/CaseViewer Files/Rick Heinz Caseviewer Files/RH020/Glioma Ki67/slide-2021-09-16T19-42-31-R2-S8.mrxs",2021-09-16,"RH",2021-09-08,"Ki67",1
25741,2020-12-26,2020-12-28,2021-05-14,2021-05-21,"RH",,"No",,,,,1,"mouse looked like it was becoming emanciated and starting to have a hunched back, upon necropsy, there was a cranial nerve tumor somewhat attched to the base of the cranial cavity, and not as attached to the brain. A part of the tumor was fixed with the brain, while another part was frozen and used for a cell line. ... Collected: Brain, cranial nerve tumor ... Formalin Fixed: Brain",1,,,,,,,,"1",,,,,,,,,,,,1,,,,"Ki67","E:/CaseViewer Files/Rick Heinz Caseviewer Files/RH020/Glioma Ki67/slide-2021-09-16T19-52-14-R2-S9.mrxs",2021-09-16,"RH",2021-09-08,"Ki67",1
26066,2021-01-24,2021-01-26,2021-04-26,2021-04-26,"RH",,"No",,,,,0,"bulge noticed in scrotum and mouse is more emanciated than others in cage, it is a hernia, no sign of tumor ... Collected: Brain ... Formalin Fixed: Brain",1,,,,,,,,,,,,,,,,,,,,,,,"B","Ki67","E:/CaseViewer Files/Rick Heinz Caseviewer Files/RH020/Glioma Ki67/slide-2021-09-16T20-01-58-R2-S10.mrxs",2021-09-16,"RH",2021-08-03,"Ki67",1
26137,2021-01-31,2021-02-02,2021-04-05,2021-04-05,"RH",,"No",,,,,2,"Found dead on a Monday, so could have died up to 3 days earlier. Brain was sort of mushy, so it was not in the best condition, but was able to be removed for histology. No other signs of tumor. ... Collected: Brain ... Formalin Fixed: Brain",1,,,,,,,,,,,,,,,,,,,,1,,,"B","Ki67","E:/CaseViewer Files/Rick Heinz Caseviewer Files/RH020/Glioma Ki67/slide-2021-09-16T20-13-54-R2-S11.mrxs",2021-09-16,"RH",2021-08-03,"Ki67",1
23291,2020-04-03,2020-04-05,2020-06-29,2020-06-30,"ZL","No",,"HCI -20-23291-BR",1,"yes",,1,"Blind and disfigured from tumors growing on head. ... Effectively blind, tumors on face and head completely swelled eyes shut.. ... Collected: Brain ... Formalin Fixed: Yes",1,,,,,,,,,,"1",,,,,,,,,,,,,"B","PERK","E:/CaseViewer Files/Rick Heinz Caseviewer Files/RH020/Glioma pErk/slide-2021-09-16T20-21-50-R2-S12.mrxs",2021-09-16,"RH",2021-09-09,"PERK",4
23527,2020-04-22,2020-04-23,2020-07-27,2020-07-27,"ZL","No",,,1,"yes",,1,"Hollow left hemisphere maybe filled with liquid + tumor on right posterior cranial nerve. ... Complete paralysis.. ... 2020-06-04 Slight domed head noticed ... Collected: Brain ... Formalin Fixed: Yes",1,,,,,,,,"1",,,,,,,,,,,1,1,,,"B","PERK","E:/CaseViewer Files/Rick Heinz Caseviewer Files/RH020/Glioma pErk/slide-2021-09-17T14-24-45-R3-S2.mrxs",2021-09-17,"RH",2021-09-09,"PERK",3
23786,2020-05-23,2020-05-24,2020-07-27,2020-07-27,"ZL","No",,,1,"yes",,2,"Mushy gray tissue underneath brain surrounding cranial nerves, brain softer than normal enlarged as well. ... Completely paralyzed.. ... 2020-07-20 Slight domed head noticed ... Collected: Brain ... Formalin Fixed: Yes",1,,,,,,,,"1",,,,,,,,,,,1,1,,,"B","PERK","E:/CaseViewer Files/Rick Heinz Caseviewer Files/RH020/Glioma pErk/slide-2021-09-17T14-50-25-R3-S4.mrxs",2021-09-17,"RH",,"PERK",2
23823,2020-05-28,2020-05-29,2020-07-21,2020-07-21,"ZL","No",,"HCI -20-23823-BR",1,"yes",,1,"Very large brain which accounted for domed head, large tumor underneath brain surrounding left frontal cranial nerve.. ... slight domed head and complete paralysis.. ... Collected: Brain ... Formalin Fixed: Yes",1,,,,,,,,"1",,,,,,,,,,,1,,,,"B","PERK","E:/CaseViewer Files/Rick Heinz Caseviewer Files/RH020/Glioma pErk/slide-2021-09-17T15-13-41-R3-S6.mrxs",2021-09-17,"RH",2021-08-06,"PERK",2
23866,2020-05-30,2020-06-01,2020-08-07,2020-08-07,"ZL","No",,,1,"yes",,1,"Medium sized necrotic tumor underneath brain surrounding cranial nerves and brain.. ... Weak and sickly with domed head. ... Collected: Brain ... Formalin Fixed: Yes",1,,,,,,,,"1",,,,,,,,,,,,,,,"B","PERK","E:/CaseViewer Files/Rick Heinz Caseviewer Files/RH020/Glioma pErk/slide-2021-09-17T15-25-09-R3-S7.mrxs",2021-09-17,"RH",2021-09-09,"PERK",2
23966,2020-06-15,2020-06-18,2020-10-02,2020-10-30,"ZL","No",,,1,"yes",,1,"Large tumor growing underneath brain, and small growth under skin on shoulder.. ... Mouse was very sickly barely moving. ... Collected: Brain, tumor underneath brain as well as shoulder tumor. Brain tumor and shoulder tumor used to create cell lines. Frozen sample of nerve tumor as well ... Formalin Fixed: Yes",1,,,,,,,,"1",,,,,,1,"1",,,,,,,,"B","PERK","E:/CaseViewer Files/Rick Heinz Caseviewer Files/RH020/Glioma pErk/slide-2021-09-17T15-33-10-R3-S8.mrxs",2021-09-17,"RH",2021-09-09,"PERK",4
25025,2020-10-13,2020-10-14,2021-01-27,2021-01-27,"RH",,"No","HCI-20-25025",,"yes","No",1,"lethargic, domed head, hunched back. ... brain looked hollow, fixed the entire brain just incase it was a rare brain tumor. Brainstem/spinal chord looked enlarged. Not a big enough tumor to justify fixing and freezing a portion, so I just trypsinized it for a cell line. ... Collected: Brain, spinal cord/brain stem ... Formalin Fixed: full brain",1,,,,1,,,,,"1",,,,,,,,,,,1,,,"B","PERK","E:/CaseViewer Files/Rick Heinz Caseviewer Files/RH020/Glioma pErk/slide-2021-09-17T15-43-10-R3-S9.mrxs",2021-09-17,"RH",2021-09-09,"PERK",4
25690,2020-12-19,2020-12-22,2021-04-13,2021-04-13,"RH",,"No",,,,,1,"mouse is showing signs of partial paralysis on 4/7. Head is tilted to one side, but still able to move around. Could have gone longer, but no sense risking mouse dying on own. Necropsy showed bulge in left top of skull, under the left side of brain looked to be a glioma, attached a little to the base of the cranial cavity and partially attached to the brain, sort of mushy, cut some off to freeze and make cell line from as well as fixed the rest with the brain ... Collected: Brain ... Formalin Fixed: Brain",1,,,,,,,,"1",,,,,,,,,,,1,1,,,,"PERK","E:/CaseViewer Files/Rick Heinz Caseviewer Files/RH020/Glioma pErk/slide-2021-09-17T15-58-44-R3-S10.mrxs",2021-09-17,"RH",2021-08-06,"Rb PERK",2
25694,2020-12-19,2020-12-22,2021-04-09,2021-04-09,"RH",,"No",,,,,0,"mouse was loosing mobility in hind legs and I didn't want to chance it over the weekend. I noticed a mass of tissue under the brain, not sure if it was an enlarged cranial nerve or that ""necrotic"" tissue Zia noticed before. Growing that tissue as a cell line, but too small for fixing it or freezing it as well ... Collected: Brain, mushy mass under brain ... Formalin Fixed: Brain, mushy mass under brain",1,,,,,1,,,"1",,,,,,,,,,,1,1,,,,"PERK","E:/CaseViewer Files/Rick Heinz Caseviewer Files/RH020/Glioma pErk/slide-2021-09-17T16-11-10-R3-S11.mrxs",2021-09-17,"RH",2021-09-09,"PERK",2
25741,2020-12-26,2020-12-28,2021-05-14,2021-05-21,"RH",,"No",,,,,1,"mouse looked like it was becoming emanciated and starting to have a hunched back, upon necropsy, there was a cranial nerve tumor somewhat attched to the base of the cranial cavity, and not as attached to the brain. A part of the tumor was fixed with the brain, while another part was frozen and used for a cell line. ... Collected: Brain, cranial nerve tumor ... Formalin Fixed: Brain",1,,,,,,,,"1",,,,,,,,,,,,1,,,,"PERK","E:/CaseViewer Files/Rick Heinz Caseviewer Files/RH020/Glioma pErk/slide-2021-09-17T16-21-01-R3-S12.mrxs",2021-09-17,"RH",2021-09-09,"PERK",2
25767,2020-12-28,2021-12-28,2021-03-17,2021-03-17,"ZL",,"No","HCI-21-25767",,"yes","No",0,"paralyzed. ... Brain looked normal ... Collected: Brain ... Formalin Fixed: full brain",1,,,,,,,,,,,,,,,,,,,1,,,,"B","PERK","E:/CaseViewer Files/Rick Heinz Caseviewer Files/RH020/Glioma pErk/slide-2021-09-17T16-52-06-R4-S1.mrxs",2021-09-17,"RH",2021-09-09,"PERK",4
26143,2021-01-31,2021-02-02,2021-06-23,2021-06-23,"RH",,"No",,,,"No",0,"mouse is puffy, not moving around much, slow breathing. ... Brain looked uncharacteristically white and it did not separate from the skull cleanly ... Collected: Brain ... Formalin Fixed: Brain",1,,,,,,,,,,,,,,,,,,,,1,,,,"PERK","E:/CaseViewer Files/Rick Heinz Caseviewer Files/RH020/Glioma pErk/slide-2021-09-17T17-34-15-R4-S5.mrxs",2021-09-17,"RH",2021-08-21,"Rb PERK",2
26137,2021-01-31,2021-02-02,2021-04-05,2021-04-05,"RH",,"No",,,,,2,"Found dead on a Monday, so could have died up to 3 days earlier. Brain was sort of mushy, so it was not in the best condition, but was able to be removed for histology. No other signs of tumor. ... Collected: Brain ... Formalin Fixed: Brain",1,,,,,,,,,,,,,,,,,,,,1,,,"B","PERK","E:/CaseViewer Files/Rick Heinz Caseviewer Files/RH020/Glioma pErk/slide-2021-09-29T10-46-12-R2-S3.mrxs",2021-09-29,"RH",2021-08-06,"PERK",2
23792,2020-05-23,2020-05-24,2020-08-13,2020-08-13,"ZL","No",,,1,"yes",,1,"small cranial nerve tumor. ... difficulty breathing. ... Collected: Brain ... Formalin Fixed: Yes",1,,,,,,,,"1",,,,,,,,,,,,1,,,"B","PERK","E:/CaseViewer Files/Rick Heinz Caseviewer Files/RH020/Glioma pErk/slide-2021-09-29T10-57-16-R2-S4.mrxs",2021-09-29,"RH",,"Rb PERK",2
23294,2020-04-03,2020-04-05,2020-07-21,2020-07-21,"ZL","No",,"HCI -20-23294-BR",1,"yes",,1,"Very large tumor growing out of bone on skull at location of injection. Enlarged cranial nerve on posterior right side of head.. ... Very large tumor growing outside of skull + complete paralysis. ... Collected: Brain ... Formalin Fixed: Yes",1,,,,,,,,,,,,,"1",,,,,,1,,,,"B","PERK","E:/CaseViewer Files/Rick Heinz Caseviewer Files/RH020/Glioma pErk/slide-2021-09-29T11-28-51-R2-S6.mrxs",2021-09-29,"RH",2021-09-09,"PERK",3
26066,2021-01-24,2021-01-26,2021-04-26,2021-04-26,"RH",,"No",,,,,0,"bulge noticed in scrotum and mouse is more emanciated than others in cage, it is a hernia, no sign of tumor ... Collected: Brain ... Formalin Fixed: Brain",1,,,,,,,,,,,,,,,,,,,,,,,"B","PERK","E:/CaseViewer Files/Rick Heinz Caseviewer Files/RH020/Glioma pErk/slide-2021-10-06T13-30-13-R1-S1.mrxs",2021-10-06,"RH",2021-10-04,"PERK",5
23786,2020-05-23,2020-05-24,2020-07-27,2020-07-27,"ZL","No",,,1,"yes",,2,"Mushy gray tissue underneath brain surrounding cranial nerves, brain softer than normal enlarged as well. ... Completely paralyzed.. ... 2020-07-20 Slight domed head noticed ... Collected: Brain ... Formalin Fixed: Yes",1,,,,,,,,"1",,,,,,,,,,,1,1,,,"B","PTEN","E:/CaseViewer Files/Rick Heinz Caseviewer Files/RH020/Glioma Pten/Bad Pten IHC/slide-2021-09-24T12-56-50-R1-S4.mrxs",2021-09-24,"RH",2021-09-21,"Pten",4
23823,2020-05-28,2020-05-29,2020-07-21,2020-07-21,"ZL","No",,"HCI -20-23823-BR",1,"yes",,1,"Very large brain which accounted for domed head, large tumor underneath brain surrounding left frontal cranial nerve.. ... slight domed head and complete paralysis.. ... Collected: Brain ... Formalin Fixed: Yes",1,,,,,,,,"1",,,,,,,,,,,1,,,,"B","PTEN","E:/CaseViewer Files/Rick Heinz Caseviewer Files/RH020/Glioma Pten/Bad Pten IHC/slide-2021-09-24T15-22-03-R2-S4.mrxs",2021-09-24,"TE",2021-09-21,"PTEN",4
23294,2020-04-03,2020-04-05,2020-07-21,2020-07-21,"ZL","No",,"HCI -20-23294-BR",1,"yes",,1,"Very large tumor growing out of bone on skull at location of injection. Enlarged cranial nerve on posterior right side of head.. ... Very large tumor growing outside of skull + complete paralysis. ... Collected: Brain ... Formalin Fixed: Yes",1,,,,,,,,,,,,,"1",,,,,,1,,,,"B","PTEN","E:/CaseViewer Files/Rick Heinz Caseviewer Files/RH020/Glioma Pten/slide-2021-09-24T12-22-12-R1-S1.mrxs",2021-09-24,"TE",2021-09-21,"PTEN",4
23527,2020-04-22,2020-04-23,2020-07-27,2020-07-27,"ZL","No",,,1,"yes",,1,"Hollow left hemisphere maybe filled with liquid + tumor on right posterior cranial nerve. ... Complete paralysis.. ... 2020-06-04 Slight domed head noticed ... Collected: Brain ... Formalin Fixed: Yes",1,,,,,,,,"1",,,,,,,,,,,1,1,,,"B","PTEN","E:/CaseViewer Files/Rick Heinz Caseviewer Files/RH020/Glioma Pten/slide-2021-09-24T12-32-45-R1-S2.mrxs",2021-09-24,"TE",2021-09-21,"PTEN",4
23291,2020-04-03,2020-04-05,2020-06-29,2020-06-30,"ZL","No",,"HCI -20-23291-BR",1,"yes",,1,"Blind and disfigured from tumors growing on head. ... Effectively blind, tumors on face and head completely swelled eyes shut.. ... Collected: Brain ... Formalin Fixed: Yes",1,,,,,,,,,,"1",,,,,,,,,,,,,"B","PTEN","E:/CaseViewer Files/Rick Heinz Caseviewer Files/RH020/Glioma Pten/slide-2021-09-24T12-46-24-R1-S3.mrxs",2021-09-24,"TE",2021-09-21,"PTEN",5
23966,2020-06-15,2020-06-18,2020-10-02,2020-10-30,"ZL","No",,,1,"yes",,1,"Large tumor growing underneath brain, and small growth under skin on shoulder.. ... Mouse was very sickly barely moving. ... Collected: Brain, tumor underneath brain as well as shoulder tumor. Brain tumor and shoulder tumor used to create cell lines. Frozen sample of nerve tumor as well ... Formalin Fixed: Yes",1,,,,,,,,"1",,,,,,1,"1",,,,,,,,"B","PTEN","E:/CaseViewer Files/Rick Heinz Caseviewer Files/RH020/Glioma Pten/slide-2021-09-24T13-21-57-R1-S6.mrxs",2021-09-24,"TE",2021-09-21,"PTEN",
25741,2020-12-26,2020-12-28,2021-05-14,2021-05-21,"RH",,"No",,,,,1,"mouse looked like it was becoming emanciated and starting to have a hunched back, upon necropsy, there was a cranial nerve tumor somewhat attched to the base of the cranial cavity, and not as attached to the brain. A part of the tumor was fixed with the brain, while another part was frozen and used for a cell line. ... Collected: Brain, cranial nerve tumor ... Formalin Fixed: Brain",1,,,,,,,,"1",,,,,,,,,,,,1,,,,"PTEN","E:/CaseViewer Files/Rick Heinz Caseviewer Files/RH020/Glioma Pten/slide-2021-09-24T13-32-09-R1-S7.mrxs",2021-09-24,"TE",2021-09-21,"PTEN",4
25694,2020-12-19,2020-12-22,2021-04-09,2021-04-09,"RH",,"No",,,,,0,"mouse was loosing mobility in hind legs and I didn't want to chance it over the weekend. I noticed a mass of tissue under the brain, not sure if it was an enlarged cranial nerve or that ""necrotic"" tissue Zia noticed before. Growing that tissue as a cell line, but too small for fixing it or freezing it as well ... Collected: Brain, mushy mass under brain ... Formalin Fixed: Brain, mushy mass under brain",1,,,,,1,,,"1",,,,,,,,,,,1,1,,,,"PTEN","E:/CaseViewer Files/Rick Heinz Caseviewer Files/RH020/Glioma Pten/slide-2021-09-24T13-41-12-R1-S8.mrxs",2021-09-24,"TE",2021-09-21,"PTEN",4
25767,2020-12-28,2021-12-28,2021-03-17,2021-03-17,"ZL",,"No","HCI-21-25767",,"yes","No",0,"paralyzed. ... Brain looked normal ... Collected: Brain ... Formalin Fixed: full brain",1,,,,,,,,,,,,,,,,,,,1,,,,"B","PTEN","E:/CaseViewer Files/Rick Heinz Caseviewer Files/RH020/Glioma Pten/slide-2021-09-24T13-50-35-R1-S9.mrxs",2021-09-24,"TE",2021-09-21,"PTEN",5
26066,2021-01-24,2021-01-26,2021-04-26,2021-04-26,"RH",,"No",,,,,0,"bulge noticed in scrotum and mouse is more emanciated than others in cage, it is a hernia, no sign of tumor ... Collected: Brain ... Formalin Fixed: Brain",1,,,,,,,,,,,,,,,,,,,,,,,"B","PTEN","E:/CaseViewer Files/Rick Heinz Caseviewer Files/RH020/Glioma Pten/slide-2021-09-24T14-01-51-R1-S10.mrxs",2021-09-24,"TE",2021-09-21,"PTEN",4
25025,2020-10-13,2020-10-14,2021-01-27,2021-01-27,"RH",,"No","HCI-20-25025",,"yes","No",1,"lethargic, domed head, hunched back. ... brain looked hollow, fixed the entire brain just incase it was a rare brain tumor. Brainstem/spinal chord looked enlarged. Not a big enough tumor to justify fixing and freezing a portion, so I just trypsinized it for a cell line. ... Collected: Brain, spinal cord/brain stem ... Formalin Fixed: full brain",1,,,,1,,,,,"1",,,,,,,,,,,1,,,"B","PTEN","E:/CaseViewer Files/Rick Heinz Caseviewer Files/RH020/Glioma Pten/slide-2021-09-24T14-24-50-R1-S12.mrxs",2021-09-24,"TE",2021-09-21,"PTEN",5
23792,2020-05-23,2020-05-24,2020-08-13,2020-08-13,"ZL","No",,,1,"yes",,1,"small cranial nerve tumor. ... difficulty breathing. ... Collected: Brain ... Formalin Fixed: Yes",1,,,,,,,,"1",,,,,,,,,,,,1,,,"B","PTEN","E:/CaseViewer Files/Rick Heinz Caseviewer Files/RH020/Glioma Pten/slide-2021-09-24T14-51-34-R2-S1.mrxs",2021-09-24,"TE",2021-09-21,"PTEN",4
26137,2021-01-31,2021-02-02,2021-04-05,2021-04-05,"RH",,"No",,,,,2,"Found dead on a Monday, so could have died up to 3 days earlier. Brain was sort of mushy, so it was not in the best condition, but was able to be removed for histology. No other signs of tumor. ... Collected: Brain ... Formalin Fixed: Brain",1,,,,,,,,,,,,,,,,,,,,1,,,"B","PTEN","E:/CaseViewer Files/Rick Heinz Caseviewer Files/RH020/Glioma Pten/slide-2021-09-24T15-02-57-R2-S2.mrxs",2021-09-24,"TE",2021-09-21,"PTEN",4
23866,2020-05-30,2020-06-01,2020-08-07,2020-08-07,"ZL","No",,,1,"yes",,1,"Medium sized necrotic tumor underneath brain surrounding cranial nerves and brain.. ... Weak and sickly with domed head. ... Collected: Brain ... Formalin Fixed: Yes",1,,,,,,,,"1",,,,,,,,,,,,,,,"B","PTEN","E:/CaseViewer Files/Rick Heinz Caseviewer Files/RH020/Glioma Pten/slide-2021-09-24T15-11-43-R2-S3.mrxs",2021-09-24,"TE",2021-09-21,"PTEN",4
25690,2020-12-19,2020-12-22,2021-04-13,2021-04-13,"RH",,"No",,,,,1,"mouse is showing signs of partial paralysis on 4/7. Head is tilted to one side, but still able to move around. Could have gone longer, but no sense risking mouse dying on own. Necropsy showed bulge in left top of skull, under the left side of brain looked to be a glioma, attached a little to the base of the cranial cavity and partially attached to the brain, sort of mushy, cut some off to freeze and make cell line from as well as fixed the rest with the brain ... Collected: Brain ... Formalin Fixed: Brain",1,,,,,,,,"1",,,,,,,,,,,1,1,,,,"PTEN","E:/CaseViewer Files/Rick Heinz Caseviewer Files/RH020/Glioma Pten/slide-2021-09-24T15-32-30-R2-S5.mrxs",2021-09-24,"TE",2021-09-21,"PTEN",4
26143,2021-01-31,2021-02-02,2021-06-23,2021-06-23,"RH",,"No",,,,"No",0,"mouse is puffy, not moving around much, slow breathing. ... Brain looked uncharacteristically white and it did not separate from the skull cleanly ... Collected: Brain ... Formalin Fixed: Brain",1,,,,,,,,,,,,,,,,,,,,1,,,,"PTEN","E:/CaseViewer Files/Rick Heinz Caseviewer Files/RH020/Glioma Pten/slide-2021-09-24T15-46-19-R2-S6.mrxs",2021-09-24,"TE",2021-09-21,"PTEN",5
23821,2020-05-28,2020-05-29,2020-08-21,2020-08-21,"ZL","No",,,1,"yes",,0,"Evrything appeared normal. ... TVA- Sacked as a control. ... Collected: Brain ... Formalin Fixed: Yes",1,,,,,,,,,,,,,,,,,,,,,1,,"B","PTEN","E:/CaseViewer Files/Rick Heinz Caseviewer Files/RH020/Glioma Pten/slide-2021-09-24T16-07-59-R2-S8.mrxs",2021-09-24,"TE",2021-09-21,"PTEN +ctrl",2
23821,2020-05-28,2020-05-29,2020-08-21,2020-08-21,"ZL","No",,,1,"yes",,0,"Evrything appeared normal. ... TVA- Sacked as a control. ... Collected: Brain ... Formalin Fixed: Yes",1,,,,,,,,,,,,,,,,,,,,,1,,"B","PTEN","E:/CaseViewer Files/Rick Heinz Caseviewer Files/RH020/Glioma Pten/slide-2021-09-24T16-17-37-R2-S9.mrxs",2021-09-24,"TE",2021-09-21,"PTEN -ctrl no primary ab",1
23786,2020-05-23,2020-05-24,2020-07-27,2020-07-27,"ZL","No",,,1,"yes",,2,"Mushy gray tissue underneath brain surrounding cranial nerves, brain softer than normal enlarged as well. ... Completely paralyzed.. ... 2020-07-20 Slight domed head noticed ... Collected: Brain ... Formalin Fixed: Yes",1,,,,,,,,"1",,,,,,,,,,,1,1,,,"B","PTEN","E:/CaseViewer Files/Rick Heinz Caseviewer Files/RH020/Glioma Pten/slide-2021-11-09T12-04-50-R1-S2.mrxs",2021-11-09,"TE",2021-11-01,"PTEN",5
23823,2020-05-28,2020-05-29,2020-07-21,2020-07-21,"ZL","No",,"HCI -20-23823-BR",1,"yes",,1,"Very large brain which accounted for domed head, large tumor underneath brain surrounding left frontal cranial nerve.. ... slight domed head and complete paralysis.. ... Collected: Brain ... Formalin Fixed: Yes",1,,,,,,,,"1",,,,,,,,,,,1,,,,"B","PTEN","E:/CaseViewer Files/Rick Heinz Caseviewer Files/RH020/Glioma Pten/slide-2021-11-09T12-31-07-R1-S4.mrxs",2021-11-09,"TE",2021-11-01,"PTEN",5
28204,2021-10-12,2021-10-14,2022-01-03,2021-01-03,"RE",,"No",,,,,0,"Red, Sunken Eyes,Head bulge. ... Red, sunken eyes, head bulge, soft skull, fat on heart, no obs. Tumor, possible blood clot on liver ... Collected: Brain, Lungs, Liver ... Formalin Fixed: Brain, Lungs, Liver",1,,1,1,,,,,,,,,,,,,,,,,1,,,"B","PERK","E:/CaseViewer Files/Riley Elmer CaseViewer Files/slide-2022-04-22T08-20-32-R1-S1.mrxs",2022-04-22,"RE",,"Perk",5
28204,2021-10-12,2021-10-14,2022-01-03,2021-01-03,"RE",,"No",,,,,0,"Red, Sunken Eyes,Head bulge. ... Red, sunken eyes, head bulge, soft skull, fat on heart, no obs. Tumor, possible blood clot on liver ... Collected: Brain, Lungs, Liver ... Formalin Fixed: Brain, Lungs, Liver",1,,1,1,,,,,,,,,,,,,,,,,1,,,"B","Ki67","E:/CaseViewer Files/Riley Elmer CaseViewer Files/slide-2022-04-22T08-43-18-R1-S2.mrxs",2022-04-22,"RE",,"Ki67",3
28207,2021-10-12,2021-10-14,2021-12-15,2021-12-16,"KC",,"No",,,,,1,"Tumor was on top of head, but did not go into the skull. The skull was intact and brain appeared normal. Lungs and Liver appeared normal ... Collected: Brain, Lungs, Liver, T1 ... Formalin Fixed: Brain, Lungs, Liver, T1",1,,1,1,,,,,,,"T1",,,,,,,,,,1,,,"T1","PERK","E:/CaseViewer Files/Riley Elmer CaseViewer Files/slide-2022-04-22T09-40-29-R1-S5.mrxs",2022-04-22,"RE",,"Perk",5
28780,2021-12-06,2022-12-07,2022-06-07,2022-06-07,"KC",,"No",,,,,0,"Sacked for end date. ... All organs appeared normal, no tumor noted, some hunching ... Collected: Brain, Lungs, Liver ... Formalin Fixed: Brain, Lungs, Liver",1,,1,1,,,,,,,,,,,,,,,,,1,,,"B","PERK","E:/Slides/Tori_7-29-22/_FailedSlides/slide-2022-07-29T11-21-03-R1-S1-20220729-112343186.mrxs",2022-07-29,"TE",2022-07-27,"Perk TE",3
28780,2021-12-06,2022-12-07,2022-06-07,2022-06-07,"KC",,"No",,,,,0,"Sacked for end date. ... All organs appeared normal, no tumor noted, some hunching ... Collected: Brain, Lungs, Liver ... Formalin Fixed: Brain, Lungs, Liver",1,,1,1,,,,,,,,,,,,,,,,,1,,,"B","PERK","E:/Slides/Tori_7-29-22/slide-2022-07-29T12-28-28-R2-S1.mrxs",2022-07-29,"TE",2022-07-27,"Perk TE",3
29163,2022-01-18,2022-01-20,2022-06-21,2022-06-21,"KC",,"No",,,,,0,"Sacked for end date. ... All organs appeared normal, no tumor noted ... Collected: Brain, Optic Nerves ... Formalin Fixed: Brain, Optic Nerves",1,1,,,,,,,,,,,,,,,,,,,,1,,"B","PERK","E:/Slides/Tori_7-29-22/slide-2022-07-29T13-07-01-R1-S3.mrxs",2022-07-29,"TE",2022-07-27,"Perk TE",3
28709,2021-12-01,2021-12-03,2022-06-07,2022-06-07,"KC",,"No",,,,,0,"Sacked for end date. ... All organs appeared normal, no tumor noted ... Collected: Brain, Lungs, Liver ... Formalin Fixed: Brain, Lungs, Liver",1,,1,1,,,,,,,,,,,,,,,,,,1,,"B","PERK","E:/Slides/Tori_7-29-22/slide-2022-07-29T13-22-47-R1-S6.mrxs",2022-07-29,"TE",2022-07-27,"Perk TE",3
29163,2022-01-18,2022-01-20,2022-06-21,2022-06-21,"KC",,"No",,,,,0,"Sacked for end date. ... All organs appeared normal, no tumor noted ... Collected: Brain, Optic Nerves ... Formalin Fixed: Brain, Optic Nerves",1,1,,,,,,,,,,,,,,,,,,,,1,,"ON","PERK","E:/Slides/Tori_7-29-22/slide-2022-07-29T13-34-36-R1-S7.mrxs",2022-07-29,"TE",2022-07-27,"Perk TE",3
29164,2022-01-18,2022-01-20,2022-06-21,2022-06-21,"KC",,"No",,,,,0,"Sacked for end date. ... Brain was soft, all other organs appeared normal, no tumor noted ... Collected: Brain, Optic Nerves ... Formalin Fixed: Brain, Optic Nerves",1,1,,,,,,,,,,,,,,,,,,,1,,,"B","PERK","E:/Slides/Tori_7-29-22/slide-2022-07-29T13-43-01-R1-S8.mrxs",2022-07-29,"TE",2022-07-27,"Perk TE",3
28708,2021-12-01,2022-12-03,2022-06-07,2022-06-07,"KC",,"No",,,,,0,"Sacked for end date. ... All organs appeared normal, no tumor noted ... Collected: Brain, Lungs, Liver ... Formalin Fixed: Brain, Lungs, Liver",1,,1,1,,,,,,,,,,,,,,,,,,1,,"B","PERK","E:/Slides/Tori_7-29-22/slide-2022-07-29T13-53-35-R1-S9.mrxs",2022-07-29,"TE",2022-07-27,"Perk TE",3
28782,2021-12-06,2021-12-07,2022-06-07,2022-06-07,"KC",,"No",,,,,0,"Sacked for end date. ... All organs appeared normal, no tumor noted ... Collected: Brain, Lungs, Liver ... Formalin Fixed: Brain, Lungs, Liver",1,,1,1,,,,,,,,,,,,,,,,,,1,,"B","PERK","E:/Slides/Tori_7-29-22/slide-2022-07-29T14-06-46-R1-S10.mrxs",2022-07-29,"TE",2022-07-27,"Perk TE",2
