HCI,Cage Number,Sex,Strain,BD,Tail snip,WD,Maternal ID,Paternal ID,Genotyping Results,,,,,,Death Date,Disposition,MC Setup,,,
N-TVA;Pten f/+; Ink4a/Arff/+;ATRX-f/+;H11LSL-Cas9  f/+ ,7 animals MC1282,,,,,,,,Pten-flox,N-TVA,ATRX,H11LSL-Cas9,Ink4a/Arf lox,"RCAS Cre-U6sgRNA-ex2-NF1, 10/17/19 HW",,,,,,
21537-00 (Wh),1282-1-1,F,N-TVA;Pten f/+; Ink4a/Arff/+;ATRX-f/+;H11LSL-Cas9 f/+,15-Oct-19,31-Oct-19,4-Nov-19,20777-00 (Wh),20910-03,Flox/Flox,Tg/+,Flox/Flox,Flox/Flox,Flox/Flox,,4/23/2020,reached endpoint of experiment,,,,
21538-00 (Br),1282-1-1,F,N-TVA;Pten f/+; Ink4a/Arff/+;ATRX-f/+;H11LSL-Cas9 f/+,15-Oct-19,31-Oct-19,4-Nov-19,20777-00 (Wh),20910-03,Flox/Flox,Tg/+,Flox/Flox,Flox/Flox,Flox/Flox,,4/23/2020,reached endpoint of experiment,,,,
21539-01 (Br),1282-1-1,F,N-TVA;Pten f/+; Ink4a/Arff/+;ATRX-f/+;H11LSL-Cas9 f/+,15-Oct-19,31-Oct-19,4-Nov-19,20777-00 (Wh),20910-03,Flox/Flox,+/+,Flox/Flox,Flox/Flox,Flox/Flox,,4/23/2020,reached endpoint of experiment,,,,
21540-00,1282-1-2,M,N-TVA;Pten f/+; Ink4a/Arff/+;ATRX-f/+;H11LSL-Cas9 f/+,15-Oct-19,31-Oct-19,4-Nov-19,20777-00 (Wh),20910-03,Flox/Flox,Tg/+,Flox/Flox,Flox/Flox,Flox/Flox,,4/23/2020,reached endpoint of experiment,,,,
21541-01,1282-1-2,M,N-TVA;Pten f/+; Ink4a/Arff/+;ATRX-f/+;H11LSL-Cas9 f/+,15-Oct-19,31-Oct-19,4-Nov-19,20777-00 (Wh),20910-03,Flox/Flox,Tg/+,Flox/Flox,Flox/Flox,Flox/Flox,,4/23/2020,reached endpoint of experiment,,,,
21542-03,1282-1-2,M,N-TVA;Pten f/+; Ink4a/Arff/+;ATRX-f/+;H11LSL-Cas9 f/+,15-Oct-19,31-Oct-19,4-Nov-19,20777-00 (Wh),20910-03,Flox/Flox,Tg/+,Flox/Flox,Flox/Flox,Flox/Flox,,4/23/2020,reached endpoint of experiment,,,,
21543-10,1282-1-2,M,N-TVA;Pten f/+; Ink4a/Arff/+;ATRX-f/+;H11LSL-Cas9 f/+,15-Oct-19,31-Oct-19,4-Nov-19,20777-00 (Wh),20910-03,Flox/Flox,Tg/+,Flox/Flox,Flox/Flox,Flox/Flox,,4/23/2020,reached endpoint of experiment,,,,
N-TVA;Pten f/+; Ink4a/Arff/+;ATRX-f/+;H11LSL-Cas9  f/+ ,8 animals - MC1356,,,,,,,,Pten-flox,N-TVA,ATRX,Ink4a/Arf lox,H11LSL-Cas9,RCAS Cre-U6sgRNA-ex2-NF1 (HW/GP 2/20/20),,,,,,
22841-00,1356-1-2,M,N-TVA;Pten f/+; Ink4a/Arff/+;ATRX-f/+;H11LSL-Cas9  f/+ ,17-Feb-20,4-Mar-20,8-Mar-20,22076-10,22079-00,Flox/Flox,+/+,+/+,Flox/Flox,Flox/Flox,,5/20/2020,Stopped moving,,,,
22842-01,1356-1-2,M,N-TVA;Pten f/+; Ink4a/Arff/+;ATRX-f/+;H11LSL-Cas9  f/+ ,17-Feb-20,4-Mar-20,8-Mar-20,22076-10,22079-00,Flox/Flox,+/+,+/+,Flox/Flox,Flox/Flox,,7/14/2020,Sacked for TVA status,,,,
22843-03,1356-1-1,F,N-TVA;Pten f/+; Ink4a/Arff/+;ATRX-f/+;H11LSL-Cas9  f/+ ,17-Feb-20,4-Mar-20,8-Mar-20,22076-10,22079-00,Flox/Flox,Tg/+,+/+,Flox/Flox,Flox/Flox,,7/20/2020,Sacked for TVA status,,,,
22844-10,1356-1-2,M,N-TVA;Pten f/+; Ink4a/Arff/+;ATRX-f/+;H11LSL-Cas9  f/+ ,17-Feb-20,4-Mar-20,8-Mar-20,22076-10,22079-00,Flox/Flox,Tg/+,+/+,Flox/Flox,Flox/Flox,,6/11/2020,"Mishapen head, paralyzed and was sacked.",,,,
22845-30,1356-1-1,F,N-TVA;Pten f/+; Ink4a/Arff/+;ATRX-f/+;H11LSL-Cas9  f/+ ,17-Feb-20,4-Mar-20,8-Mar-20,22076-10,22079-00,Flox/Flox,Tg/+,+/+,Flox/Flox,Flox/Flox,,4/5/2020,sac - not able to open left eye due to cyst/possible tumor,,Cyst/tumor (externally palpable) noticed ,,
22846-11,1356-1-1,F,N-TVA;Pten f/+; Ink4a/Arff/+;ATRX-f/+;H11LSL-Cas9  f/+ ,17-Feb-20,4-Mar-20,8-Mar-20,22076-10,22079-00,Flox/Flox,Tg/+,+/+,Flox/Flox,Flox/Flox,,5/29/2020,Difficulty walking and breathing,6/1/20 sac,,,
22847-31,1356-1-1,F,N-TVA;Pten f/+; Ink4a/Arff/+;ATRX-f/+;H11LSL-Cas9  f/+ ,17-Feb-20,4-Mar-20,8-Mar-20,22076-10,22079-00,Flox/Flox,Tg/+,+/+,Flox/Flox,Flox/Flox,,6/15/2020,Laboured breathing. Sacked,,,,
N-TVA;Ptenf/f;ATRXf/f;Cas9f/f;Ink4af/f,7 animals MC1351,,,,,,,,Pten-flox,N-TVA,ATRX,H11LSL-Cas9,Ink4a/Arf lox,RCAS Cre-U6sgRNA-ex2-NF1 (HW 3/5/20),,,,,,
22921-00 (br),1351-2-1,F,N-TVA;Ptenf/f;ATRXf/f;Cas9f/f;Ink4af/f,3-Mar-20,19-Mar-20,23-Mar-20,21982-00 (wh),21989-01 (br),Flox/Flox,Tg/+,Flox/Flox,Flox/Flox,Flox/Flox,,"6/15/20 Partially paralyzed, difficulty walking",,"6/17/20 paralyzed, difficulty breathing, sacked",,,
22922-00 (wh),1351-2-1,F,N-TVA;Ptenf/f;ATRXf/f;Cas9f/f;Ink4af/f,3-Mar-20,19-Mar-20,23-Mar-20,21982-00 (wh),21989-01 (br),Flox/Flox,Tg/+,Flox/Flox,Flox/Flox,Flox/Flox,,7/31/2020,Experimental endpoint,,,,
22923-01 (wh),1351-2-1,F,N-TVA;Ptenf/f;ATRXf/f;Cas9f/f;Ink4af/f,3-Mar-20,19-Mar-20,23-Mar-20,21982-00 (wh),21989-01 (br),Flox/Flox,Tg/+,Flox/Flox,Flox/Flox,Flox/Flox,,"6/15/20 Partially paralyzed, difficulty walking",,"6/26/20 Paralyzed with very large eye tumor, sacked",,,
22924-03 (wh),1351-2-1,F,N-TVA;Ptenf/f;ATRXf/f;Cas9f/f;Ink4af/f,3-Mar-20,19-Mar-20,23-Mar-20,21982-00 (wh),21989-01 (br),Flox/Flox,Tg/+,Flox/Flox,Flox/Flox,Flox/Flox,,7/31/2020,Experimental endpoint,,,,
22925-00 (wh),1351-2-2,M,N-TVA;Ptenf/f;ATRXf/f;Cas9f/f;Ink4af/f,3-Mar-20,19-Mar-20,23-Mar-20,21982-00 (wh),21989-01 (br),Flox/Flox,Tg/+,Flox/Flox,Flox/Flox,Flox/Flox,,6/16/2020,"protruding rectum, walking funny",6/18/2020 Sacked,,,
22926-01 (wh),1351-2-2,M,N-TVA;Ptenf/f;ATRXf/f;Cas9f/f;Ink4af/f,3-Mar-20,19-Mar-20,23-Mar-20,21982-00 (wh),21989-01 (br),Flox/Flox,Tg/+,Flox/Flox,Flox/Flox,Flox/Flox,,5/24/2020,Sac - tumor invading left eye/domed head,,,,
23021-00 (br),1351-2-2,M,N-TVA;Ptenf/f;ATRXf/f;Cas9f/f;Ink4af/f,3-Mar-20,19-Mar-20,23-Mar-20,21982-00 (wh),21989-01 (br),Flox/Flox,Tg/+,Flox/Flox,Flox/Flox,Flox/Flox,,6/4/2020,domed head + disfigurement,5/24/20 Domed Head noted,,,6/6/20 Sacked for tumor burden
N-TVA;Ptenf/f;ATRXf/f;Cas9f/f;Ink4af/f,5 animals MC1380,,,,,,,,Pten-flox,N-TVA,ATRX,H11LSL-Cas9,Ink4a/Arf lox,RCAS Cre-U6sgRNA-ex2-NF1 (4/5/20 RH),,,,,,
23269-00 (wh),1380-1-1,F,N-TVA+:Ptenf/f;ATRXf/f;Cas9f/f;Inkf/f,1-Apr-20,17-Apr-20,21-Apr-20,22514-10,22496-00,Flox/Flox,Tg/+,Flox/Flox,Flox/Flox,Flox/Flox,,9/2/2020,Experimental endpoint,,,,
23270-00 (br),1380-1-1,F,N-TVA+:Ptenf/f;ATRXf/f;Cas9f/f;Inkf/f,1-Apr-20,17-Apr-20,21-Apr-20,22514-10,22496-00,Flox/Flox,Tg/+,Flox/Flox,Flox/Flox,Flox/Flox,,6/29/2020,partially paralyzed,7/1/20 fully paralyzed and sacked,,,
23271-00 (wh),1380-1-2,M,N-TVA+:Ptenf/f;ATRXf/f;Cas9f/f;Inkf/f,1-Apr-20,17-Apr-20,21-Apr-20,22514-10,22496-00,Flox/Flox,Tg/+,Flox/Flox,Flox/Flox,Flox/Flox,,7/21/2020,Disfigured head and partial paralysis sacked,,,,
N-TVA;Ptenf/f;ATRXf/f;Cas9f/f;Ink4af/f,8 animals MC1378,,,,,,,,Pten-flox,N-TVA,ATRX,H11LSL-Cas9,Ink4a/Arf lox,RCAS Cre-U6sgRNA-ex2-NF1 (4/5/20 RH),,,,,,
23286-00,1378-1-1,F,N-TVA;Ptenf/f;ATRXf/f;Cas9f/f;Ink4af/f,3-Apr-20,19-Apr-20,23-Apr-20,22492-00,22495-01,Flox/Flox,Tg/+,Flox/Flox,Flox/Flox,Flox/Flox,,6/16/2020,"Difficulty walking, partial paralysis",7/13/20 Completely paralyzed sacked.,,,
23287-01,1380-1-1,F,N-TVA;Ptenf/f;ATRXf/f;Cas9f/f;Ink4af/f,3-Apr-20,19-Apr-20,23-Apr-20,22492-00,22495-01,Flox/Flox,Tg/+,Flox/Flox,Flox/Flox,Flox/Flox,,6/17/2020,Slight disfigurement over eye,6/26/20 Growthover eye very large,,,7/1/20 Eye growth burst mouse sacked.
23288-03,1378-1-1,F,N-TVA;Ptenf/f;ATRXf/f;Cas9f/f;Ink4af/f,3-Apr-20,19-Apr-20,23-Apr-20,22492-00,22495-01,Flox/Flox,Tg/+,Flox/Flox,Flox/Flox,Flox/Flox,,6/4/2020,Large domed head,"6/15/20 external growth, partially paralyzed sacked.",,,
23289-10,1378-1-1,F,N-TVA;Ptenf/f;ATRXf/f;Cas9f/f;Ink4af/f,3-Apr-20,19-Apr-20,23-Apr-20,22492-00,22495-01,Flox/Flox,Tg/+,Flox/Flox,Flox/Flox,Flox/Flox,,6/19/2020,Paralyzed and was sacked. ,,,,
23290-30,1378-1-1,F,N-TVA;Ptenf/f;ATRXf/f;Cas9f/f;Ink4af/f,3-Apr-20,19-Apr-20,23-Apr-20,22492-00,22495-01,Flox/Flox,Tg/+,Flox/Flox,Flox/Flox,Flox/Flox,,,,7/13/20 Completely paralyzed sacked.,,,
23291-11,1378-1-1,F,N-TVA;Ptenf/f;ATRXf/f;Cas9f/f;Ink4af/f,3-Apr-20,19-Apr-20,23-Apr-20,22492-00,22495-01,Flox/Flox,Tg/+,Flox/Flox,Flox/Flox,Flox/Flox,,6/11/2020,Domed head observed,"6/16/20 Mishapen face, affecting eye",,,"6/29/20 Both eyes sealed shut from tumor, sacked"
23292-33,1380-1-2,M,N-TVA;Ptenf/f;ATRXf/f;Cas9f/f;Ink4af/f,3-Apr-20,19-Apr-20,23-Apr-20,22492-00,22495-01,Flox/Flox,Tg/+,Flox/Flox,Flox/Flox,Flox/Flox,,8/25/2020,Slight paralysis noticed,8/26/2020,"Completely paralyzed, sacked",,
23293-01,1380-1-2,M,N-TVA;Ptenf/f;ATRXf/f;Cas9f/f;Ink4af/f,3-Apr-20,19-Apr-20,23-Apr-20,22492-00,22495-01,Flox/Flox,Tg/+,Flox/Flox,Flox/Flox,Flox/Flox,,6/16/2020,"Difficulty walking, partial paralysis","6/26/20 Difficulty breathing, slightly mishapen head, looked very sick, sacked",,,
N-TVA;Ptenf/f;ATRXf/f;Cas9f/f;Ink4af/f,8 animals MC1379,,,,,,,,Pten-flox,N-TVA,ATRX,H11LSL-Cas9,Ink4a/Arf lox,RCAS Cre-U6sgRNA-ex2-NF1 (4/5/20 RH),,,,,,
23294-00 (wh),1379-1-1,F,N-TVA;Ptenf/f;ATRXf/f;Cas9f/f;Ink4af/f,3-Apr-20,19-Apr-20,23-Apr-20,22493-00,22494-00,Flox/Flox,Tg/+,Flox/Flox,Flox/Flox,Flox/Flox,,6/16/2020,Domed head observed,7/21/2020,"Sacked, very large tumor and paralyzed.",,
23295-00 (br),1379-1-1,F,N-TVA;Ptenf/f;ATRXf/f;Cas9f/f;Ink4af/f,3-Apr-20,19-Apr-20,23-Apr-20,22493-00,22494-00,Flox/Flox,Tg/+,Flox/Flox,Flox/Flox,Flox/Flox,,6/16/2020,Domed head observed,7/27/2020,3-4 Very large tumors on head > 2cm sacked.,,
23296-01,1379-1-1,F,N-TVA;Ptenf/f;ATRXf/f;Cas9f/f;Ink4af/f,3-Apr-20,19-Apr-20,23-Apr-20,22493-00,22494-00,Flox/Flox,Tg/+,Flox/Flox,Flox/Flox,Flox/Flox,,6/17/2020,weakness in back legs,"6/26/20 Completely paralyzed, sacked",,,
23297-03,1379-1-1,F,N-TVA;Ptenf/f;ATRXf/f;Cas9f/f;Ink4af/f,3-Apr-20,19-Apr-20,23-Apr-20,22493-00,22494-00,Flox/Flox,Tg/+,Flox/Flox,Flox/Flox,Flox/Flox,,8/4/2020,Domed head observed,8/14/2020,Slight paralysis noticed,,
23298-00 (wh),1379-1-2,M,N-TVA;Ptenf/f;ATRXf/f;Cas9f/f;Ink4af/f,3-Apr-20,19-Apr-20,23-Apr-20,22493-00,22494-00,Flox/Flox,Tg/+,Flox/Flox,Flox/Flox,Flox/Flox,,7/6/2020,Partialy paralysis observed,7/8/20 paralyzed and sacked. ,,,
23299-01,1379-1-2,M,N-TVA;Ptenf/f;ATRXf/f;Cas9f/f;Ink4af/f,3-Apr-20,19-Apr-20,23-Apr-20,22493-00,22494-00,Flox/Flox,Tg/+,Flox/Flox,Flox/Flox,Flox/Flox,,7/27/2020,Partialy paralysis observed,8/7/2020,"Completely paralyzed, sacked",,
23300-03,1379-1-2,M,N-TVA;Ptenf/f;ATRXf/f;Cas9f/f;Ink4af/f,3-Apr-20,19-Apr-20,23-Apr-20,22493-00,22494-00,Flox/Flox,Tg/+,Flox/Flox,Flox/Flox,Flox/Flox,,6/12/2020,"Sacked, difficulty walking, no domed head",,,,
23301-10,1379-1-2,M,N-TVA;Ptenf/f;ATRXf/f;Cas9f/f;Ink4af/f,3-Apr-20,19-Apr-20,23-Apr-20,22493-00,22494-00,Flox/Flox,Tg/+,Flox/Flox,Flox/Flox,Flox/Flox,,7/8/2020,Partial paralysis observed,"7/17/20 Complete paralysis + breathing difficulty, sacked",,,
N-TVA;Pten f/+; Ink4a/Arff/+;ATRX-f/+;H11LSL-Cas9  f/+ ,5 animals - MC1372,,,,,,,,Pten-flox,N-TVA,ATRX,Ink4a/Arf lox,H11LSL-Cas9,RCAS Cre-U6sgRNA-ex2-NF1 (4/11/20 RH),,,,,,
23397-00,1372-2-1,F,N-TVA;Pten f/+; Ink4a/Arff/+;ATRX-f/+;H11LSL-Cas9  f/+ ,10-Apr-20,26-Apr-20,30-Apr-20,22380-01,22079-00,Flox/Flox,Tg/+,+/+,Flox/Flox,Flox/Flox,,6/8/2020,Domed head noticed,"6/26/20 Complete paralysis, sacked ",,,
23398-01,1372-2-1,F,N-TVA;Pten f/+; Ink4a/Arff/+;ATRX-f/+;H11LSL-Cas9  f/+ ,10-Apr-20,26-Apr-20,30-Apr-20,22380-01,22079-00,Flox/Flox,+/+,+/+,Flox/Flox,Flox/Flox,,7/14/2020,Sacked for TVA status,,,,
23399-00,1372-2-2,M,N-TVA;Pten f/+; Ink4a/Arff/+;ATRX-f/+;H11LSL-Cas9  f/+ ,10-Apr-20,26-Apr-20,30-Apr-20,22380-01,22079-00,Flox/Flox,+/+,+/+,Flox/Flox,Flox/Flox,,8/4/2020,Sacked for TVA status,,,,
23400-01,1372-2-3,M,N-TVA;Pten f/+; Ink4a/Arff/+;ATRX-f/+;H11LSL-Cas9  f/+ ,10-Apr-20,26-Apr-20,30-Apr-20,22380-01,22079-00,Flox/Flox,Tg/+,+/+,Flox/Flox,Flox/Flox,,6/1/2020,Difficulty breathing and moving,,,,
23401-03,1372-2-4,M,N-TVA;Pten f/+; Ink4a/Arff/+;ATRX-f/+;H11LSL-Cas9  f/+ ,10-Apr-20,26-Apr-20,30-Apr-20,22380-01,22079-00,Flox/Flox,Tg/+,+/+,Flox/Flox,Flox/Flox,,5/3/2020,"Sac - GP (leg broken, distress/pain)",,,,
N-TVA;Pten f/+; Ink4a/Arff/+;ATRX-f/+;H11LSL-Cas9  f/+ ,7 animals - MC1385,,,,,,,,Pten-flox,N-TVA,ATRX,Ink4a/Arf lox,H11LSL-Cas9,RCAS Cre-U6sgRNA-ex2-NF1 (4/20/20 RH),,,,,,
23460-00,1385-1-1,F,N-TVA;Pten f/+; Ink4a/Arff/+;ATRX-f/+;H11LSL-Cas9  f/+ ,18-Apr-20,4-May-20,8-May-20,22076-10,22633-03,Flox/Flox,Tg/+,+/+,Flox/Flox,Flox/Flox,,,,9/8/20 prolapsed uterus,,9/9/20 Sacked,
23461-01,1385-1-1,F,N-TVA;Pten f/+; Ink4a/Arff/+;ATRX-f/+;H11LSL-Cas9  f/+ ,18-Apr-20,4-May-20,8-May-20,22076-10,22633-03,Flox/Flox,Tg/+,+/+,Flox/Flox,Flox/Flox,,6/16/2020,"Difficulty walking, partial paralysis","6/19/20 completely paralyzed + difficulty breathing, sacked",,,
23462-03,1385-1-1,F,N-TVA;Pten f/+; Ink4a/Arff/+;ATRX-f/+;H11LSL-Cas9  f/+ ,18-Apr-20,4-May-20,8-May-20,22076-10,22633-03,Flox/Flox,+/+,+/+,Flox/Flox,Flox/Flox,,8/17/2020,thinning of hair on head,9/17/2020,Sacked for TVA status,,
23463-00,1385-1-2,M,N-TVA;Pten f/+; Ink4a/Arff/+;ATRX-f/+;H11LSL-Cas9  f/+ ,18-Apr-20,4-May-20,8-May-20,22076-10,22633-03,Flox/Flox,Tg/+,+/+,Flox/Flox,Flox/Flox,,6/4/2020,Domed head noted,"6/29/20 Sick no grooming, tumor very large and encompassing entire head, sacked.",,,
23464-01,1385-1-2,M,N-TVA;Pten f/+; Ink4a/Arff/+;ATRX-f/+;H11LSL-Cas9  f/+ ,18-Apr-20,4-May-20,8-May-20,22076-10,22633-03,Flox/Flox,Tg/+,+/+,Flox/Flox,Flox/Flox,,6/4/2020,Small tumor on head noted,7/8/20 Paralyzed and was sacked,,,
23465-03,1385-1-2,M,N-TVA;Pten f/+; Ink4a/Arff/+;ATRX-f/+;H11LSL-Cas9  f/+ ,18-Apr-20,4-May-20,8-May-20,22076-10,22633-03,Flox/Flox,Tg/+,+/+,Flox/Flox,Flox/Flox,,6/4/2020,Domed head noted,"6/29/20 Sick no grooming, tumor very large and encompassing entire head, sacked.",,,
23466-10,1385-1-2,M,N-TVA;Pten f/+; Ink4a/Arff/+;ATRX-f/+;H11LSL-Cas9  f/+ ,18-Apr-20,4-May-20,8-May-20,22076-10,22633-03,Flox/Flox,Tg/+,+/+,Flox/Flox,Flox/Flox,,6/4/2020,slight domed head noted,7/21/2020,"Sick, difficulty breathing and no grooming sacked. ",,
N-TVA;Ptenf/f;ATRXf/f;Cas9f/f;Ink4af/f,5 animals MC1341,,,,,,,,Pten-flox,N-TVA,ATRX,H11LSL-Cas9,Ink4a/Arf lox,RCAS Cre-U6sgRNA-ex2-NF1 (4/20/20 RH),,,,,,
23467-00 (wh),1341-5-1,F,N-TVA+:Ptenf/f;ATRXf/f;Cas9f/f;Inkf/f,19-Apr-20,5-May-20,9-May-20,21789-00 (wh),21791-00 (br),Flox/Flox,Tg/+,Flox/Flox,Flox/Flox,Flox/Flox,,7/8/2020,Growth on head noted,8/5/2020,"Sick, difficulty breathing and no grooming sacked. ",,
23468-00 (br),1341-5-1,F,N-TVA+:Ptenf/f;ATRXf/f;Cas9f/f;Inkf/f,19-Apr-20,5-May-20,9-May-20,21789-00 (wh),21791-00 (br),Flox/Flox,Tg/+,Flox/Flox,Flox/Flox,Flox/Flox,,8/26/2020,Mouse looked very sick. Difficulty breathing. Sacked,,,,
23469-00 (wh),1341-5-2,M,N-TVA+:Ptenf/f;ATRXf/f;Cas9f/f;Inkf/f,19-Apr-20,5-May-20,9-May-20,21789-00 (wh),21791-00 (br),Flox/Flox,Tg/+,Flox/Flox,Flox/Flox,Flox/Flox,,7/15/2020,"Partial Paralysis noticed, sacked 7/16",,,,
23470-00 (br),1341-5-2,M,N-TVA+:Ptenf/f;ATRXf/f;Cas9f/f;Inkf/f,19-Apr-20,5-May-20,9-May-20,21789-00 (wh),21791-00 (br),Flox/Flox,Tg/+,Flox/Flox,Flox/Flox,Flox/Flox,,6/12/2020,Domed head noted,6/26/20 Patial paralysis noticed,,,"6/29/20 Paralysis complete, slight disfigurement, sacked"
Must have died,,,N-TVA+:Ptenf/f;ATRXf/f;Cas9f/f;Inkf/f,19-Apr-20,5-May-20,9-May-20,21789-00 (wh),21791-00 (br),Flox/Flox,Tg/+,Flox/Flox,Flox/Flox,Flox/Flox,,,,,,,
N-TVA;Ptenf/f;ATRXf/f;Cas9f/f;Ink4af/f,7 animals MC1380,,,,,,,,Pten-flox,N-TVA,ATRX,H11LSL-Cas9,Ink4a/Arf lox,RCAS Cre-U6sgRNA-ex2-NF1 (4/23/20 RH),,,,,,
23522-00 wh,1341-5-1,F,N-TVA+:Ptenf/f;ATRXf/f;Cas9f/f;Inkf/f,22-Apr-20,8-May-20,12-May-20,22514-10,22496-00,Flox/Flox,Tg/+,Flox/Flox,Flox/Flox,Flox/Flox,,6/29/2020,"Sacked, completely paralyzed",,,,
23523-01 wh,1341-5-1,F,N-TVA+:Ptenf/f;ATRXf/f;Cas9f/f;Inkf/f,22-Apr-20,8-May-20,12-May-20,22514-10,22496-00,Flox/Flox,Tg/+,Flox/Flox,Flox/Flox,Flox/Flox,,6/19/2020,Paralyzed and was sacked. ,,,,
23524-00 br,1380-2-1,M,N-TVA+:Ptenf/f;ATRXf/f;Cas9f/f;Inkf/f,22-Apr-20,8-May-20,12-May-20,22514-10,22496-00,Flox/Flox,Tg/+,Flox/Flox,Flox/Flox,Flox/Flox,,7/8/2020,"Tumor on eye noticed, sacked 7/16/20",,,,
23525-01 br,1380-2-1,M,N-TVA+:Ptenf/f;ATRXf/f;Cas9f/f;Inkf/f,22-Apr-20,8-May-20,12-May-20,22514-10,22496-00,Flox/Flox,Tg/+,Flox/Flox,Flox/Flox,Flox/Flox,,8/20/2020,Weird thickening of skin present on side of animal,,"9/17/20 Side tumor became bloody, animal sacked",,
23526-00 wh,1380-2-1,M,N-TVA+:Ptenf/f;ATRXf/f;Cas9f/f;Inkf/f,22-Apr-20,8-May-20,12-May-20,22514-10,22496-00,Flox/Flox,Tg/+,Flox/Flox,Flox/Flox,Flox/Flox,,7/6/2020,"Sacked, paralysis and very large domed head",,6/4/2020,Beginning domed head,
23527-01 wh,1380-2-1,M,N-TVA+:Ptenf/f;ATRXf/f;Cas9f/f;Inkf/f,22-Apr-20,8-May-20,12-May-20,22514-10,22496-00,Flox/Flox,Tg/+,Flox/Flox,Flox/Flox,Flox/Flox,,6/4/2020,Beginning domed head,7/21/2020,Partial paralysis,,7/27/20 complete paralysis sacked
23528-03 wh,1380-2-1,M,N-TVA+:Ptenf/f;ATRXf/f;Cas9f/f;Inkf/f,22-Apr-20,8-May-20,12-May-20,22514-10,22496-00,Flox/Flox,Tg/+,Flox/Flox,Flox/Flox,Flox/Flox,,6/25/2020,Partial paralysis noticed,8/4/2020,Slight domed head noticed,,
N-TVA;Ptenf/f;ATRX+/+;Cas9f/f;Ink4af/f,7 animals MC1399,,,,,,,,Pten-flox,N-TVA,ATRX,H11LSL-Cas9,Ink4a/Arf lox,RCAS Cre-U6sgRNA-ex2-NF1 (RH 5/24/20),,,,,,
23781-00,1399-1-1,F,N-TVA+;Ptenf/f;ATRX+/+;Cas9f/f;Inkf/f,23-May-20,8-Jun-20,12-Jun-20,23088-03,23092-03,Flox/Flox,+/+,+/+,Flox/Flox,Flox/Flox,,9/17/2020,Sacked for TVA status,,,,
23782-01,1399-1-1,F,N-TVA+;Ptenf/f;ATRX+/+;Cas9f/f;Inkf/f,23-May-20,8-Jun-20,12-Jun-20,23088-03,23092-03,Flox/Flox,+/+,+/+,Flox/Flox,Flox/Flox,,9/17/2020,Sacked for TVA status,,,,
23783-03,1399-1-1,F,N-TVA+;Ptenf/f;ATRX+/+;Cas9f/f;Inkf/f,23-May-20,8-Jun-20,12-Jun-20,23088-03,23092-03,Flox/Flox,Tg/+,+/+,Flox/Flox,Flox/Flox,,8/7/2020,Weakness in back legs noticed,8/9/2020,Animal found dead,,
23784-10,1399-1-1,F,N-TVA+;Ptenf/f;ATRX+/+;Cas9f/f;Inkf/f,23-May-20,8-Jun-20,12-Jun-20,23088-03,23092-03,Flox/Flox,Tg/+,+/+,Flox/Flox,Flox/Flox,,9/14/2020,Weakness in back legs noticed,9/17/20 Mouse was paralyzed and sacked,,,
23785-00,1399-1-2,M,N-TVA+;Ptenf/f;ATRX+/+;Cas9f/f;Inkf/f,23-May-20,8-Jun-20,12-Jun-20,23088-03,23092-03,Flox/Flox,Tg/+,+/+,Flox/Flox,Flox/Flox,,8/7/2020,Weakness in back legs noticed,8/13/2020,"difficulty breathing, sacked",,
23786-01,1399-1-2,M,N-TVA+;Ptenf/f;ATRX+/+;Cas9f/f;Inkf/f,23-May-20,8-Jun-20,12-Jun-20,23088-03,23092-03,Flox/Flox,Tg/+,+/+,Flox/Flox,Flox/Flox,,7/20/2020,Domed head noticed,7/27/2020,Complete paralysis sacked,,
23787-03,1399-1-2,M,N-TVA+;Ptenf/f;ATRX+/+;Cas9f/f;Inkf/f,23-May-20,8-Jun-20,12-Jun-20,23088-03,23092-03,Flox/Flox,Tg/+,+/+,Flox/Flox,Flox/Flox,,7/30/2020,Swollen/runny left eye,8/4/2020,Complete paralysis sacked,,
N-TVA;Ptenf/f;ATRX+/+;Cas9f/f;Ink4af/f,5 animals MC1400,,,,,,,,Pten-flox,N-TVA,ATRX,H11LSL-Cas9,Ink4a/Arf lox,RCAS Cre-U6sgRNA-ex2-NF1 (RH 5/24/20),,,,,,
23788-00,1400-1-1,F,N-TVA+;Ptenf/f;ATRX+/+;Cas9f/f;Inkf/f,23-May-20,8-Jun-20,12-Jun-20,23089-10,23093-10,Flox/Flox,Tg/+,+/+,Flox/Flox,Flox/Flox,,6/21/2020,Found Dead (not able to necropsy),,,,
23789-01,1400-1-1,F,N-TVA+;Ptenf/f;ATRX+/+;Cas9f/f;Inkf/f,23-May-20,8-Jun-20,12-Jun-20,23089-10,23093-10,Flox/Flox,Tg/+,+/+,Flox/Flox,Flox/Flox,,7/27/2020,"Weakness in back legs, + loss of hear on back of head and neck",,,"8/13/20 paralyzed, sacked",
23790-03,1400-1-1,F,N-TVA+;Ptenf/f;ATRX+/+;Cas9f/f;Inkf/f,23-May-20,8-Jun-20,12-Jun-20,23089-10,23093-10,Flox/Flox,Tg/+,+/+,Flox/Flox,Flox/Flox,,7/27/2020,Slight domed head noticed,8/13/2020,"difficulty breathing, sacked",,
23791-10,1400-1-1,F,N-TVA+;Ptenf/f;ATRX+/+;Cas9f/f;Inkf/f,23-May-20,8-Jun-20,12-Jun-20,23089-10,23093-10,Flox/Flox,Tg/+,+/+,Flox/Flox,Flox/Flox,,7/27/2020,"Weakness in back legs, + loss of hair on back of head and neck","7/30/20 domed head noticed, and sick",,,
23792-10,1399-1-2,M,N-TVA+;Ptenf/f;ATRX+/+;Cas9f/f;Inkf/f,23-May-20,8-Jun-20,12-Jun-20,23089-10,23093-10,Flox/Flox,Tg/+,+/+,Flox/Flox,Flox/Flox,,8/5/2020,Right eye sealed/swollen shut,8/13/2020,"difficulty breathing + paralysis, sacked",,
N-TVA;Pten f/+; Ink4a/Arff/+;ATRX-f/+;H11LSL-Cas9  f/+ ,8 animals - MC1372,,,,,,,,Pten-flox,N-TVA,ATRX,Ink4a/Arf lox,H11LSL-Cas9,RCAS Cre-U6sgRNA-ex2-NF1 (RH 5/29/20),,,,,,
23821-00,1372-4-1,F,N-TVA;Pten f/+; Ink4a/Arff/+;ATRX-f/+;H11LSL-Cas9  f/+ ,28-May-20,13-Jun-20,17-Jun-20,22380-01,22079-00,Flox/Flox,+/+,+/+,Flox/Flox,Flox/Flox,,8/17/2020,thinning of hair on head,8/21/20 Sacked an dnecropsied for control,,,
23822-01,1372-4-1,F,N-TVA;Pten f/+; Ink4a/Arff/+;ATRX-f/+;H11LSL-Cas9  f/+ ,28-May-20,13-Jun-20,17-Jun-20,22380-01,22079-00,Flox/Flox,Tg/+,+/+,Flox/Flox,Flox/Flox,,7/27/2020,losing hair on back of head and neck,8/11/2020,Completely paralyzed sacked,,
23823-03,1372-4-1,F,N-TVA;Pten f/+; Ink4a/Arff/+;ATRX-f/+;H11LSL-Cas9  f/+ ,28-May-20,13-Jun-20,17-Jun-20,22380-01,22079-00,Flox/Flox,Tg/+,+/+,Flox/Flox,Flox/Flox,,7/21/2020,"Slight domed head, paralyzed, sacked.",,,,
23824-00,1372-4-2,M,N-TVA;Pten f/+; Ink4a/Arff/+;ATRX-f/+;H11LSL-Cas9  f/+ ,28-May-20,13-Jun-20,17-Jun-20,22380-01,22079-00,Flox/Flox,Tg/+,+/+,Flox/Flox,Flox/Flox,,7/8/2020,"Growth on head and tumor on eye noted, sacked 7/16/20",,,,
23825-01,1372-4-2,M,N-TVA;Pten f/+; Ink4a/Arff/+;ATRX-f/+;H11LSL-Cas9  f/+ ,28-May-20,13-Jun-20,17-Jun-20,22380-01,22079-00,Flox/Flox,+/+,+/+,Flox/Flox,Flox/Flox,,8/25/2020,Sacked for TVA status,,,,
23826-03,1372-4-2,M,N-TVA;Pten f/+; Ink4a/Arff/+;ATRX-f/+;H11LSL-Cas9  f/+ ,28-May-20,13-Jun-20,17-Jun-20,22380-01,22079-00,Flox/Flox,Tg/+,+/+,Flox/Flox,Flox/Flox,,7/23/2020,Ungroomed and sickly (not paralyzed),7/31/2020,paralyzed with difficulty breathing,,
23827-10,1372-4-2,M,N-TVA;Pten f/+; Ink4a/Arff/+;ATRX-f/+;H11LSL-Cas9  f/+ ,28-May-20,13-Jun-20,17-Jun-20,22380-01,22079-00,Flox/Flox,+/+,+/+,Flox/Flox,Flox/Flox,,8/25/2020,Sacked for TVA status,,,,
23828-30,1372-4-2,M,N-TVA;Pten f/+; Ink4a/Arff/+;ATRX-f/+;H11LSL-Cas9  f/+ ,28-May-20,13-Jun-20,17-Jun-20,22380-01,22079-00,Flox/Flox,Tg/+,+/+,Flox/Flox,Flox/Flox,,7/23/2020,Ungroomed and sickly (not paralyzed),8/20/2020,Large growth growing on side of body,,
N-TVA;Pten f/+; Ink4a/Arff/+;ATRX-f/+;H11LSL-Cas9  f/+ ,4 animals - MC1385,,,,,,,,Pten-flox,N-TVA,ATRX,Ink4a/Arf lox,H11LSL-Cas9,RCAS Cre-U6sgRNA-ex2-NF1 (4/11/20 RH),,,,,,
23864-00,1385-3-1,F,N-TVA;Pten f/+; Ink4a/Arff/+;ATRX-f/+;H11LSL-Cas9  f/+ ,30-May-20,15-Jun-20,19-Jun-20,22076-10,22633-03,Flox/Flox,+/+,+/+,Flox/Flox,Flox/Flox,,8/17/2020,Sacked for TVA status,necropsied as a control for IHC etc.,,,
23865-00,1385-3-2,M,N-TVA;Pten f/+; Ink4a/Arff/+;ATRX-f/+;H11LSL-Cas9  f/+ ,30-May-20,15-Jun-20,19-Jun-20,22076-10,22633-03,Flox/Flox,Tg/+,+/+,Flox/Flox,Flox/Flox,,9/29/2020,Experimental endpoint,,,,
23866-01,1385-3-2,M,N-TVA;Pten f/+; Ink4a/Arff/+;ATRX-f/+;H11LSL-Cas9  f/+ ,30-May-20,15-Jun-20,19-Jun-20,22076-10,22633-03,Flox/Flox,Tg/+,+/+,Flox/Flox,Flox/Flox,,7/27/2020,Slight domed head and lack of grooming,8/7/2020,"Weak and sickly with domed head, sacked",,
23867-03,1385-3-2,M,N-TVA;Pten f/+; Ink4a/Arff/+;ATRX-f/+;H11LSL-Cas9  f/+ ,30-May-20,15-Jun-20,19-Jun-20,22076-10,22633-03,Flox/Flox,Tg/+,+/+,Flox/Flox,Flox/Flox,,7/28/2020,Lack of grooming,8/5/20 Complete paralysis sacked,,,
N-TVA;Ptenf/f;ATRX+/+;Cas9f/f;Ink4af/f,8 animals MC1400,,,,,,,,Pten-flox,N-TVA,ATRX,H11LSL-Cas9,Ink4a/Arf lox,RCAS Cre-U6sgRNA-ex2-NF1 (RH 5/29/20),,,,,,
23964-00,1400-2-1,F,N-TVA+;Ptenf/f;ATRX+/+;Cas9f/f;Inkf/f,15-Jun-20,1-Jul-20,5-Jul-20,23089-10,23093-10,Flox/Flox,Tg/+,+/+,Flox/Flox,Flox/Flox,,9/1/2020,Weakness in back of legs,9/2/2020 completely paralyzed sacked,,,
23965-01,1400-2-1,F,N-TVA+;Ptenf/f;ATRX+/+;Cas9f/f;Inkf/f,15-Jun-20,1-Jul-20,5-Jul-20,23089-10,23093-10,Flox/Flox,Tg/+,+/+,Flox/Flox,Flox/Flox,,9/14/2020,Weakness in back of legs,9/15/20 completely paralyzed sacked,,,
23966-03,1400-2-1,F,N-TVA+;Ptenf/f;ATRX+/+;Cas9f/f;Inkf/f,15-Jun-20,1-Jul-20,5-Jul-20,23089-10,23093-10,Flox/Flox,Tg/+,+/+,Flox/Flox,Flox/Flox,,9/15/2020,Small cutaneous tumor noticed,9/30/20 Domed head noticed + Lethargic,,,
23967-10,1400-2-1,F,N-TVA+;Ptenf/f;ATRX+/+;Cas9f/f;Inkf/f,15-Jun-20,1-Jul-20,5-Jul-20,23089-10,23093-10,Flox/Flox,Tg/+,+/+,Flox/Flox,Flox/Flox,,8/7/2020,Small growth above eye noticed,8/29/20 Tumor on back end,,9/15/20 Mouse sick and sacked,
23968-00,1400-2-2,M,N-TVA+;Ptenf/f;ATRX+/+;Cas9f/f;Inkf/f,15-Jun-20,1-Jul-20,5-Jul-20,23089-10,23093-10,Flox/Flox,Tg/+,+/+,Flox/Flox,Flox/Flox,,9/2/2020,Weakness in back of legs,9/8/20 Completely paralyzed and sacked,,,
23969-01,1400-2-2,M,N-TVA+;Ptenf/f;ATRX+/+;Cas9f/f;Inkf/f,15-Jun-20,1-Jul-20,5-Jul-20,23089-10,23093-10,Flox/Flox,Tg/+,+/+,Flox/Flox,Flox/Flox,,9/1/2020,Weakness in back of legs,9/2/2020 completely paralyzed sacked,,,
23970-03,1400-2-2,M,N-TVA+;Ptenf/f;ATRX+/+;Cas9f/f;Inkf/f,15-Jun-20,1-Jul-20,5-Jul-20,23089-10,23093-10,Flox/Flox,Tg/+,+/+,Flox/Flox,Flox/Flox,,7/28/2020,Domed head noted,8/24/2020,"Tumor on head very large, animal was sick. Sacked",,
23971-10,1400-2-2,M,N-TVA+;Ptenf/f;ATRX+/+;Cas9f/f;Inkf/f,15-Jun-20,1-Jul-20,5-Jul-20,23089-10,23093-10,Flox/Flox,Tg/+,+/+,Flox/Flox,Flox/Flox,,9/1/2020,Weakness in back of legs,9/2/2020 completely paralyzed sacked,,,
N-TVA;Pten f/f; Ink4a/Arff/f;ATRX-+/+;H11LSL-Cas9  f/f ,4 animals - MC1435,,,,,,,,Pten-flox,N-TVA,ATRX,Ink4a/Arf lox,H11LSL-Cas9,RCAS Cre-U6sgRNA-ex2-NF1 (RH 10/12/20),,,,,,
24986-00,1435-3-1,M,N-TVA;Pten f/+; Ink4a/Arff/+;ATRX-f/+;H11LSL-Cas9  f/+ ,11-Oct-20,27-Oct-20,31-Oct-20,23663-03,23665-10,Flox/Flox,Tg/+,+/+,Flox/Flox,Flox/Flox,,12/18/2020,"partial paralysis, no tumor, sakced",,,,
24987-01,1435-3-1,M,N-TVA;Pten f/+; Ink4a/Arff/+;ATRX-f/+;H11LSL-Cas9  f/+ ,11-Oct-20,27-Oct-20,31-Oct-20,23663-03,23665-10,Flox/Flox,Tg/+,+/+,Flox/Flox,Flox/Flox,,12/18/2020,"partial paralysis, no tumor, sakced",,,,
24988-03,1435-3-1,M,N-TVA;Pten f/+; Ink4a/Arff/+;ATRX-f/+;H11LSL-Cas9  f/+ ,11-Oct-20,27-Oct-20,31-Oct-20,23663-03,23665-10,Flox/Flox,Tg/+,+/+,Flox/Flox,Flox/Flox,,2/16/2021,"Mouse was sick and breathing weird, sacked.",,,,
24989-10,1435-3-1,M,N-TVA;Pten f/+; Ink4a/Arff/+;ATRX-f/+;H11LSL-Cas9  f/+ ,11-Oct-20,27-Oct-20,31-Oct-20,23663-03,23665-10,Flox/Flox,Tg/+,+/+,Flox/Flox,Flox/Flox,,12/9/2020,Tumor noticed,,,,
N-TVA;Ptenf/f;ATRXf/f;Cas9f/f;Ink4af/f,11 animals - MC1421 ,,,,,,,,Pten-flox,N-TVA,ATRX,H11LSL-Cas9,Ink4a/Arf lox,RCAS Cre-U6sgRNA-ex2-NF1 (RH 10/12/20),,,,,,
25025-00,1421-4-1,F,N-TVA;Ptenf/f;ATRXf/f;Cas9f/f;Ink4af/f,13-Oct-20,29-Oct-20,2-Nov-20,23518-00 wh,23521-00 wh,Flox/Flox,Tg/+,Flox/Flox,Flox/Flox,Flox/Flox,,1/21/2021,Tumor noticed,"1/27/21 Sacked due to poor health, tumor size",,,
25026-01,1421-4-1,F,N-TVA;Ptenf/f;ATRXf/f;Cas9f/f;Ink4af/f,13-Oct-20,29-Oct-20,2-Nov-20,23518-00 wh,23521-00 wh,Flox/Flox,Tg/+,Flox/Flox,Flox/Flox,Flox/Flox,,12/9/2020,Tumor noticed,1/4/20 Sacked due to tumor size,,,
25027-03,1421-4-1,F,N-TVA;Ptenf/f;ATRXf/f;Cas9f/f;Ink4af/f,13-Oct-20,29-Oct-20,2-Nov-20,23518-00 wh,23521-00 wh,Flox/Flox,Tg/+,Flox/Flox,Flox/Flox,Flox/Flox,,12/30/2020,"Tumor noticed 12/15/20, sacked when too big",,,,
25028-10,1421-4-1,F,N-TVA;Ptenf/f;ATRXf/f;Cas9f/f;Ink4af/f,13-Oct-20,29-Oct-20,2-Nov-20,23518-00 wh,23521-00 wh,Flox/Flox,Tg/+,Flox/Flox,Flox/Flox,Flox/Flox,,1/29/2021,Weakness in back legs noted,2/1/2021,Sacked paralyzed,,
25029-00,1421-4-2,M,N-TVA;Ptenf/f;ATRXf/f;Cas9f/f;Ink4af/f,13-Oct-20,29-Oct-20,2-Nov-20,23518-00 wh,23521-00 wh,Flox/Flox,Tg/+,Flox/Flox,Flox/Flox,Flox/Flox,,12/9/2020,Tumor noticed,12/28/20 Sacked tumor on head covered eye,,,
25030-01,1421-4-2,M,N-TVA;Ptenf/f;ATRXf/f;Cas9f/f;Ink4af/f,13-Oct-20,29-Oct-20,2-Nov-20,23518-00 wh,23521-00 wh,Flox/Flox,+/+,Flox/Flox,Flox/Flox,Flox/Flox,,11/4/2020,Sacked for TVA status,,,,
25031-03,1421-4-2,M,N-TVA;Ptenf/f;ATRXf/f;Cas9f/f;Ink4af/f,13-Oct-20,29-Oct-20,2-Nov-20,23518-00 wh,23521-00 wh,Flox/Flox,Tg/+,Flox/Flox,Flox/Flox,Flox/Flox,,12/9/2020,Tumor noticed,,,,
25032-10,1421-4-2,M,N-TVA;Ptenf/f;ATRXf/f;Cas9f/f;Ink4af/f,13-Oct-20,29-Oct-20,2-Nov-20,23518-00 wh,23521-00 wh,Flox/Flox,+/+,Flox/Flox,Flox/Flox,Flox/Flox,,11/4/2020,Sacked for TVA status,,,,
25033-30,1421-4-2,M,N-TVA;Ptenf/f;ATRXf/f;Cas9f/f;Ink4af/f,13-Oct-20,29-Oct-20,2-Nov-20,23518-00 wh,23521-00 wh,Flox/Flox,Tg/+,Flox/Flox,Flox/Flox,Flox/Flox,,1/6/2021,"noticed weakness in legs 1/4/21, sacked once it became paralyzed",,,,
25034-11,1421-4-2,M,N-TVA;Ptenf/f;ATRXf/f;Cas9f/f;Ink4af/f,13-Oct-20,29-Oct-20,2-Nov-20,23518-00 wh,23521-00 wh,Flox/Flox,Tg/+,Flox/Flox,Flox/Flox,Flox/Flox,,12/30/2020,Tumor noticed,1/4/20 Paralyzed and sacked,,,
N-TVA;Ptenf/f;ATRX+/+;Cas9f/f;Ink4af/f,8 animals MC1473,,,,,,,,Pten-flox,N-TVA,ATRX,H11LSL-Cas9,Ink4a/Arf lox,RCAS Cre-U6sgRNA-ex2-NF1 (RH 1/22/21),,,,,,
26007-00,1473-4-1,F,N-TVA+;Ptenf/f;ATRX+/+;Cas9f/f;Inkf/f,20-Jan-21,5-Feb-21,9-Feb-21,24727-01,24630-01,Flox/Flox,Tg/+,+/+,Flox/Flox,Flox/Flox,,4/13/2021,"partially paralyzed, so sacked",,,,
26008-01,1473-4-1,F,N-TVA+;Ptenf/f;ATRX+/+;Cas9f/f;Inkf/f,20-Jan-21,5-Feb-21,9-Feb-21,24727-01,24630-01,Flox/Flox,Tg/+,+/+,Flox/Flox,Flox/Flox,,6/8/2021,tumor noticed and sacked same day,,,,
26009-03,1473-4-1,F,N-TVA+;Ptenf/f;ATRX+/+;Cas9f/f;Inkf/f,20-Jan-21,5-Feb-21,9-Feb-21,24727-01,24630-01,Flox/Flox,Tg/+,+/+,Flox/Flox,Flox/Flox,,3/30/2021,"Tumor noticed on head 3/15, sacked on 3/30 when it became 2cm",,,,
26010-10,1473-4-1,F,N-TVA+;Ptenf/f;ATRX+/+;Cas9f/f;Inkf/f,20-Jan-21,5-Feb-21,9-Feb-21,24727-01,24630-01,Flox/Flox,Tg/+,+/+,Flox/Flox,Flox/Flox,,4/13/2021,"partially paralyzed, so sacked",,,,
26011-00,1473-4-2,M,N-TVA+;Ptenf/f;ATRX+/+;Cas9f/f;Inkf/f,20-Jan-21,5-Feb-21,9-Feb-21,24727-01,24630-01,Flox/Flox,Tg/+,+/+,Flox/Flox,Flox/Flox,,3/26/2021,"Tumor noticed on head 3/15, sacked when it became 2cm",,,,
26012-01,1473-4-2,M,N-TVA+;Ptenf/f;ATRX+/+;Cas9f/f;Inkf/f,20-Jan-21,5-Feb-21,9-Feb-21,24727-01,24630-01,Flox/Flox,Tg/+,+/+,Flox/Flox,Flox/Flox,,4/30/2021,"partially paralyzed, so sacked",,,,
26013-03,1473-4-2,M,N-TVA+;Ptenf/f;ATRX+/+;Cas9f/f;Inkf/f,20-Jan-21,5-Feb-21,9-Feb-21,24727-01,24630-01,Flox/Flox,Tg/+,+/+,Flox/Flox,Flox/Flox,,4/13/2021,"partially paralyzed 4/12, sacked next day",,,,
26014-10,1473-4-2,M,N-TVA+;Ptenf/f;ATRX+/+;Cas9f/f;Inkf/f,20-Jan-21,5-Feb-21,9-Feb-21,24727-01,24630-01,Flox/Flox,Tg/+,+/+,Flox/Flox,Flox/Flox,,4/12/2021,"first dicovered to be paralyzed in hind legs on 4/12, so had to sack",,,,
N-TVA;Ptenf/f;ATRXf/f;Cas9f/f;Ink4af/f,3 animals MC1462,,,,,,,,Pten-flox,N-TVA,ATRX,H11LSL-Cas9,Ink4a/Arf lox,RCAS Cre-U6sgRNA-ex2-NF1 (RH 1/22/21),,,,,,
26022-00 (small),1462-5-1,F,N-TVA;Ptenf/f;ATRXf/f;Cas9f/f;Ink4af/f,20-Jan-21,5-Feb-21,9-Feb-21,24420-00,24422-00,Flox/Flox,Tg/+,Flox/Flox,Flox/Flox,Flox/Flox,,4/1/2021,"Tumor noticed above eye starting 3/15, sacked when it got 2cm or more",,,,
26023-00,1462-5-2,M,N-TVA;Ptenf/f;ATRXf/f;Cas9f/f;Ink4af/f,20-Jan-21,5-Feb-21,9-Feb-21,24420-00,24422-00,Flox/Flox,Tg/+,Flox/Flox,Flox/Flox,Flox/Flox,,5/10/2021,"head tumor noticed 4/23, sacked to harvest head tumor",,,,
26024-01,1462-5-2,M,N-TVA;Ptenf/f;ATRXf/f;Cas9f/f;Ink4af/f,20-Jan-21,5-Feb-21,9-Feb-21,24420-00,24422-00,Flox/Flox,Tg/+,Flox/Flox,Flox/Flox,Flox/Flox,,2/22/2021,Tumor noticed on head,3/17/21 Sacked for tumor size,,,
N-TVA;Pten f/f; Ink4a/Arff/f;ATRX-+/+;H11LSL-Cas9  f/f ,5 animals - MC1509,,,,,,,,Pten-flox,N-TVA,ATRX,Ink4a/Arf lox,H11LSL-Cas9,RCAS Cre-U6sgRNA-ex2-NF1 (RH 1/26/21),,,,,,
26037-00,1509-1-1,F,N-TVA;Pten f/+; Ink4a/Arff/+;ATRX-f/+;H11LSL-Cas9  f/+ ,24-Jan-21,9-Feb-21,13-Feb-21,25320-00,25321-01,Flox/Flox,Tg/+,+/+,Flox/Flox,Flox/Flox,,4/1/2021,"domed head noticed on 3/18/21, sacked once it got more than 2 cm",,,,
26038-01,1509-1-1,F,N-TVA;Pten f/+; Ink4a/Arff/+;ATRX-f/+;H11LSL-Cas9  f/+ ,24-Jan-21,9-Feb-21,13-Feb-21,25320-00,25321-01,Flox/Flox,Tg/+,+/+,Flox/Flox,Flox/Flox,,4/13/2021,"partially paralyzed, so sacked",,,,
26039-03,1509-1-1,F,N-TVA;Pten f/+; Ink4a/Arff/+;ATRX-f/+;H11LSL-Cas9  f/+ ,24-Jan-21,9-Feb-21,13-Feb-21,25320-00,25321-01,Flox/Flox,Tg/+,+/+,Flox/Flox,Flox/Flox,,4/5/2021,"paralyzed, first noticed limited hind leg mobility on 4/2/21",,,,
26040-00,1509-1-2,M,N-TVA;Pten f/+; Ink4a/Arff/+;ATRX-f/+;H11LSL-Cas9  f/+ ,24-Jan-21,9-Feb-21,13-Feb-21,25320-00,25321-01,Flox/Flox,Tg/+,+/+,Flox/Flox,Flox/Flox,,4/22/2021,"starting to look sick 4/16/21, found dead",,,,
26041-10,1509-1-2,M,N-TVA;Pten f/+; Ink4a/Arff/+;ATRX-f/+;H11LSL-Cas9  f/+ ,24-Jan-21,9-Feb-21,13-Feb-21,25320-00,25321-01,Flox/Flox,+/+,+/+,Flox/Flox,Flox/Flox,#NAME?,4/22/2021,sacked for TVA status,,,,
N-TVA;Pten f/f; Ink4a/Arff/f;ATRX-+/+;H11LSL-Cas9  f/f ,9 animals - MC1510,,,,,,,,Pten-flox,N-TVA,ATRX,Ink4a/Arf lox,H11LSL-Cas9,RCAS Cre-U6sgRNA-ex2-NF1 (RH 1/26/21),,,,,,
26061-00,1510-1-1,F,N-TVA;Pten f/+; Ink4a/Arff/+;ATRX-f/+;H11LSL-Cas9  f/+ ,25-Jan-21,10-Feb-21,14-Feb-21,25321-01,24325-10,Flox/Flox,Tg/+,+/+,Flox/Flox,Flox/Flox,,5/5/2021,losing mobility,,,,
26062-01,1510-1-1,F,N-TVA;Pten f/+; Ink4a/Arff/+;ATRX-f/+;H11LSL-Cas9  f/+ ,25-Jan-21,10-Feb-21,14-Feb-21,25321-01,24325-10,Flox/Flox,Tg/+,+/+,Flox/Flox,Flox/Flox,,4/26/2021,"shoulder tumor noticed 4/23, found dead",,,,
26063-03,1510-1-1,F,N-TVA;Pten f/+; Ink4a/Arff/+;ATRX-f/+;H11LSL-Cas9  f/+ ,25-Jan-21,10-Feb-21,14-Feb-21,25321-01,24325-10,Flox/Flox,Tg/+,+/+,Flox/Flox,Flox/Flox,,4/26/2021,dragging hind legs 4/26/21 so sacked,,,,
26064-10,1510-1-1,F,N-TVA;Pten f/+; Ink4a/Arff/+;ATRX-f/+;H11LSL-Cas9  f/+ ,25-Jan-21,10-Feb-21,14-Feb-21,25321-01,24325-10,Flox/Flox,Tg/+,+/+,Flox/Flox,Flox/Flox,,3/18/2021,"Head tumor noticed 3/10, sacked on 3/18",,,,
26065-30,1510-1-1,F,N-TVA;Pten f/+; Ink4a/Arff/+;ATRX-f/+;H11LSL-Cas9  f/+ ,25-Jan-21,10-Feb-21,14-Feb-21,25321-01,24325-10,Flox/Flox,Tg/+,+/+,Flox/Flox,Flox/Flox,,4/26/2021,"originally saw head tumor starting, then it became more paralyzed including the front leg, so it was sacked",,,,
26066-00,1510-1-2,M,N-TVA;Pten f/+; Ink4a/Arff/+;ATRX-f/+;H11LSL-Cas9  f/+ ,25-Jan-21,10-Feb-21,14-Feb-21,25321-01,24325-10,Flox/Flox,Tg/+,+/+,Flox/Flox,Flox/Flox,,4/26/2021,large bulge noticed on scrotum/read end and mouse was becoming emanciated. It turned out to be a hernia.,,,,
26067-01,1510-1-2,M,N-TVA;Pten f/+; Ink4a/Arff/+;ATRX-f/+;H11LSL-Cas9  f/+ ,25-Jan-21,10-Feb-21,14-Feb-21,25321-01,24325-10,Flox/Flox,Tg/+,+/+,Flox/Flox,Flox/Flox,,5/5/2021,"looked bloated, not that active, hunched over",,,,
26068-03,1510-1-2,M,N-TVA;Pten f/+; Ink4a/Arff/+;ATRX-f/+;H11LSL-Cas9  f/+ ,25-Jan-21,10-Feb-21,14-Feb-21,25321-01,24325-10,Flox/Flox,Tg/+,+/+,Flox/Flox,Flox/Flox,,5/14/2021,"paralyzed, first noticed limited hind leg mobility on 4/2/21",,,,
26069-10,1510-1-2,M,N-TVA;Pten f/+; Ink4a/Arff/+;ATRX-f/+;H11LSL-Cas9  f/+ ,25-Jan-21,10-Feb-21,14-Feb-21,25321-01,24325-10,Flox/Flox,Tg/+,+/+,Flox/Flox,Flox/Flox,,,,,,,
N-TVA;Pten f/f; Ink4a/Arff/f;ATRX-+/+;H11LSL-Cas9  f/f ,7 animals - MC1472,,,,,,,,Pten-flox,N-TVA,ATRX,Ink4a/Arf lox,H11LSL-Cas9,RCAS Cre-U6sgRNA-ex2-NF1 2/2/21 ZL,,,,,,
26137-00,1472-3-1,F,N-TVA;Pten f/+; Ink4a/Arff/+;ATRX-f/+;H11LSL-Cas9  f/+ ,31-Jan-21,16-Feb-21,20-Feb-21,24626-00,24629-00,Flox/Flox,Tg/+,+/+,Flox/Flox,Flox/Flox,,4/5/2021,found dead,,,,
26138-01,1472-3-1,F,N-TVA;Pten f/+; Ink4a/Arff/+;ATRX-f/+;H11LSL-Cas9  f/+ ,31-Jan-21,16-Feb-21,20-Feb-21,24626-00,24629-00,Flox/Flox,Tg/+,+/+,Flox/Flox,Flox/Flox,,6/4/2021,"6/1/21 bump on head, sacked once tumor was bigger",,,,
26139-03,1472-3-1,F,N-TVA;Pten f/+; Ink4a/Arff/+;ATRX-f/+;H11LSL-Cas9  f/+ ,31-Jan-21,16-Feb-21,20-Feb-21,24626-00,24629-00,Flox/Flox,Tg/+,+/+,Flox/Flox,Flox/Flox,,5/5/2021,bloated and heavy breathing,,,,
26140-10,1472-3-1,F,N-TVA;Pten f/+; Ink4a/Arff/+;ATRX-f/+;H11LSL-Cas9  f/+ ,31-Jan-21,16-Feb-21,20-Feb-21,24626-00,24629-00,Flox/Flox,Tg/+,+/+,Flox/Flox,Flox/Flox,,7/1/2021,sacked for experimental endpoint,,,,
26141-00,1472-3-2,M,N-TVA;Pten f/+; Ink4a/Arff/+;ATRX-f/+;H11LSL-Cas9  f/+ ,31-Jan-21,16-Feb-21,20-Feb-21,24626-00,24629-00,Flox/Flox,Tg/+,+/+,Flox/Flox,Flox/Flox,,5/17/2021,"mouse had a domed head, was hunched over, not grooming, and breathing heavy",,,,
26142-01,1472-3-2,M,N-TVA;Pten f/+; Ink4a/Arff/+;ATRX-f/+;H11LSL-Cas9  f/+ ,31-Jan-21,16-Feb-21,20-Feb-21,24626-00,24629-00,Flox/Flox,Tg/+,+/+,Flox/Flox,Flox/Flox,,4/29/2021,"starting to drag hind legs on 4/26/21, noticed left eye not fully open on 4/27/21, weeker and more emanciated than the cagemates so sacked before I find it dead, nothing abnormal noticed upon necropsy",,,,
26143-03,1472-3-2,M,N-TVA;Pten f/+; Ink4a/Arff/+;ATRX-f/+;H11LSL-Cas9  f/+ ,31-Jan-21,16-Feb-21,20-Feb-21,24626-00,24629-00,Flox/Flox,Tg/+,+/+,Flox/Flox,Flox/Flox,,6/23/2021,"entire mouse appeared bloated, looked paralyzed and had slow breathing. Upon necropsy, entire brain appeared white.",,,,
N-TVA;Pten f/f; Ink4a/Arff/f;ATRX-+/+;H11LSL-Cas9  f/f ,9 animals - MC1510,,,,,,,,Pten-flox,N-TVA,ATRX,Ink4a/Arf lox,H11LSL-Cas9,RCAS Cre-U6sgRNA-ex2-NF1 2/21/21 RH,,,,,,
26274-00,1510-2-1,F,N-TVA;Pten f/+; Ink4a/Arff/+;ATRX-f/+;H11LSL-Cas9  f/+ ,19-Feb-21,7-Mar-21,11-Mar-21,25321-01,24325-10,Flox/Flox,Tg/+,+/+,Flox/Flox,Flox/Flox,,5/26/2021,tumor on base of spinal cord,,,,
26275-01,1510-2-1,F,N-TVA;Pten f/+; Ink4a/Arff/+;ATRX-f/+;H11LSL-Cas9  f/+ ,19-Feb-21,7-Mar-21,11-Mar-21,25321-01,24325-10,Flox/Flox,Tg/+,+/+,Flox/Flox,Flox/Flox,,5/5/2021,"hunched back, emannciated, partial paralysis",,,,
26276-03,1510-2-1,F,N-TVA;Pten f/+; Ink4a/Arff/+;ATRX-f/+;H11LSL-Cas9  f/+ ,19-Feb-21,7-Mar-21,11-Mar-21,25321-01,24325-10,Flox/Flox,Tg/+,+/+,Flox/Flox,Flox/Flox,,5/17/2021,tumor on base of spinal cord and mobility starting to fail 5/10,,,,
26277-10,1510-2-1,F,N-TVA;Pten f/+; Ink4a/Arff/+;ATRX-f/+;H11LSL-Cas9  f/+ ,19-Feb-21,7-Mar-21,11-Mar-21,25321-01,24325-10,Flox/Flox,Tg/+,+/+,Flox/Flox,Flox/Flox,,5/5/2021,"hunched back, starting to become paralyzed",,,,
26278-30,1510-2-3,F,N-TVA;Pten f/+; Ink4a/Arff/+;ATRX-f/+;H11LSL-Cas9  f/+ ,19-Feb-21,7-Mar-21,11-Mar-21,25321-01,24325-10,Flox/Flox,Tg/+,+/+,Flox/Flox,Flox/Flox,,4/23/2021,"partially paralyzed, so sacked before the weekend",,,,
26279-11,1510-2-3,F,N-TVA;Pten f/+; Ink4a/Arff/+;ATRX-f/+;H11LSL-Cas9  f/+ ,19-Feb-21,7-Mar-21,11-Mar-21,25321-01,24325-10,Flox/Flox,Tg/+,+/+,Flox/Flox,Flox/Flox,,4/13/2021,tumor big enough to require sacking,,,,
26280-00,1510-2-2,M,N-TVA;Pten f/+; Ink4a/Arff/+;ATRX-f/+;H11LSL-Cas9  f/+ ,19-Feb-21,7-Mar-21,11-Mar-21,25321-01,24325-10,Flox/Flox,Tg/+,+/+,Flox/Flox,Flox/Flox,,5/5/2021,looks bloated and puffy,,,,
26281-01,1510-2-2,M,N-TVA;Pten f/+; Ink4a/Arff/+;ATRX-f/+;H11LSL-Cas9  f/+ ,19-Feb-21,7-Mar-21,11-Mar-21,25321-01,24325-10,Flox/Flox,Tg/+,+/+,Flox/Flox,Flox/Flox,,5/19/2021,partially paralyzed,,,,
26282-03,1510-2-2,M,N-TVA;Pten f/+; Ink4a/Arff/+;ATRX-f/+;H11LSL-Cas9  f/+ ,19-Feb-21,7-Mar-21,11-Mar-21,25321-01,24325-10,Flox/Flox,Tg/+,+/+,Flox/Flox,Flox/Flox,,5/14/2021,paralyzed,,,,
N-TVA;Ptenf/f;ATRXf/f;Cas9f/f;Ink4af/f,10 animals - MC1471 ,,,,,,,,Pten,N-TVA,Atrx,Cas9,Ink4a/Arf,RCAS Cre-U6sgRNA-ex2-NF1 2/21/21 RH,,,,,,
26305-00,1471-5-1,F,N-TVA;Ptenf/f;ATRXf/f;Cas9f/f;Ink4af/f,21-Feb-21,9-Mar-21,13-Mar-21,24547-10,24553-30,Flox/Flox,Tg/+,Flox/Flox,Flox/Flox,Flox/Flox,,5/10/2021,"hunched over, emanciated and not moving aroung",,,,
26306-00,1471-5-3,M,N-TVA;Ptenf/f;ATRXf/f;Cas9f/f;Ink4af/f,21-Feb-21,9-Mar-21,13-Mar-21,24547-10,24553-30,Flox/Flox,Tg/+,Flox/Flox,Flox/Flox,Flox/Flox,,6/16/2021,sacked for tumor,,,,
26307-01,1471-5-2,M,N-TVA;Ptenf/f;ATRXf/f;Cas9f/f;Ink4af/f,21-Feb-21,9-Mar-21,13-Mar-21,24547-10,24553-30,Flox/Flox,Tg/+,Flox/Flox,Flox/Flox,Flox/Flox,,4/13/2021,"small tumor on head, so sacked",,,,
26308-03,1471-5-2,M,N-TVA;Ptenf/f;ATRXf/f;Cas9f/f;Ink4af/f,21-Feb-21,9-Mar-21,13-Mar-21,24547-10,24553-30,Flox/Flox,Tg/+,Flox/Flox,Flox/Flox,Flox/Flox,,4/19/2021,partially paralyzed,,,,
26309-10,1471-5-3,M,N-TVA;Ptenf/f;ATRXf/f;Cas9f/f;Ink4af/f,21-Feb-21,9-Mar-21,13-Mar-21,24547-10,24553-30,Flox/Flox,Tg/+,Flox/Flox,Flox/Flox,Flox/Flox,,4/30/2021,"loosing mobility in hind legs, so sacked",,,,
26310-30,1471-5-2,M,N-TVA;Ptenf/f;ATRXf/f;Cas9f/f;Ink4af/f,21-Feb-21,9-Mar-21,13-Mar-21,24547-10,24553-30,Flox/Flox,Tg/+,Flox/Flox,Flox/Flox,Flox/Flox,,4/13/2021,"small tumor on head, so sacked",,,,
26311-11,1471-5-2,M,N-TVA;Ptenf/f;ATRXf/f;Cas9f/f;Ink4af/f,21-Feb-21,9-Mar-21,13-Mar-21,24547-10,24553-30,Flox/Flox,Tg/+,Flox/Flox,Flox/Flox,Flox/Flox,,4/13/2021,"small tumor on head, so sacked",,,,
N-TVA::Ptenf/f;Atrx+/+;Cas9f/f;Inkf/f,9 animals - MC1657,,,,,,,,N-TVA,Pten,Cas9,Ink,Atrx,Tyr-Cre,RCAS Cre-U6sgRNA-ex2-NF1 (RH 10/14/21),,,,,
28200-00,1657-1-1,F,N-TVA::Ptenf/f;Atrx+/+;Cas9f/f;Inkf/f,12-Oct-21,28-Oct-21,1-Nov-21,27651-01,27659-11,Tg/+,Flox/Flox,Flox/Flox,Flox/Flox,+/+,+/+,1/31/2021,"1/20/22 lethargic and red discharge around eye, sacked 1/31",,,,
28201-01,1657-1-1,F,N-TVA::Ptenf/f;Atrx+/+;Cas9f/f;Inkf/f,12-Oct-21,28-Oct-21,1-Nov-21,27651-01,27659-11,Tg/+,Flox/Flox,Flox/Flox,Flox/Flox,+/+,+/+,12/27/2021,found dead,,,,
28202-10,1657-1-1,F,N-TVA::Ptenf/f;Atrx+/+;Cas9f/f;Inkf/f,12-Oct-21,28-Oct-21,1-Nov-21,27651-01,27659-11,Tg/+,Flox/Flox,Flox/Flox,Flox/Flox,+/+,+/+,12/27/2021,sacked for tumor burden,,,,
28203-11,1657-1-1,F,N-TVA::Ptenf/f;Atrx+/+;Cas9f/f;Inkf/f,12-Oct-21,28-Oct-21,1-Nov-21,27651-01,27659-11,Tg/+,Flox/Flox,Flox/Flox,Flox/Flox,+/+,+/+,1/3/2022,"12/21/21 tumor on back of skull, good mobility",,,,
28204-00,1657-1-2,M,N-TVA::Ptenf/f;Atrx+/+;Cas9f/f;Inkf/f,12-Oct-21,28-Oct-21,1-Nov-21,27651-01,27659-11,Tg/+,Flox/Flox,Flox/Flox,Flox/Flox,+/+,+/+,,,,,,
28205-01,1657-1-2,M,N-TVA::Ptenf/f;Atrx+/+;Cas9f/f;Inkf/f,12-Oct-21,28-Oct-21,1-Nov-21,27651-01,27659-11,Tg/+,Flox/Flox,Flox/Flox,Flox/Flox,+/+,+/+,,,,,,
28206-03,1657-1-2,M,N-TVA::Ptenf/f;Atrx+/+;Cas9f/f;Inkf/f,12-Oct-21,28-Oct-21,1-Nov-21,27651-01,27659-11,Tg/+,Flox/Flox,Flox/Flox,Flox/Flox,+/+,+/+,,,,,,
28207-10,1657-1-2,M,N-TVA::Ptenf/f;Atrx+/+;Cas9f/f;Inkf/f,12-Oct-21,28-Oct-21,1-Nov-21,27651-01,27659-11,Tg/+,Flox/Flox,Flox/Flox,Flox/Flox,+/+,+/+,12/15/2021,11/28/21 head tumor starting,"12/13/21 little mobility, medium sized head tumor",,,
28208-11,1657-1-2,M,N-TVA::Ptenf/f;Atrx+/+;Cas9f/f;Inkf/f,12-Oct-21,28-Oct-21,1-Nov-21,27651-01,27659-11,Tg/+,Flox/Flox,Flox/Flox,Flox/Flox,+/+,+/+,12/22/2021,"12/13/21 major twitching, has small tumor on head, sacked 12/22 for tumor burden",,,,
N-TVA::Ptenf/f;Atrxf/f;Cas9f/f;Inkf/f,8 animals - MC1685,,,,,,,,N-TVA,Pten,Cas9,Ink,Atrx,Tyr-Cre,RCAS Cre-U6sgRNA-ex2-NF1 (11/13/21 RH),,,,,
28525-00,1685-1-1,F,N-TVA::Ptenf/f;Atrxf/f;Cas9f/f;Inkf/f,11-Nov-21,27-Nov-21,1-Dec-21,27867-00,27870-00,Tg/+,Flox/Flox,Flox/Flox,Flox/Flox,Flox/Flox,+/+,12/28/2021,sacked for paralysis; breathing heavy,,,,
28526-01,1685-1-1,F,N-TVA::Ptenf/f;Atrxf/f;Cas9f/f;Inkf/f,11-Nov-21,27-Nov-21,1-Dec-21,27867-00,27870-00,Tg/+,Flox/Flox,Flox/Flox,Flox/Flox,Flox/Flox,+/+,,,,,,
28527-03,1685-1-1,F,N-TVA::Ptenf/f;Atrxf/f;Cas9f/f;Inkf/f,11-Nov-21,27-Nov-21,1-Dec-21,27867-00,27870-00,Tg/+,Flox/Flox,Flox/Flox,Flox/Flox,Flox/Flox,+/+,1/20/2022,sacked for tumor size,,,,
28528-10,1685-1-1,F,N-TVA::Ptenf/f;Atrxf/f;Cas9f/f;Inkf/f,11-Nov-21,27-Nov-21,1-Dec-21,27867-00,27870-00,Tg/+,Flox/Flox,Flox/Flox,Flox/Flox,Flox/Flox,+/+,,3/10/22 eye tumor noted,,,,
28529-11,1685-1-1,F,N-TVA::Ptenf/f;Atrxf/f;Cas9f/f;Inkf/f,11-Nov-21,27-Nov-21,1-Dec-21,27867-00,27870-00,Tg/+,Flox/Flox,Flox/Flox,Flox/Flox,Flox/Flox,+/+,2/28/2022,sacked for paralysis; breathing heavy,,,,
28530-00,1685-1-2,M,N-TVA::Ptenf/f;Atrxf/f;Cas9f/f;Inkf/f,11-Nov-21,27-Nov-21,1-Dec-21,27867-00,27870-00,Tg/+,Flox/Flox,Flox/Flox,Flox/Flox,Flox/Flox,+/+,1/4/2022,sacked for tumor size,,,,
28531-01,1685-1-2,M,N-TVA::Ptenf/f;Atrxf/f;Cas9f/f;Inkf/f,11-Nov-21,27-Nov-21,1-Dec-21,27867-00,27870-00,Tg/+,Flox/Flox,Flox/Flox,Flox/Flox,Flox/Flox,+/+,1/4/2022,sacked for tumor size,,,,
28532-03,1685-1-2,M,N-TVA::Ptenf/f;Atrxf/f;Cas9f/f;Inkf/f,11-Nov-21,27-Nov-21,1-Dec-21,27867-00,27870-00,Tg/+,Flox/Flox,Flox/Flox,Flox/Flox,Flox/Flox,+/+,1/16/2022,sacked for tumor size,,,,
N-TVA::Cas9f/f,3 animals - MC1704,,,,,,,,N-TVA,Cas9,Tyr-Cre,Cic,Ink,RCAS Cre-U6sgRNA-ex2-NF1 (12/3/21 RH),,,,,,
28708-00,1704-1-1,F,N-TVA::Cas9f/f,1-Dec-21,17-Dec-21,21-Dec-21,,,Tg/+,Flox/Flox,Tg/+,+/+,+/+,,6/7/2022,end date,,,,
28709-00,1704-1-2,M,N-TVA::Cas9f/f,1-Dec-21,17-Dec-21,21-Dec-21,,,Tg/+,Flox/Flox,Tg/+,+/+,+/+,,6/7/2022,end date,,,,
28710-01,1704-1-2,M,N-TVA::Cas9f/f,1-Dec-21,17-Dec-21,21-Dec-21,,,Tg/+,Flox/Flox,Tg/+,+/+,+/+,,6/7/2022,end date,,,,
N-TVA::Cas9f/f,5 animals - MC1703,,,,,,,,N-TVA,Cas9,Tyr-Cre,Cic,Ink,RCAS Cre-U6sgRNA-ex2-NF1 (12/7/21 RH),,,,,,
28780-00,1703-1-1,F,N-TVA::Cas9f/f,6-Dec-21,22-Dec-21,26-Dec-21,28055-00,28058-00,Tg/+,Flox/Flox,Tg/+,Flox/Flox,+/+,,6/7/2022,end date,,,,
28781-00,,M,N-TVA::Cas9f/f,6-Dec-21,22-Dec-21,26-Dec-21,28055-00,28058-00,Tg/+,Flox/Flox,Tg/+,Flox/Flox,+/+,,6/7/2022,end date,,,,
28782-01,,M,N-TVA::Cas9f/f,6-Dec-21,22-Dec-21,26-Dec-21,28055-00,28058-00,Tg/+,Flox/Flox,Tg/+,Flox/Flox,+/+,,6/7/2022,end date,,,,
28783-03,,M,N-TVA::Cas9f/f,6-Dec-21,22-Dec-21,26-Dec-21,28055-00,28058-00,Tg/+,Flox/Flox,Tg/+,Flox/Flox,+/+,,6/7/2022,end date,,,,
28784-10,,M,N-TVA::Cas9f/f,6-Dec-21,22-Dec-21,26-Dec-21,28055-00,28058-00,Tg/+,Flox/Flox,+/+,Flox/Flox,+/+,,6/7/2022,end date,,,,
N-TVA::Cas9f/f,6 animals - MC1704,,,,,,,,N-TVA,Cas9,Tyr-Cre,Cic,Ink,RCAS Cre-U6sgRNA-ex2-NF1 (1/13/22 RE),,,,,,
29085-00,1704-2-1,F,N-TVA::Cas9f/f,12-Jan-22,28-Jan-22,1-Feb-22,,,Tg/+,Flox/Flox,Tg/Tg,+/+,+/+,,,,,,,
29086-01,,F,N-TVA::Cas9f/f,12-Jan-22,28-Jan-22,1-Feb-22,,,Tg/+,Flox/Flox,Tg/+,+/+,+/+,,,,,,,
29087-00,,M,N-TVA::Cas9f/f,12-Jan-22,28-Jan-22,1-Feb-22,,,Tg/+,Flox/Flox,Tg/+,+/+,+/+,,,,,,,
29088-01,,M,N-TVA::Cas9f/f,12-Jan-22,28-Jan-22,1-Feb-22,,,Tg/+,Flox/Flox,Tg/Tg,+/+,+/+,,,,,,,
29089-10,,M,N-TVA::Cas9f/f,12-Jan-22,28-Jan-22,1-Feb-22,,,Tg/+,Flox/Flox,Tg/Tg,+/+,+/+,,,,,,,
29090-11,,M,N-TVA::Cas9f/f,12-Jan-22,28-Jan-22,1-Feb-22,,,Tg/+,Flox/Flox,Tg/Tg,+/+,+/+,,,,,,,
N-TVA::Cas9f/f,6 animal - MC1752,,,,,,,,N-TVA,Cas9,Tyr-Cre,Cic,Ink,RCAS Cre-U6sgRNA-ex2-NF1 (1/20/22 RE),,,,,,
29161-00,1752-1-1,F,N-TVA::Cas9f/f,18-Jan-22,3-Feb-22,7-Feb-22,28502-01,28504-00,Tg/+,Flox/Flox,+/+,+/+,+/+,,,,,,,
29162-01,,F,N-TVA::Cas9f/f,18-Jan-22,3-Feb-22,7-Feb-22,28502-01,28504-00,Tg/+,Flox/Flox,+/+,+/+,+/+,,,,,,,
29163-00,,M,N-TVA::Cas9f/f,18-Jan-22,3-Feb-22,7-Feb-22,28502-01,28504-00,Tg/+,Flox/Flox,+/+,+/+,+/+,,6/21/2022,end date,,,,
29164-01,,M,N-TVA::Cas9f/f,18-Jan-22,3-Feb-22,7-Feb-22,28502-01,28504-00,Tg/+,Flox/Flox,+/+,+/+,+/+,,6/21/2022,end date,,,,
29163-10,,M,N-TVA::Cas9f/f,18-Jan-22,3-Feb-22,7-Feb-22,28502-01,28504-00,Tg/+,Flox/Flox,+/+,+/+,+/+,,6/21/2022,end date,,,,
29166-11,,M,N-TVA::Cas9f/f,18-Jan-22,3-Feb-22,7-Feb-22,28502-01,28504-00,Tg/+,Flox/Flox,+/+,+/+,+/+,,6/21/2022,end date,,,,
N-TVA::Cas9f/f;Inkf/f,7 animals - MC1776,,,,,,,,N-TVA,Cas9,Ink,Tyr-Cre,RCAS Cre-U6sgRNA-ex2-NF1 (2/10/22 RE),,,,,,,
29385-00,1776-1-1,F,N-TVA::Cas9f/f;Inkf/f,9-Feb-22,25-Feb-22,1-Mar-22,28676-11,28681-10,Tg/+,Flox/Flox,Flox/Flox,Tg/+,,,7/19/2022,end date,,,,
29386-01,1776-1-1,F,N-TVA::Cas9f/f;Inkf/f,9-Feb-22,25-Feb-22,1-Mar-22,28676-11,28681-10,Tg/+,Flox/Flox,Flox/Flox,+/+,,,7/19/2022,end date,,,,
29387-00,1776-1-2,M,N-TVA::Cas9f/f;Inkf/f,9-Feb-22,25-Feb-22,1-Mar-22,28676-11,28681-10,Tg/+,Flox/Flox,Flox/Flox,+/+,,,4/5/2022,"sac'd, ruffled fur/head tumor/lethargic",,,,
29388-01,1776-1-2,M,N-TVA::Cas9f/f;Inkf/f,9-Feb-22,25-Feb-22,1-Mar-22,28676-11,28681-10,Tg/+,Flox/Flox,Flox/Flox,Tg/+,,,7/19/2022,end date,,,,
29389-10,1776-1-2,M,N-TVA::Cas9f/f;Inkf/f,9-Feb-22,25-Feb-22,1-Mar-22,28676-11,28681-10,Tg/+,Flox/Flox,Flox/Flox,Tg/+,,,7/19/2022,end date,,,,
29390-11,1776-1-2,M,N-TVA::Cas9f/f;Inkf/f,9-Feb-22,25-Feb-22,1-Mar-22,28676-11,28681-10,Tg/+,Flox/Flox,Flox/Flox,Tg/+,,,7/19/2022,end date,,,,
N-TVA::Cas9f/f,9 animals - MC1752,,,,,,,,N-TVA,Cas9,Tyr-Cre,RCAS Cre-U6sgRNA-ex2-NF1 (2/10/22 RE),RCAS Cre-U6sgRNA-ex2-NF1 (2/10/22 RE),,,,,,,
29397-00,1752-2-1,F,N-TVA::Cas9f/f,10-Feb-22,26-Feb-22,2-Mar-22,28502-01,28504-00,Tg/+,Flox/Flox,+/+,,,,7/19/2022,end date,,,,
29398-01,1752-2-1,F,N-TVA::Cas9f/f,10-Feb-22,26-Feb-22,2-Mar-22,28502-01,28504-00,Tg/+,Flox/Flox,+/+,,,,7/19/2022,end date,,,,
29399-03,1752-2-1,F,N-TVA::Cas9f/f,10-Feb-22,26-Feb-22,2-Mar-22,28502-01,28504-00,Tg/+,Flox/Flox,+/+,,,,7/19/2022,end date,,,,
29400-10,1752-2-1,F,N-TVA::Cas9f/f,10-Feb-22,26-Feb-22,2-Mar-22,28502-01,28504-00,Tg/+,Flox/Flox,+/+,,,,7/19/2022,end date,,,,
29401-30,1752-2-1,F,N-TVA::Cas9f/f,10-Feb-22,26-Feb-22,2-Mar-22,28502-01,28504-00,Tg/+,Flox/Flox,+/+,,,,7/19/2022,end date,,,,
29402-11,,F,N-TVA::Cas9f/f,10-Feb-22,26-Feb-22,2-Mar-22,28502-01,28504-00,Tg/+,Flox/Flox,+/+,,,,3/2/2022,sacked for maintenance,,,,
29403-00,1752-2-2,M,N-TVA::Cas9f/f,10-Feb-22,26-Feb-22,2-Mar-22,28502-01,28504-00,Tg/+,Flox/Flox,+/+,,,,7/19/2022,end date,,,,
29404-01,1752-2-2,M,N-TVA::Cas9f/f,10-Feb-22,26-Feb-22,2-Mar-22,28502-01,28504-00,Tg/+,Flox/Flox,+/+,,,,7/19/2022,end date,,,,
29405-10,1752-2-2,M,N-TVA::Cas9f/f,10-Feb-22,26-Feb-22,2-Mar-22,28502-01,28504-00,Tg/+,Flox/Flox,+/+,,,,7/19/2022,end date,,,,
N-TVA::Cas9f/f;Inkf/f,5 animals - MC1775,,,,,,,,N-TVA,Cas9,Ink,Tyr-Cre,RCAS Cre-U6sgRNA-ex2-NF1 (2/10/22 RE),,,,,,,
29406-00,1776-1-2,F,N-TVA::Cas9f/f;Inkf/f,10-Feb-22,26-Feb-22,2-Mar-22,28675-10,28680-03,Tg/+,Flox/Flox,Flox/Flox,Tg/+,,,7/19/2022,end date,,,,
29407-00,1776-1-3,M,N-TVA::Cas9f/f;Inkf/f,10-Feb-22,26-Feb-22,2-Mar-22,28675-10,28680-03,Tg/+,Flox/Flox,Flox/Flox,Tg/+,,,4/4/2022,found dead,,,,
29408-01,1776-1-3,M,N-TVA::Cas9f/f;Inkf/f,10-Feb-22,26-Feb-22,2-Mar-22,28675-10,28680-03,Tg/+,Flox/Flox,Flox/Flox,+/+,,,4/4/2022,found dead,,,,
29409-10,1776-1-3,M,N-TVA::Cas9f/f;Inkf/f,10-Feb-22,26-Feb-22,2-Mar-22,28675-10,28680-03,Tg/+,Flox/Flox,Flox/Flox,Tg/Tg,<redid Tyr-Cre and got no band,,4/4/2022,sacked for ruffled fur,,,,
29410-11,1776-1-3,M,N-TVA::Cas9f/f;Inkf/f,10-Feb-22,26-Feb-22,2-Mar-22,28675-10,28680-03,Tg/+,Flox/Flox,Flox/Flox,Tg/Tg,,,4/4/2022,found dead,,,,
N-TVA::Cas9f/f;Inkf/f,7 animals - MC1776,,,,,,,,N-TVA,Cas9,Ink,Tyr-Cre,RCAS Cre-U6sgRNA-ex2-NF1 3/24/22 (RE),,,,,,,
29818-00,1776-2-1,F,N-TVA::Cas9f/f;Inkf/f,23-Mar-22,8-Apr-22,12-Apr-22,28676-11,28681-10,Tg/+,Flox/Flox,Flox/Flox,Tg/+,,,8/22/2022,end date,,,5/9/22 ruffled fur,
29819-00,1776-2-2,M,N-TVA::Cas9f/f;Inkf/f,23-Mar-22,8-Apr-22,12-Apr-22,28676-11,28681-10,Tg/+,Flox/Flox,Flox/Flox,Tg/+,,,8/22/2022,end date,,,"5/9/22 ruffled fur, blinking",
29820-01,1776-2-2,M,N-TVA::Cas9f/f;Inkf/f,23-Mar-22,8-Apr-22,12-Apr-22,28676-11,28681-10,Tg/+,Flox/Flox,Flox/Flox,Tg/+,,,8/22/2022,end date,,,"5/9/22 ruffled fur, blinking",
29821-03,1776-2-2,M,N-TVA::Cas9f/f;Inkf/f,23-Mar-22,8-Apr-22,12-Apr-22,28676-11,28681-10,Tg/+,Flox/Flox,Flox/Flox,+/+,,,8/22/2022,end date,,,,
29822-10,1776-2-2,M,N-TVA::Cas9f/f;Inkf/f,23-Mar-22,8-Apr-22,12-Apr-22,28676-11,28681-10,Tg/+,Flox/Flox,Flox/Flox,+/+,,,8/22/2022,end date,,,"5/9/22 ruffled fur, blinking",
29823-11,1776-2-2,M,N-TVA::Cas9f/f;Inkf/f,23-Mar-22,8-Apr-22,12-Apr-22,28676-11,28681-10,Tg/+,Flox/Flox,Flox/Flox,+/+,,,8/22/2022,end date,,,,
N-TVA::Cas9f/f;Ink(mix),6 animals - MC1820,,,,,,,,N-TVA,Cas9,Ink,Tyr-Cre,RCAS Cre-U6sgRNA-ex2-NF1 4/5/22 (RE),,,,,,,
29919-00,1820-1-1,F,N-TVA::Cas9f/f;Inkf/f;Pten+/+;Cic+/+;Atrx+/+;Tyr+/+,4-Apr-22,20-Apr-22,24-Apr-22,29201-01,29203-00,Tg/+,Flox/Flox,Flox/+,+/+,,,,,,,,
29920-01,1820-1-1,F,N-TVA::Cas9f/f;Inkf/f;Pten+/+;Cic+/+;Atrx+/+;Tyr+/+,4-Apr-22,20-Apr-22,24-Apr-22,29201-01,29203-00,Tg/+,Flox/Flox,+/+,+/+,,,,,,,,
29921-10,1820-1-1,F,N-TVA::Cas9f/f;Inkf/f;Pten+/+;Cic+/+;Atrx+/+;Tyr+/+,4-Apr-22,20-Apr-22,24-Apr-22,29201-01,29203-00,Tg/+,Flox/Flox,Flox/+,+/+,,,,,,,,
29922-11,1820-1-1,F,N-TVA::Cas9f/f;Inkf/f;Pten+/+;Cic+/+;Atrx+/+;Tyr+/+,4-Apr-22,20-Apr-22,24-Apr-22,29201-01,29203-00,Tg/+,Flox/Flox,Flox/+,+/+,,,,,,,,
29923-30,1820-1-1,F,N-TVA::Cas9f/f;Inkf/f;Pten+/+;Cic+/+;Atrx+/+;Tyr+/+,4-Apr-22,20-Apr-22,24-Apr-22,29201-01,29203-00,Tg/+,Flox/Flox,+/+,+/+,,,,,,,,
29924-00,1820-1-2,M,N-TVA::Cas9f/f;Inkf/f;Pten+/+;Cic+/+;Atrx+/+;Tyr+/+,4-Apr-22,20-Apr-22,24-Apr-22,29201-01,29203-00,Tg/+,Flox/Flox,Flox/+,+/+,,,5/11/2022,"Arched back, labored breathing",,,,
N-TVA::Cas9f/f;Inkf/f,7 animals - MC1775,,,,,,,,N-TVA,Cas9,Ink,Tyr-Cre,RCAS Cre-U6sgRNA-ex2-NF1 (5/10/22 RE),,,,,,,
injected,1775-5-1,,N-TVA::Cas9f/f;Inkf/f,9-May-22,25-May-22,29-May-22,28675-10,28680-03,Tg/+,Flox/Flox,Flox/Flox,,,,,,,,,
30212-00,,,N-TVA::Cas9f/f;Inkf/f,9-May-22,25-May-22,29-May-22,28675-10,28680-03,Tg/+,Flox/Flox,Flox/Flox,,,,,,,,,
30213-00,,,N-TVA::Cas9f/f;Inkf/f,9-May-22,25-May-22,29-May-22,28675-10,28680-03,Tg/+,Flox/Flox,Flox/Flox,,,,,,,,,
30214-01,,,N-TVA::Cas9f/f;Inkf/f,9-May-22,25-May-22,29-May-22,28675-10,28680-03,Tg/+,Flox/Flox,Flox/Flox,,,,,,,,,
30215-03,,,N-TVA::Cas9f/f;Inkf/f,9-May-22,25-May-22,29-May-22,28675-10,28680-03,Tg/+,Flox/Flox,Flox/Flox,,,,,,,,,
30216-10,,,N-TVA::Cas9f/f;Inkf/f,9-May-22,25-May-22,29-May-22,28675-10,28680-03,Tg/+,Flox/Flox,Flox/Flox,,,,,,,,,
30217-11,,,N-TVA::Cas9f/f;Inkf/f,9-May-22,25-May-22,29-May-22,28675-10,28680-03,Tg/+,Flox/Flox,Flox/Flox,,,,,,,,,
30218-30,,,N-TVA::Cas9f/f;Inkf/f,9-May-22,25-May-22,29-May-22,28675-10,28680-03,Tg/+,Flox/Flox,Flox/Flox,,,,,,,,,
N-TVA::Cas9f/f;Inkf/f;Tyr-Cre(mix),6 animals - MC1847,,,,,,,,N-TVA,Cas9,Ink,Tyr-Cre,RCAS Cre-U6sgRNA-ex2-NF1 (5/11/22 RE),,,,,,,
30232-00,1847-1-1,,N-TVA::Cas9f/f;Inkf/f;Tyr-Cre(mix),10-May-22,26-May-22,30-May-22,29617-10,29621-10,,,,,,,,,,,,
30233-01,,,N-TVA::Cas9f/f;Inkf/f;Tyr-Cre(mix),10-May-22,26-May-22,30-May-22,29617-10,29621-10,,,,,,,,,,,,
30234-00,,,N-TVA::Cas9f/f;Inkf/f;Tyr-Cre(mix),10-May-22,26-May-22,30-May-22,29617-10,29621-10,,,,,,,,,,,,
30235-01,,,N-TVA::Cas9f/f;Inkf/f;Tyr-Cre(mix),10-May-22,26-May-22,30-May-22,29617-10,29621-10,,,,,,,,,,,,
30236-10,,,N-TVA::Cas9f/f;Inkf/f;Tyr-Cre(mix),10-May-22,26-May-22,30-May-22,29617-10,29621-10,,,,,,,,,,,,
30237-11,,,N-TVA::Cas9f/f;Inkf/f;Tyr-Cre(mix),10-May-22,26-May-22,30-May-22,29617-10,29621-10,,,,,,,,,,,,
