"mouse_num","tumor_id","patho_est_location","patho_tumor_grade","patho_notes","requests","tumor","mouse_tumor","necropsy_file_comments","strain","virus","tyr_cre_status","gender","dob","injection_date","tumor_noticed","behavior_noticed","death_date","end_date","mri_imaging_date","age_of_tumor_onset","age_of_behavior_onset","age_at_death","tumor_locations","tumor_grade_post_h_e","notes","injected_by","mouse_num_tag","mouse_tag","age_death_cap","src","necropsy_comments"
29409,"29409 B","Brain","Grade II Infiltrating Astrocytoma","Ki67 + near the ventricle. Early stage glioma. No mitotic activity. estimated 25% ki67 +.","GFAP","B","29409 B","ruffled fur noticed 3/29/22, but no indication of a glioma. Found nearly dead, hunched back, sunken eyes 4/4/22","N-TVA::H11LSL-Cas9;Ink4a/Arf f/f","RCAS-Cre-pENTR-U6-sgRNA-NF1-ex2",NA,"M",2022-02-10,2022-02-10,NA,2022-03-29,2022-04-04,2022-04-04,NA,NA,47,53,"brain","Grade II Infiltrating Astrocytoma","ruffled fur noticed 3/29/22, but no indication of a glioma. Found nearly dead, hunched back, sunken eyes 4/4/22. Rest of litter mates were found dead.","RE","29409-10","10",53,"RE","ruffled fur noticed 3/29/22, but no indication of a glioma. Found nearly dead, hunched back, sunken eyes 4/4/22"
29387,"29387 B","Brain","Infiltrating Astrocytoma","Possibly located in the germinal matrix in the mouse, though needs to be confirmed. Pinching off ventricles. Possibly ependymal.","Look into neurons staining brown for pERK. send to Dr. Davidson with mouse anatomy website.","B","29387 B","small bump on the head noticed 3/29/22. head bulge, hunched back, ruffled fur. Upon necropsy, likely from hydrocephalus. Brain was like a deflated balloon, and fluid flowed from the skull upon dissection.","N-TVA::H11LSL-Cas9;Ink4a/Arf f/f","RCAS-Cre-pENTR-U6-sgRNA-NF1-ex2","+/+","M",2022-02-09,2022-02-10,2022-03-29,NA,2022-04-05,2022-04-05,NA,48,NA,55,"brain","Infiltrating Astrocytoma","small bump on the head noticed 3/29/22. head bulge, hunched back, ruffled fur. Upon necropsy, likely from hydrocephalus. Brain was like a deflated balloon, and fluid flowed from the skull upon dissection. Will submit to histology for confirmation","RE","29387-00","00",54,"RE","small bump on the head noticed 3/29/22. head bulge, hunched back, ruffled fur. Upon necropsy, likely from hydrocephalus. Brain was like a deflated balloon, and fluid flowed from the skull upon dissection."
26012,"26012 B","Brain","High Grade Infiltrating Glioma","Concentration surrounding blood vessels. Evidence of perineuronal cytosis. pERK on leading edges of tumor. Est. 50% ki67+","Staining for IDH1&2?","B","26012 B","partially paralyzed in hind legs, brain might have looked a little big, but otherwise everything looked normal","N-TVA:: Pten f/f; H11LSL-Cas9; Ink4a/Arf f/f","RCAS-Cre-pENTR-U6-sgRNA-NF1-ex2","Tg/Tg","M",2021-01-20,2021-01-22,NA,2021-04-30,2021-04-30,2021-04-30,NA,NA,100,100,"Glioma",NA,"partially paralyzed in hind legs, brain might have looked a little big, but otherwise everything looked normal","RH","26012-01","01",98,"RE","partially paralyzed in hind legs, brain might have looked a little big, but otherwise everything looked normal"
28205,"28205 B","Brain","Pre-tumorigenic","The bulge does not appear to be the optic chiasm. No tumor, though skattered pERK and ki67 cells.",NA,"B","28205 B","Complete lower paralysis, swollen cheeks, large hump on the back, thin skull, possible blood clot on the liver","N-TVA:: Pten f/f; H11LSL-Cas9; Ink4a/Arf f/f","RCAS-Cre-pENTR-U6-sgRNA-NF1-ex2","+/+","M",2021-10-12,2021-10-14,NA,2022-01-03,2022-01-03,2022-01-03,NA,NA,83,83,"Pre-tumorigenic",NA,"Complete lower paralysis, swollen cheeks, large hump on the back, thin skull, possible blood clot on the liver","RH","28205-01","01",81,"RE","Complete lower paralysis, swollen cheeks, large hump on the back, thin skull, possible blood clot on the liver"
28204,"28204 B","Brain","Pre-tumorigenic, possible OPG","ki67+ cells on a peripheral nerve-possibly optic? Similar to 28205","send to Dr. Davidson with mouse anatomy website.","B","28204 B","Red, sunken eyes, head bulge, soft skull, fat on heart, no obs. Tumor, possible blood clot on liver","N-TVA:: Pten f/f; H11LSL-Cas9; Ink4a/Arf f/f","RCAS-Cre-pENTR-U6-sgRNA-NF1-ex2","+/+","M",2021-10-12,2021-10-14,2021-12-21,NA,2022-01-03,2022-01-03,NA,NA,NA,83,"Pre-tumorigenic, Optic Nerve?",NA,"Red, sunken eyes, head bulge, soft skull, fat on heart, no obs. Tumor, possible blood clot on liver","RH","28204-00","00",81,"RE","Red, sunken eyes, head bulge, soft skull, fat on heart, no obs. Tumor, possible blood clot on liver"
26281,"26281 B","Optic Pathway?","High Grade","Neuroepithelial tumor, extra-aximal. Excellent PTEN staining. (*lymphocytes also stain ki67 + but have much bigger nuclei*)","use for manuscript","B","26281 B","partially paralyzed on hind legs, mass observed on base of cranial cavity between the cranial nerves, used for a cell line, brain may have looked a little puffy","N-TVA:: Pten f/f; H11LSL-Cas9; Ink4a/Arf f/f","RCAS-Cre-pENTR-U6-sgRNA-NF1-ex2",NA,"M",2021-02-19,2021-02-21,NA,2021-05-19,2021-05-19,2021-05-19,NA,NA,89,89,"Optic Nerve?",NA,"partially paralyzed on hind legs, mass observed on base of cranial cavity between the cranial nerves, used for a cell line, brain may have looked a little puffy","RH","26281-01","01",87,"RE","partially paralyzed on hind legs, mass observed on base of cranial cavity between the cranial nerves, used for a cell line, brain may have looked a little puffy"
26280,"26280 B","Optic Pathway?","High Grade","Pilocytic morphology. Glial tumor with high mitotic activity. Slice of nerve, possibly optic  nerve.","send to Dr. Davidson with mouse anatomy website.","B","26280 B","mouse was bloated and looks like it is full of gas, there was an enlarged cranial nerve that was just kept for making a cell line with","N-TVA:: Pten f/f; H11LSL-Cas9; Ink4a/Arf f/f","RCAS-Cre-pENTR-U6-sgRNA-NF1-ex2",NA,"M",2021-02-19,2021-02-21,NA,2021-05-05,2021-05-05,2021-05-05,NA,NA,75,75,"Optic Nerve?",NA,"mouse was bloated and looks like it is full of gas, there was an enlarged cranial nerve that was just kept for making a cell line with","RH","26280-00","00",73,"RE","mouse was bloated and looks like it is full of gas, there was an enlarged cranial nerve that was just kept for making a cell line with"
28202,"28202 T1","Optic Nerve?","High Grade, possible OPG","Similar morphology to 26281. Mitotically active. H&E looks like a nerve at the base of the brain. Brain has signs of necrosis, high grade.","send to Dr. Davidson with mouse anatomy website.","T1","28202 T1","intracranial tumor, sacked for tumor burden. Left frontal lobe was caved in from tumor. Tumor was attached to skull. Slice of tumor was cryopreserved. Liver had blood clot, lungs looked normal.","N-TVA:: Pten f/f; H11LSL-Cas9; Ink4a/Arf f/f","RCAS-Cre-pENTR-U6-sgRNA-NF1-ex2","+/+","F",2021-10-12,2021-10-14,2021-12-20,NA,2021-12-27,2021-12-27,NA,69,NA,76,"Optic Nerve?",NA,"intracranial tumor, sacked for tumor burden. Left frontal lobe was caved in from tumor. Tumor was attached to skull. Slice of tumor was cryopreserved. Liver had blood clot, lungs looked normal.","RH","28202-10","10",74,"RE","intracranial tumor, sacked for tumor burden. Left frontal lobe was caved in from tumor. Tumor was attached to skull. Slice of tumor was cryopreserved. Liver had blood clot, lungs looked normal."
28200,"28200 T1","Optic Pathway?","Possible ganglioneuroma","Elongated nuclei and fascicular growth present. Ganglion cells are mitotically active. Possible Ganglioneuroma. Possible nerve sheath tumor because of the abundant mitotic activity not typical for ganglioneuromas","S100, GFAP, redo pERK","T1","28200 T1","intracranial tumor, under left hemisphere, appears to be an optic tumor, sacked for lethargy and red discharge around eye, tumor was attached to skull, all other organs appeared normal","N-TVA:: Pten f/f; H11LSL-Cas9; Ink4a/Arf f/f","RCAS-Cre-pENTR-U6-sgRNA-NF1-ex2","+/+","F",2021-10-12,2021-10-14,2022-01-20,NA,2022-01-30,2022-01-30,NA,100,NA,110,"Ganglioneuroma",NA,"intracranial tumor, under left hemisphere, appears to be an optic tumor, sacked for lethargy and red discharge around eye, tumor was attached to skull, all other organs appeared normal","RH","28200-00","00",108,"RE","intracranial tumor, under left hemisphere, appears to be an optic tumor, sacked for lethargy and red discharge around eye, tumor was attached to skull, all other organs appeared normal"
28208,"28208 B","Bladder","Infiltrating Glioblastoma and possible gliosarcoma","High grade spindle cell neoplasm, possible gliosarcoma (*fasculature growth will be GFAP -*). Infiltrating glioma found near the hippocampus. Palisading necrosis within the ventricle. T2 is the testus. T3 is the lower intestine.","S100, GFAP","B",NA,NA,NA,NA,NA,NA,NA,NA,NA,NA,NA,NA,NA,NA,NA,NA,NA,NA,NA,NA,NA,NA,NA,"RE",NA
28208,"28208 T2","Kidney","Infiltrating Glioblastoma and possible gliosarcoma","High grade spindle cell neoplasm, possible gliosarcoma (*fasculature growth will be GFAP -*). Infiltrating glioma found near the hippocampus. Palisading necrosis within the ventricle. T2 is the testus. T3 is the lower intestine.","S100, GFAP","T2","28208 T2","extracranial tumor, sacked for tumor burden. Little movement, squinted eyes. Possible blood clot on the liver. 2 extra possible tumors: one close to the kindeys, the other close to the lower intestines (bladder?)","N-TVA:: Pten f/f; H11LSL-Cas9; Ink4a/Arf f/f","RCAS-Cre-pENTR-U6-sgRNA-NF1-ex2","+/+","M",2021-10-12,2021-10-14,2021-12-04,NA,2021-12-22,2021-12-22,NA,53,NA,71,"Glioblastoma, Gliosarcoma?",NA,"extracranial tumor, sacked for tumor burden. Little movement, squinted eyes. Possible blood clot on the liver. 2 extra possible tumors: one close to the kindeys, the other close to the lower intestines (bladder?)","RH","28208-11","11",69,"RE","extracranial tumor, sacked for tumor burden. Little movement, squinted eyes. Possible blood clot on the liver. 2 extra possible tumors: one close to the kindeys, the other close to the lower intestines (bladder?)"
28208,"28208 T3","Brain","Infiltrating Glioblastoma and possible gliosarcoma","High grade spindle cell neoplasm, possible gliosarcoma (*fasculature growth will be GFAP -*). Infiltrating glioma found near the hippocampus. Palisading necrosis within the ventricle. T2 is the testus. T3 is the lower intestine.","S100, GFAP","T3","28208 T3","extracranial tumor, sacked for tumor burden. Little movement, squinted eyes. Possible blood clot on the liver. 2 extra possible tumors: one close to the kindeys, the other close to the lower intestines (bladder?)","N-TVA:: Pten f/f; H11LSL-Cas9; Ink4a/Arf f/f","RCAS-Cre-pENTR-U6-sgRNA-NF1-ex2","+/+","M",2021-10-12,2021-10-14,2021-12-04,NA,2021-12-22,2021-12-22,NA,53,NA,71,"Glioblastoma, Gliosarcoma?",NA,"extracranial tumor, sacked for tumor burden. Little movement, squinted eyes. Possible blood clot on the liver. 2 extra possible tumors: one close to the kindeys, the other close to the lower intestines (bladder?)","RH","28208-11","11",69,"RE","extracranial tumor, sacked for tumor burden. Little movement, squinted eyes. Possible blood clot on the liver. 2 extra possible tumors: one close to the kindeys, the other close to the lower intestines (bladder?)"
26014,"26014 T1","Spinal Cord","Possible gliosarcoma","Lots of mitotically active neoplasm invading into the skeletal muscle. PTEN lost in most tumor cells, but not all. Possible gliosarcoma","S100, GFAP, redo ki67","T1","26014 T1","severly paralized to where it looks like it couldn't control bowel movements or urination, noticed on a Monday, but looked fine when it was last looked at on a Friday. Upon necropsy, brain looks normal, huge tumor around the base of the spinal cord","N-TVA:: Pten f/f; H11LSL-Cas9; Ink4a/Arf f/f","RCAS-Cre-pENTR-U6-sgRNA-NF1-ex2",NA,"M",2021-01-20,2021-01-22,NA,2021-04-12,2021-04-12,2021-04-12,NA,NA,82,82,"spinal cord/gliosarcoma?",NA,"severly paralized to where it looks like it couldn't control bowel movements or urination, noticed on a Monday, but looked fine when it was last looked at on a Friday. Upon necropsy, brain looks normal, huge tumor around the base of the spinal cord, some of the tumor was frozen, used to make a cell line, and fixed.","RH","26014-10","10",80,"RE","severly paralized to where it looks like it couldn't control bowel movements or urination, noticed on a Monday, but looked fine when it was last looked at on a Friday. Upon necropsy, brain looks normal, huge tumor around the base of the spinal cord"
26037,"26037 T1","Extracranial","High Grade","Appears mildly glial in origin, another possible gliosarcoma. Infiltrating the skeletal muscle. Lots of mitotic activity. Fibrillary background.","S100, GFAP","T1","26037 T1","mouse appears normal except for large head tumor.","N-TVA:: Pten f/f; H11LSL-Cas9; Ink4a/Arf f/f","RCAS-Cre-pENTR-U6-sgRNA-NF1-ex2",NA,"F",2021-01-24,2021-01-26,2021-03-18,NA,2021-04-01,2021-04-01,NA,53,NA,67,"Gliosarcoma?",NA,"mouse appears normal except for large head tumor. Tumor also used for making cell line, and part of it was frozen.","RH","26037-00","00",65,"RE","mouse appears normal except for large head tumor."
26276,"26276 T1","Spinal Cord","Gliosarcoma?","Glial and fascicular tumor infiltrating into the fat, skeletal muscle, and a lymph node. PTEN lost in a subset of tumor cells.","S100, GFAP","T1","26276 T1","tumor observable on the base of spine (T1), mouse is showing partial paralysis in hind legs, also small head tumor developing (T2), froze and made cell lines of each tumor and fixed part of T1.","N-TVA:: Pten f/f; H11LSL-Cas9; Ink4a/Arf f/f","RCAS-Cre-pENTR-U6-sgRNA-NF1-ex2",NA,"F",2021-02-19,2021-02-21,2021-05-10,2021-05-10,2021-05-17,2021-05-17,NA,80,80,87,"spine tumor/gliosarcoma, nerve",NA,"tumor observable on the base of spine (T1), mouse is showing partial paralysis in hind legs, also small head tumor developing (T2), froze and made cell lines of each tumor and fixed part of T1.","RH","26276-03","03",85,"RE","tumor observable on the base of spine (T1), mouse is showing partial paralysis in hind legs, also small head tumor developing (T2), froze and made cell lines of each tumor and fixed part of T1."
26274,"26274 T1","Spinal Cord","High Grade","Invading into the skeletal muscle. Glial in origin, with lots of mitotic activity. Focal fascicular growth present.","S100, GFAP","T1","26274 T1","tumor noticed on base of spine, no other symptom or abnormality observed after necropsy, part of tumor was fixed, part was used for a cell line, and part was frozen","N-TVA:: Pten f/f; H11LSL-Cas9; Ink4a/Arf f/f","RCAS-Cre-pENTR-U6-sgRNA-NF1-ex2",NA,"F",2021-02-19,2021-02-21,2021-05-26,NA,2021-05-26,2021-05-26,NA,96,NA,96,"spine tumor/Gliosarcoma?",NA,"tumor noticed on base of spine, no other symptom or abnormality observed after necropsy, part of tumor was fixed, part was used for a cell line, and part was frozen","RH","26274-00","00",94,"RE","tumor noticed on base of spine, no other symptom or abnormality observed after necropsy, part of tumor was fixed, part was used for a cell line, and part was frozen"
28207,"28207 T1","Extracranial","Angiosarcoma?","Tumor is eating its way into the scalp. Fascicular. Possible sarcoma or angiosarcoma.","S100, GFAP","T1","28207 T1","Tumor was on top of head, but did not go into the skull. The skull was intact and brain appeared normal. Lungs and Liver appeared normal","N-TVA:: Pten f/f; H11LSL-Cas9; Ink4a/Arf f/f","RCAS-Cre-pENTR-U6-sgRNA-NF1-ex2","+/+","M",2021-10-12,2021-10-14,2021-11-28,NA,2021-12-15,2021-12-15,NA,47,NA,64,"Angiosarcoma?",NA,"Tumor was on top of head, but did not go into the skull. The skull was intact and brain appeared normal. Lungs and Liver appeared normal","RH","28207-10","10",62,"RE","Tumor was on top of head, but did not go into the skull. The skull was intact and brain appeared normal. Lungs and Liver appeared normal"
28203,"28203 T1","Extracranial","Gliosarcoma?","Tumor appears glial in origin. Possible gliosarcoma.","S100, GFAP","T1","28203 T1","Red, sunken eyes, possible blood clot on the liver, extracranial tumor, soft brain, little mobility on back legs, extremely underweight, normal lungs","N-TVA:: Pten f/f; H11LSL-Cas9; Ink4a/Arf f/f","RCAS-Cre-pENTR-U6-sgRNA-NF1-ex2","+/+","F",2021-10-12,2021-10-14,NA,NA,2022-01-03,2022-01-03,NA,70,NA,83,"Gliosarcoma?",NA,"Red, sunken eyes, possible blood clot on the liver, extracranial tumor, soft brain, little mobility on back legs, extremely underweight, normal lungs","RH","28203-11","11",81,"RE","Red, sunken eyes, possible blood clot on the liver, extracranial tumor, soft brain, little mobility on back legs, extremely underweight, normal lungs"
26007,"26007 B","Brain","NED","NED",NA,"B",NA,NA,NA,NA,NA,NA,NA,NA,NA,NA,NA,NA,NA,NA,NA,NA,NA,NA,NA,NA,NA,NA,NA,"RE",NA
24801,NA,NA,NA,NA,NA,NA,NA,NA,"N-TVA:: Pten f/f; H11LSL-Cas9; Ink4a/Arf f/f","RCAS-Cre",NA,NA,2020-09-22,2020-09-22,NA,NA,2021-03-05,2021-03-05,NA,NA,NA,164,NA,NA,"No tumor. Sac'd for end date.",NA,"24801-00","00",151,"RE",NA
24802,NA,NA,NA,NA,NA,NA,NA,NA,"N-TVA:: Pten f/f; H11LSL-Cas9; Ink4a/Arf f/f","RCAS-Cre",NA,NA,2020-09-22,2020-09-22,NA,NA,2021-03-05,2021-03-05,NA,NA,NA,164,NA,NA,"No tumor. Sac'd for end date.",NA,"24802-01","01",151,"RE",NA
24803,NA,NA,NA,NA,NA,NA,NA,NA,"N-TVA:: Pten f/f; H11LSL-Cas9; Ink4a/Arf f/f","RCAS-Cre",NA,NA,2020-09-22,2020-09-22,NA,NA,2021-03-05,2021-03-05,NA,NA,NA,164,NA,NA,"No tumor. Sac'd for end date.",NA,"24803-03","03",151,"RE",NA
24805,NA,NA,NA,NA,NA,NA,NA,NA,"N-TVA:: Pten f/f; H11LSL-Cas9; Ink4a/Arf f/f","RCAS-Cre",NA,NA,2020-09-22,2020-09-22,NA,NA,2021-03-05,2021-03-05,NA,NA,NA,164,NA,NA,"No tumor. Sac'd for end date.",NA,"24805-00","00",151,"RE",NA
24807,NA,NA,NA,NA,NA,NA,NA,NA,"N-TVA:: Pten f/f; H11LSL-Cas9; Ink4a/Arf f/f","RCAS-Cre",NA,NA,2020-09-22,2020-09-22,NA,NA,2021-03-05,2021-03-05,NA,NA,NA,164,NA,NA,"No tumor. Sac'd for end date.",NA,"24807-03","03",151,"RE",NA
25080,NA,NA,NA,NA,NA,NA,NA,NA,"N-TVA:: Pten f/f; H11LSL-Cas9; Ink4a/Arf f/f","RCAS-Cre",NA,NA,2020-10-19,2020-10-19,NA,NA,2021-03-18,2021-03-18,NA,NA,NA,150,NA,NA,"No tumor. Sac'd for end date.",NA,"25080-00","00",151,"RE",NA
25081,NA,NA,NA,NA,NA,NA,NA,NA,"N-TVA:: Pten f/f; H11LSL-Cas9; Ink4a/Arf f/f","RCAS-Cre",NA,NA,2020-10-19,2020-10-19,NA,NA,2021-03-18,2021-03-18,NA,NA,NA,150,NA,NA,"No tumor. Sac'd for end date.",NA,"25081-01","01",151,"RE",NA
25082,NA,NA,NA,NA,NA,NA,NA,NA,"N-TVA:: Pten f/f; H11LSL-Cas9; Ink4a/Arf f/f","RCAS-Cre",NA,NA,2020-10-19,2020-10-19,NA,NA,2021-03-18,2021-03-18,NA,NA,NA,150,NA,NA,"No tumor. Sac'd for end date.",NA,"25082-03","03",151,"RE",NA
25083,NA,NA,NA,NA,NA,NA,NA,NA,"N-TVA:: Pten f/f; H11LSL-Cas9; Ink4a/Arf f/f","RCAS-Cre",NA,NA,2020-10-19,2020-10-19,NA,NA,2021-03-18,2021-03-18,NA,NA,NA,150,NA,NA,"No tumor. Sac'd for end date.",NA,"25083-00","00",151,"RE",NA
25084,NA,NA,NA,NA,NA,NA,NA,NA,"N-TVA:: Pten f/f; H11LSL-Cas9; Ink4a/Arf f/f","RCAS-Cre",NA,NA,2020-10-19,2020-10-19,NA,NA,2021-03-18,2021-03-18,NA,NA,NA,150,NA,NA,"No tumor. Sac'd for end date.",NA,"25084-01","01",151,"RE",NA
25085,NA,NA,NA,NA,NA,NA,NA,NA,"N-TVA:: Pten f/f; H11LSL-Cas9; Ink4a/Arf f/f","RCAS-Cre",NA,NA,2020-10-19,2020-10-19,NA,NA,2021-03-18,2021-03-18,NA,NA,NA,150,NA,NA,"No tumor. Sac'd for end date.",NA,"25085-03","03",151,"RE",NA
25086,NA,NA,NA,NA,NA,NA,NA,NA,"N-TVA:: Pten f/f; H11LSL-Cas9; Ink4a/Arf f/f","RCAS-Cre",NA,NA,2020-10-19,2020-10-19,NA,NA,2021-03-18,2021-03-18,NA,NA,NA,150,NA,NA,"No tumor. Sac'd for end date.",NA,"25086-10","10",151,"RE",NA
25087,NA,NA,NA,NA,NA,NA,NA,NA,"N-TVA:: Pten f/f; H11LSL-Cas9; Ink4a/Arf f/f; Atrxf/f","RCAS-Cre",NA,NA,2020-10-20,2020-10-20,NA,NA,2021-03-19,2021-03-19,NA,NA,NA,150,NA,NA,"No tumor. Sac'd for end date.",NA,"25087-00","00",151,"RE",NA
25088,NA,NA,NA,NA,NA,NA,NA,NA,"N-TVA:: Pten f/f; H11LSL-Cas9; Ink4a/Arf f/f; Atrxf/f","RCAS-Cre",NA,NA,2020-10-20,2020-10-20,NA,NA,2021-03-19,2021-03-19,NA,NA,NA,150,NA,NA,"No tumor. Sac'd for end date.",NA,"25088-01","01",151,"RE",NA
25089,NA,NA,NA,NA,NA,NA,NA,NA,"N-TVA:: Pten f/f; H11LSL-Cas9; Ink4a/Arf f/f; Atrxf/f","RCAS-Cre",NA,NA,2020-10-20,2020-10-20,NA,NA,2021-03-19,2021-03-19,NA,NA,NA,150,NA,NA,"No tumor. Sac'd for end date.",NA,"25089-03","03",151,"RE",NA
25090,NA,NA,NA,NA,NA,NA,NA,NA,"N-TVA:: Pten f/f; H11LSL-Cas9; Ink4a/Arf f/f; Atrxf/f","RCAS-Cre",NA,NA,2020-10-20,2020-10-20,NA,NA,2021-03-19,2021-03-19,NA,NA,NA,150,NA,NA,"No tumor. Sac'd for end date.",NA,"25090-00","00",151,"RE",NA
25091,NA,NA,NA,NA,NA,NA,NA,NA,"N-TVA:: Pten f/f; H11LSL-Cas9; Ink4a/Arf f/f; Atrxf/f","RCAS-Cre",NA,NA,2020-10-20,2020-10-20,NA,NA,2021-03-19,2021-03-19,NA,NA,NA,150,NA,NA,"No tumor. Sac'd for end date.",NA,"25091-01","01",151,"RE",NA
25092,NA,NA,NA,NA,NA,NA,NA,NA,"N-TVA:: Pten f/f; H11LSL-Cas9; Ink4a/Arf f/f; Atrxf/f","RCAS-Cre",NA,NA,2020-10-20,2020-10-20,NA,NA,2021-03-19,2021-03-19,NA,NA,NA,150,NA,NA,"No tumor. Sac'd for end date.",NA,"25092-03","03",151,"RE",NA
25214,NA,NA,NA,NA,NA,NA,NA,NA,"N-TVA:: Pten f/f; H11LSL-Cas9; Ink4a/Arf f/f","RCAS-Cre",NA,NA,2020-11-05,2020-11-05,NA,NA,2021-04-05,2021-04-05,NA,NA,NA,151,NA,NA,"No tumor. Sac'd for end date.",NA,"25214-00","00",151,"RE",NA
25215,NA,NA,NA,NA,NA,NA,NA,NA,"N-TVA:: Pten f/f; H11LSL-Cas9; Ink4a/Arf f/f","RCAS-Cre",NA,NA,2020-11-05,2020-11-05,NA,NA,2021-04-05,2021-04-05,NA,NA,NA,151,NA,NA,"No tumor. Sac'd for end date.",NA,"25215-01","01",151,"RE",NA
25216,NA,NA,NA,NA,NA,NA,NA,NA,"N-TVA:: Pten f/f; H11LSL-Cas9; Ink4a/Arf f/f","RCAS-Cre",NA,NA,2020-11-05,2020-11-05,NA,NA,2021-04-05,2021-04-05,NA,NA,NA,151,NA,NA,"No tumor. Sac'd for end date.",NA,"25216-03","03",151,"RE",NA
25218,NA,NA,NA,NA,NA,NA,NA,NA,"N-TVA:: Pten f/f; H11LSL-Cas9; Ink4a/Arf f/f","RCAS-Cre",NA,NA,2020-11-05,2020-11-05,NA,NA,2021-04-05,2021-04-05,NA,NA,NA,151,NA,NA,"No tumor. Sac'd for end date.",NA,"25218-00","00",151,"RE",NA
25220,NA,NA,NA,NA,NA,NA,NA,NA,"N-TVA:: Pten f/f; H11LSL-Cas9; Ink4a/Arf f/f","RCAS-Cre",NA,NA,2020-11-05,2020-11-05,NA,NA,2021-04-05,2021-04-05,NA,NA,NA,151,NA,NA,"No tumor. Sac'd for end date.",NA,"25220-03","03",151,"RE",NA
25221,NA,NA,NA,NA,NA,NA,NA,NA,"N-TVA:: Pten f/f; H11LSL-Cas9; Ink4a/Arf f/f","RCAS-Cre",NA,NA,2020-11-05,2020-11-05,NA,NA,2021-04-05,2021-04-05,NA,NA,NA,151,NA,NA,"No tumor. Sac'd for end date.",NA,"25221-10","10",151,"RE",NA
25238,NA,NA,NA,NA,NA,NA,NA,NA,"N-TVA:: Pten f/f; H11LSL-Cas9; Ink4a/Arf f/f; Atrxf/f","RCAS-Cre",NA,NA,2020-11-06,2020-11-06,2021-02-03,NA,2021-03-03,2021-03-03,NA,89,NA,117,NA,NA,"extracranial tumor, no glioma",NA,"25238-01","01",151,"RE",NA
25239,NA,NA,NA,NA,NA,NA,NA,NA,"N-TVA:: Pten f/f; H11LSL-Cas9; Ink4a/Arf f/f; Atrxf/f","RCAS-Cre",NA,NA,2020-11-06,2020-11-06,NA,NA,2021-04-05,2021-04-05,NA,NA,NA,150,NA,NA,"No tumor. Sac'd for end date.",NA,"25239-03","03",151,"RE",NA
25240,NA,NA,NA,NA,NA,NA,NA,NA,"N-TVA:: Pten f/f; H11LSL-Cas9; Ink4a/Arf f/f; Atrxf/f","RCAS-Cre",NA,NA,2020-11-06,2020-11-06,NA,NA,2021-04-05,2021-04-05,NA,NA,NA,150,NA,NA,"No tumor. Sac'd for end date.",NA,"25240-00","00",151,"RE",NA
25241,NA,NA,NA,NA,NA,NA,NA,NA,"N-TVA:: Pten f/f; H11LSL-Cas9; Ink4a/Arf f/f; Atrxf/f","RCAS-Cre",NA,NA,2020-11-06,2020-11-06,NA,NA,2021-04-05,2021-04-05,NA,NA,NA,150,NA,NA,"No tumor. Sac'd for end date.",NA,"25241-01","01",151,"RE",NA
25242,NA,NA,NA,NA,NA,NA,NA,NA,"N-TVA:: Pten f/f; H11LSL-Cas9; Ink4a/Arf f/f; Atrxf/f","RCAS-Cre",NA,NA,2020-11-06,2020-11-06,NA,NA,2021-04-05,2021-04-05,NA,NA,NA,150,NA,NA,"No tumor. Sac'd for end date.",NA,"25242-03","03",151,"RE",NA
25258,NA,NA,NA,NA,NA,NA,NA,NA,"N-TVA:: Pten f/f; H11LSL-Cas9; Ink4a/Arf f/f; Atrxf/f","RCAS-Cre",NA,NA,2020-11-06,2020-11-09,NA,NA,2021-04-05,2021-04-05,NA,NA,NA,150,NA,NA,"No tumor. Sac'd for end date.",NA,"25258-10","10",151,"RE",NA
25259,NA,NA,NA,NA,NA,NA,NA,NA,"N-TVA:: Pten f/f; H11LSL-Cas9; Ink4a/Arf f/f; Atrxf/f","RCAS-Cre",NA,NA,2020-11-06,2020-11-09,NA,NA,2021-04-05,2021-04-05,NA,NA,NA,150,NA,NA,"No tumor. Sac'd for end date.",NA,"25259-11","11",151,"RE",NA
25261,NA,NA,NA,NA,NA,NA,NA,NA,"N-TVA:: Pten f/f; H11LSL-Cas9; Ink4a/Arf f/f; Atrxf/f","RCAS-Cre",NA,NA,2020-11-06,2020-11-09,NA,NA,2021-04-05,2021-04-05,NA,NA,NA,150,NA,NA,"No tumor. Sac'd for end date.",NA,"25261-01","01",151,"RE",NA
25262,NA,NA,NA,NA,NA,NA,NA,NA,"N-TVA:: Pten f/f; H11LSL-Cas9; Ink4a/Arf f/f; Atrxf/f","RCAS-Cre",NA,NA,2020-11-06,2020-11-09,NA,NA,2021-04-05,2021-04-05,NA,NA,NA,150,NA,NA,"No tumor. Sac'd for end date.",NA,"25262-03","03",151,"RE",NA
25263,NA,NA,NA,NA,NA,NA,NA,NA,"N-TVA:: Pten f/f; H11LSL-Cas9; Ink4a/Arf f/f; Atrxf/f","RCAS-Cre",NA,NA,2020-11-06,2020-11-09,NA,NA,2021-04-05,2021-04-05,NA,NA,NA,150,NA,NA,"No tumor. Sac'd for end date.",NA,"25263-10","10",151,"RE",NA
25264,NA,NA,NA,NA,NA,NA,NA,NA,"N-TVA:: Pten f/f; H11LSL-Cas9; Ink4a/Arf f/f; Atrxf/f","RCAS-Cre",NA,NA,2020-11-06,2020-11-09,NA,NA,2021-04-05,2021-04-05,NA,NA,NA,150,NA,NA,"No tumor. Sac'd for end date.",NA,"25264-30","30",151,"RE",NA
25266,NA,NA,NA,NA,NA,NA,NA,NA,"N-TVA:: Pten f/f; H11LSL-Cas9; Ink4a/Arf f/f","RCAS-Cre",NA,NA,2020-11-07,2020-11-09,NA,NA,2021-04-06,2021-04-06,NA,NA,NA,150,NA,NA,"No tumor. Sac'd for end date.",NA,"25266-01","01",151,"RE",NA
25267,NA,NA,NA,NA,NA,NA,NA,NA,"N-TVA:: Pten f/f; H11LSL-Cas9; Ink4a/Arf f/f","RCAS-Cre",NA,NA,2020-11-07,2020-11-09,NA,NA,2021-04-06,2021-04-06,NA,NA,NA,150,NA,NA,"No tumor. Sac'd for end date.",NA,"25267-03","03",151,"RE",NA
25268,NA,NA,NA,NA,NA,NA,NA,NA,"N-TVA:: Pten f/f; H11LSL-Cas9; Ink4a/Arf f/f","RCAS-Cre",NA,NA,2020-11-07,2020-11-09,NA,NA,2021-04-06,2021-04-06,NA,NA,NA,150,NA,NA,"No tumor. Sac'd for end date.",NA,"25268-10","10",151,"RE",NA
25269,NA,NA,NA,NA,NA,NA,NA,NA,"N-TVA:: Pten f/f; H11LSL-Cas9; Ink4a/Arf f/f","RCAS-Cre",NA,NA,2020-11-07,2020-11-09,NA,NA,2021-04-06,2021-04-06,NA,NA,NA,150,NA,NA,"No tumor. Sac'd for end date.",NA,"25269-30","30",151,"RE",NA
25271,NA,NA,NA,NA,NA,NA,NA,NA,"N-TVA:: Pten f/f; H11LSL-Cas9; Ink4a/Arf f/f","RCAS-Cre",NA,NA,2020-11-07,2020-11-09,NA,NA,2021-04-06,2021-04-06,NA,NA,NA,150,NA,NA,"No tumor. Sac'd for end date.",NA,"25271-00","00",151,"RE",NA
25272,NA,NA,NA,NA,NA,NA,NA,NA,"N-TVA:: Pten f/f; H11LSL-Cas9; Ink4a/Arf f/f","RCAS-Cre",NA,NA,2020-11-07,2020-11-09,NA,NA,2021-04-06,2021-04-06,NA,NA,NA,150,NA,NA,"No tumor. Sac'd for end date.",NA,"25272-01","01",151,"RE",NA
25274,NA,NA,NA,NA,NA,NA,NA,NA,"N-TVA:: Pten f/f; H11LSL-Cas9; Ink4a/Arf f/f","RCAS-Cre",NA,NA,2020-11-07,2020-11-09,NA,NA,2021-04-06,2021-04-06,NA,NA,NA,150,NA,NA,"No tumor. Sac'd for end date.",NA,"25274-10","10",151,"RE",NA
25304,NA,NA,NA,NA,NA,NA,NA,NA,"N-TVA:: Pten f/f; H11LSL-Cas9; Ink4a/Arf f/f","RCAS-Cre",NA,NA,2020-11-10,2020-11-11,NA,NA,2021-04-09,2021-04-09,NA,NA,NA,150,NA,NA,"No tumor. Sac'd for end date.",NA,"25304-00","00",151,"RE",NA
25305,NA,NA,NA,NA,NA,NA,NA,NA,"N-TVA:: Pten f/f; H11LSL-Cas9; Ink4a/Arf f/f","RCAS-Cre",NA,NA,2020-11-10,2020-11-11,NA,NA,2021-04-09,2021-04-09,NA,NA,NA,150,NA,NA,"No tumor. Sac'd for end date.",NA,"25305-01","01",151,"RE",NA
25307,NA,NA,NA,NA,NA,NA,NA,NA,"N-TVA:: Pten f/f; H11LSL-Cas9; Ink4a/Arf f/f","RCAS-Cre",NA,NA,2020-11-10,2020-11-11,NA,NA,2021-04-09,2021-04-09,NA,NA,NA,150,NA,NA,"No tumor. Sac'd for end date.",NA,"25307-01","01",151,"RE",NA
25308,NA,NA,NA,NA,NA,NA,NA,NA,"N-TVA:: Pten f/f; H11LSL-Cas9; Ink4a/Arf f/f","RCAS-Cre",NA,NA,2020-11-10,2020-11-11,NA,NA,2021-04-09,2021-04-09,NA,NA,NA,150,NA,NA,"No tumor. Sac'd for end date.",NA,"25308-03","03",151,"RE",NA
25309,NA,NA,NA,NA,NA,NA,NA,NA,"N-TVA:: Pten f/f; H11LSL-Cas9; Ink4a/Arf f/f","RCAS-Cre",NA,NA,2020-11-10,2020-11-11,NA,NA,2021-04-09,2021-04-09,NA,NA,NA,150,NA,NA,"No tumor. Sac'd for end date.",NA,"25309-10","10",151,"RE",NA
25310,NA,NA,NA,NA,NA,NA,NA,NA,"N-TVA:: Pten f/f; H11LSL-Cas9; Ink4a/Arf f/f","RCAS-Cre",NA,NA,2020-11-10,2020-11-11,NA,NA,2021-04-09,2021-04-09,NA,NA,NA,150,NA,NA,"No tumor. Sac'd for end date.",NA,"25310-30","30",151,"RE",NA
25328,NA,NA,NA,NA,NA,NA,NA,NA,"N-TVA:: Pten f/f; H11LSL-Cas9; Ink4a/Arf f/f; Atrxf/f","RCAS-Cre",NA,NA,2020-11-13,2020-11-13,NA,NA,2021-04-12,2021-04-12,NA,NA,NA,150,NA,NA,"No tumor. Sac'd for end date.",NA,"25328-01","01",151,"RE",NA
25548,NA,NA,NA,NA,NA,NA,NA,NA,"N-TVA:: Pten f/f; H11LSL-Cas9; Ink4a/Arf f/f; Atrxf/f","RCAS-Cre",NA,NA,2020-12-04,2020-12-04,NA,NA,2021-05-10,2021-05-10,NA,NA,NA,157,NA,NA,"No tumor. Sac'd for end date.",NA,"25548-00","00",151,"RE",NA
25549,NA,NA,NA,NA,NA,NA,NA,NA,"N-TVA:: Pten f/f; H11LSL-Cas9; Ink4a/Arf f/f; Atrxf/f","RCAS-Cre",NA,NA,2020-12-04,2020-12-04,NA,NA,2021-05-10,2021-05-10,NA,NA,NA,157,NA,NA,"No tumor. Sac'd for end date.",NA,"25549-01","01",151,"RE",NA
25550,NA,NA,NA,NA,NA,NA,NA,NA,"N-TVA:: Pten f/f; H11LSL-Cas9; Ink4a/Arf f/f; Atrxf/f","RCAS-Cre",NA,NA,2020-12-04,2020-12-04,NA,NA,2021-05-10,2021-05-10,NA,NA,NA,157,NA,NA,"No tumor. Sac'd for end date.",NA,"25550-00","00",151,"RE",NA
25595,NA,NA,NA,NA,NA,NA,NA,NA,"N-TVA:: Pten f/f; H11LSL-Cas9; Ink4a/Arf f/f; Atrxf/f","RCAS-Cre",NA,NA,2020-12-09,2020-12-10,NA,NA,2021-05-10,2021-05-10,NA,NA,NA,152,NA,NA,"No tumor. Sac'd for end date.",NA,"25595-00","00",151,"RE",NA
25596,NA,NA,NA,NA,NA,NA,NA,NA,"N-TVA:: Pten f/f; H11LSL-Cas9; Ink4a/Arf f/f; Atrxf/f","RCAS-Cre",NA,NA,2020-12-09,2020-12-10,NA,NA,2021-05-10,2021-05-10,NA,NA,NA,152,NA,NA,"No tumor. Sac'd for end date.",NA,"25596-01","01",151,"RE",NA
25597,NA,NA,NA,NA,NA,NA,NA,NA,"N-TVA:: Pten f/f; H11LSL-Cas9; Ink4a/Arf f/f; Atrxf/f","RCAS-Cre",NA,NA,2020-12-09,2020-12-10,NA,NA,2021-05-10,2021-05-10,NA,NA,NA,152,NA,NA,"No tumor. Sac'd for end date.",NA,"25597-00","00",151,"RE",NA
25598,NA,NA,NA,NA,NA,NA,NA,NA,"N-TVA:: Pten f/f; H11LSL-Cas9; Ink4a/Arf f/f; Atrxf/f","RCAS-Cre",NA,NA,2020-12-09,2020-12-10,NA,NA,2021-05-10,2021-05-10,NA,NA,NA,152,NA,NA,"No tumor. Sac'd for end date.",NA,"25598-01","01",151,"RE",NA
25782,NA,NA,NA,NA,NA,NA,NA,NA,"N-TVA:: Pten f/f; H11LSL-Cas9; Ink4a/Arf f/f; Atrxf/f","RCAS-Cre",NA,NA,2020-12-29,2020-12-29,NA,NA,2021-05-28,2021-05-28,NA,NA,NA,150,NA,NA,"No tumor. Sac'd for end date.",NA,"25782-00","00",151,"RE",NA
25783,NA,NA,NA,NA,NA,NA,NA,NA,"N-TVA:: Pten f/f; H11LSL-Cas9; Ink4a/Arf f/f; Atrxf/f","RCAS-Cre",NA,NA,2020-12-29,2020-12-29,NA,NA,2021-05-28,2021-05-28,NA,NA,NA,150,NA,NA,"No tumor. Sac'd for end date.",NA,"25783-01","01",151,"RE",NA
25784,NA,NA,NA,NA,NA,NA,NA,NA,"N-TVA:: Pten f/f; H11LSL-Cas9; Ink4a/Arf f/f; Atrxf/f","RCAS-Cre",NA,NA,2020-12-29,2020-12-29,NA,NA,2021-05-28,2021-05-28,NA,NA,NA,150,NA,NA,"No tumor. Sac'd for end date.",NA,"25784-00","00",151,"RE",NA
25785,NA,NA,NA,NA,NA,NA,NA,NA,"N-TVA:: Pten f/f; H11LSL-Cas9; Ink4a/Arf f/f; Atrxf/f","RCAS-Cre",NA,NA,2020-12-29,2020-12-29,NA,NA,2021-05-28,2021-05-28,NA,NA,NA,150,NA,NA,"No tumor. Sac'd for end date.",NA,"25785-01","01",151,"RE",NA
25787,NA,NA,NA,NA,NA,NA,NA,NA,"N-TVA:: Pten f/f; H11LSL-Cas9; Ink4a/Arf f/f; Atrxf/f","RCAS-Cre",NA,NA,2020-12-29,2020-12-29,NA,NA,2021-05-28,2021-05-28,NA,NA,NA,150,NA,NA,"No tumor. Sac'd for end date.",NA,"25787-10","10",151,"RE",NA
25788,NA,NA,NA,NA,NA,NA,NA,NA,"N-TVA:: Pten f/f; H11LSL-Cas9; Ink4a/Arf f/f; Atrxf/f","RCAS-Cre",NA,NA,2020-12-29,2020-12-29,NA,NA,2021-05-28,2021-05-28,NA,NA,NA,150,NA,NA,"No tumor. Sac'd for end date.",NA,"25788-03","03",151,"RE",NA
26007,NA,NA,NA,NA,NA,NA,NA,NA,"N-TVA:: Pten f/f; H11LSL-Cas9; Ink4a/Arf f/f","RCAS-Cre-pENTR-U6-sgRNA-NF1-ex2",NA,"F",2021-01-20,2021-01-22,NA,2021-04-13,2021-04-13,2021-04-13,NA,NA,83,83,"spinal cord",NA,"nothing noticed around brain, but mouse was partially paralized in hind legs and had a spinal cord tumor around the base of the spine, cut some tumor to freeze and grow cell line from, also fixed section of tumor and spine (will need to decalcify if submitting for histology)","RH","26007-00","00",81,"RE",NA
26009,NA,NA,NA,NA,NA,NA,NA,NA,"N-TVA:: Pten f/f; H11LSL-Cas9; Ink4a/Arf f/f","RCAS-Cre-pENTR-U6-sgRNA-NF1-ex2",NA,"F",2021-01-20,2021-01-22,2021-03-15,NA,2021-03-30,2021-03-30,NA,54,NA,69,"Gliosarcoma?",NA,"mouse appears normal except for large head tumor. Tumor also used for making cell line, and part of it was frozen.","RH","26009-03","03",67,"RE",NA
26010,NA,NA,NA,NA,NA,"T1","26010 T1","nothing noticed around brain, but mouse was partially paralized in hind legs and had a spinal cord tumor around the base of the spine","N-TVA:: Pten f/f; H11LSL-Cas9; Ink4a/Arf f/f","RCAS-Cre-pENTR-U6-sgRNA-NF1-ex2",NA,"F",2021-01-20,2021-01-22,NA,2021-04-13,2021-04-13,2021-04-13,NA,NA,83,83,"spinal cord",NA,"nothing noticed around brain, but mouse was partially paralized in hind legs and had a spinal cord tumor around the base of the spine, cut some tumor to freeze and grow cell line from, also fixed section of tumor and spine (will need to decalcify if submitting for histology)","RH","26010-10","10",81,"RE","nothing noticed around brain, but mouse was partially paralized in hind legs and had a spinal cord tumor around the base of the spine"
26011,NA,NA,NA,NA,NA,NA,NA,NA,"N-TVA:: Pten f/f; H11LSL-Cas9; Ink4a/Arf f/f","RCAS-Cre-pENTR-U6-sgRNA-NF1-ex2",NA,"M",2021-01-20,2021-01-22,2021-03-15,NA,2021-03-26,2021-03-26,NA,54,NA,65,"Gliosarcoma?",NA,"froze part of head tumor, trypsinized part for cell line, and FFPE it. Brain itself also FFPE. Found a tiny white mass between the tumor and brain, that sort of indented the top left of the brain and defored the skull, unsure if it was attached to the main tumor or how the skull was involved since I had to cut open the skull to retreive the brain.","RH","26011-00","00",63,"RE",NA
26022,NA,NA,NA,NA,NA,NA,NA,NA,"N-TVA; Pten f/f; H11LSL-Cas9 f/f; Ink4a/Arf f/f; ATRX f/f","RCAS-Cre-pENTR-U6-sgRNA-NF1-ex2",NA,"F",2021-01-20,2021-01-22,2021-03-15,NA,2021-04-01,2021-04-01,NA,54,NA,71,"extracranial",NA,"mouse seamed healthy, but head tumor was becoming larger than 2cm in diameter. There was a small ball of tissue in front of the brain, so not sure if it will be included in the slide, but unsure what it is.",NA,"26022-00","00",69,"RE",NA
26023,NA,NA,NA,NA,NA,NA,NA,NA,"N-TVA; Pten f/f; H11LSL-Cas9 f/f; Ink4a/Arf f/f; ATRX f/f","RCAS-Cre-pENTR-U6-sgRNA-NF1-ex2",NA,"M",2021-01-20,2021-01-22,2021-04-23,NA,2021-05-10,2021-05-10,NA,93,NA,110,"extracranial",NA,"bump on head noticed 4/23/21, sacked when it was big enough to harvest for a cell line, fix, and freeze",NA,"26023-00","00",108,"RE",NA
26279,NA,NA,NA,NA,NA,NA,NA,NA,"N-TVA:: Pten f/f; H11LSL-Cas9; Ink4a/Arf f/f","RCAS-Cre-pENTR-U6-sgRNA-NF1-ex2",NA,"F",2021-02-19,2021-02-21,2021-04-13,NA,2021-04-13,2021-04-13,NA,53,NA,53,"Gliosarcoma?",NA,"head tumor observed, so sacked before it got too big, made cell line with it, froze a piece and fixed it. Tumor was first observed within 5 days of 4/13, but exact date was not recorded.","RH","26279-11","11",51,"RE",NA
26305,NA,NA,NA,NA,NA,NA,NA,NA,"N-TVA; Pten f/f; H11LSL-Cas9 f/f; Ink4a/Arf f/f; ATRX f/f","RCAS-Cre-pENTR-U6-sgRNA-NF1-ex2",NA,"F",2021-02-21,2021-02-21,NA,2021-05-10,2021-05-10,2021-05-10,NA,NA,78,78,"nerve tumor",NA,"mouse was hunched over, not moving much, and looked emanciated/sick, upon necropsy there was a large tumor under the brain that was not attached to the brain, but it was difficult to remove from the bottom of the cranial cavity, this is possibly growing from the left cranial nerve",NA,"26305-00","00",78,"RE",NA
26306,NA,NA,NA,NA,NA,NA,NA,NA,"N-TVA; Pten f/f; H11LSL-Cas9 f/f; Ink4a/Arf f/f; ATRX f/f","RCAS-Cre-pENTR-U6-sgRNA-NF1-ex2",NA,"M",2021-02-21,2021-02-21,NA,2021-06-09,2021-06-16,2021-06-16,NA,NA,108,115,"nerve tumor",NA,"starting to drag hind legs on 6/9/21, on 6/16 mouse was breathing heavy and looked scruffy, sacked in order to not find dead, enlarged cranial nerve on right side with a mass around it was used to make a cell line with",NA,"26306-00","00",115,"RE",NA
26307,NA,NA,NA,NA,NA,NA,NA,NA,"N-TVA; Pten f/f; H11LSL-Cas9 f/f; Ink4a/Arf f/f; ATRX f/f","RCAS-Cre-pENTR-U6-sgRNA-NF1-ex2",NA,"M",2021-02-21,2021-02-21,2021-04-13,NA,2021-04-13,2021-04-13,NA,51,NA,51,"extracranial",NA,"mouse was sort of small and had a small tumor on head. Knowing what happens to older mice, as the tumor just gets bigger and it will be harder to remove brain, this mouse could have lived longer though, froze part of tumor, fixed part of tumor and made cell line from part of tumor, tumor first noticed within 5 days of 4/13, but exact date wasn't recorded",NA,"26307-01","01",51,"RE",NA
26308,NA,NA,NA,NA,NA,NA,NA,NA,"N-TVA; Pten f/f; H11LSL-Cas9 f/f; Ink4a/Arf f/f; ATRX f/f","RCAS-Cre-pENTR-U6-sgRNA-NF1-ex2",NA,"M",2021-02-21,2021-02-21,NA,2021-05-19,2021-05-19,2021-05-19,NA,NA,87,87,"no obs",NA,"partially paralyzed in hind legs, everything else looked normal",NA,"26308-03","03",87,"RE",NA
26309,NA,NA,NA,NA,NA,NA,NA,NA,"N-TVA; Pten f/f; H11LSL-Cas9 f/f; Ink4a/Arf f/f; ATRX f/f","RCAS-Cre-pENTR-U6-sgRNA-NF1-ex2",NA,"M",2021-02-21,2021-02-21,NA,2021-04-30,2021-04-30,2021-04-30,NA,NA,68,68,"no obs",NA,"loosing mobility in hind legs, could probably have survived longer, but didn't want to risk finding it dead after the weekend, everything appears normal after necropsy.",NA,"26309-10","10",68,"RE",NA
26310,NA,NA,NA,NA,NA,NA,NA,NA,"N-TVA; Pten f/f; H11LSL-Cas9 f/f; Ink4a/Arf f/f; ATRX f/f","RCAS-Cre-pENTR-U6-sgRNA-NF1-ex2",NA,"M",2021-02-21,2021-02-21,2021-04-13,NA,2021-04-13,2021-04-13,NA,51,NA,51,"extracranial",NA,"mouse was small and a little emanciated or underdeveloped, and had a small tumor on head. Knowing what happens to older mice, as the tumor just gets bigger and it will be harder to remove brain, this mouse could have lived longer though, froze part of tumor, fixed part of tumor and made cell line from part of tumor, tumor first noticed within 5 days of 4/13, but exact date wasn't recorded",NA,"26310-30","30",51,"RE",NA
26311,NA,NA,NA,NA,NA,NA,NA,NA,"N-TVA; Pten f/f; H11LSL-Cas9 f/f; Ink4a/Arf f/f; ATRX f/f","RCAS-Cre-pENTR-U6-sgRNA-NF1-ex2",NA,"M",2021-02-21,2021-02-21,2021-04-13,NA,2021-04-13,2021-04-13,NA,51,NA,51,"extracranial",NA,"mouse was small and a little emanciated or underdeveloped, and had a small tumor on head. Knowing what happens to older mice, as the tumor just gets bigger and it will be harder to remove brain, this mouse could have lived longer though, froze part of tumor, fixed part of tumor and made cell line from part of tumor, tumor first noticed within 5 days of 4/13, but exact date wasn't recorded",NA,"26311-11","11",51,"RE",NA
28201,NA,NA,NA,NA,NA,NA,NA,NA,"N-TVA:: Pten f/f; H11LSL-Cas9; Ink4a/Arf f/f","RCAS-Cre-pENTR-U6-sgRNA-NF1-ex2","+/+","F",2021-10-12,2021-10-14,2021-12-16,NA,2021-12-27,2021-12-27,NA,NA,NA,NA,NA,NA,"found dead, tumor over left eye.","RH","28201-01","01",151,"RE",NA
28206,NA,NA,NA,NA,NA,NA,NA,NA,"N-TVA:: Pten f/f; H11LSL-Cas9; Ink4a/Arf f/f","RCAS-Cre-pENTR-U6-sgRNA-NF1-ex2","+/+","M",2021-10-12,2021-10-14,2021-12-20,NA,2022-01-03,2022-01-03,NA,NA,NA,NA,NA,NA,"found dead with swollen head.","RH","28206-03","03",151,"RE",NA
28208,NA,NA,NA,NA,NA,"T1","28208 T1","extracranial tumor, sacked for tumor burden. Little movement, squinted eyes. Possible blood clot on the liver. 2 extra possible tumors: one close to the kindeys, the other close to the lower intestines (bladder?)","N-TVA:: Pten f/f; H11LSL-Cas9; Ink4a/Arf f/f","RCAS-Cre-pENTR-U6-sgRNA-NF1-ex2","+/+","M",2021-10-12,2021-10-14,2021-12-04,NA,2021-12-22,2021-12-22,NA,53,NA,71,"Glioblastoma, Gliosarcoma?",NA,"extracranial tumor, sacked for tumor burden. Little movement, squinted eyes. Possible blood clot on the liver. 2 extra possible tumors: one close to the kindeys, the other close to the lower intestines (bladder?)","RH","28208-11","11",69,"RE","extracranial tumor, sacked for tumor burden. Little movement, squinted eyes. Possible blood clot on the liver. 2 extra possible tumors: one close to the kindeys, the other close to the lower intestines (bladder?)"
28525,NA,NA,NA,NA,NA,NA,NA,NA,"N-TVA; Pten f/f; H11LSL-Cas9 f/f; Ink4a/Arf f/f; ATRX f/f","RCAS-Cre-pENTR-U6-sgRNA-NF1-ex2",NA,"F",2021-11-11,2021-11-13,NA,2021-12-28,2021-12-28,2021-12-28,NA,NA,47,47,"intracranial",NA,"Probable intracranial tumor; sacked for left side paralysis and trouble breathing. Frontal lobe was caved in (from tumor)? Unable to isolate tumor separately so took entire brain, as well as lungs, liver.",NA,"28525-00","00",45,"RE",NA
28526,NA,NA,NA,NA,NA,NA,NA,NA,"N-TVA; Pten f/f; H11LSL-Cas9 f/f; Ink4a/Arf f/f; ATRX f/f","RCAS-Cre-pENTR-U6-sgRNA-NF1-ex2",NA,"F",2021-11-11,2021-11-13,2022-03-01,NA,2022-03-07,2022-03-07,NA,110,NA,116,"brain, optic nerve",NA,"Swollen brain, blood in the skull prior to skull incision, large tumor under brain attached to optic nerve. Bulging eyeball",NA,"28526-01","01",114,"RE",NA
28527,NA,NA,NA,NA,NA,NA,NA,NA,"N-TVA; Pten f/f; H11LSL-Cas9 f/f; Ink4a/Arf f/f; ATRX f/f","RCAS-Cre-pENTR-U6-sgRNA-NF1-ex2",NA,"F",2021-11-11,2021-11-13,2022-01-06,NA,2022-01-20,2022-01-20,NA,56,NA,70,"extracranial",NA,"Large head tumor, skull was friable but there was no evidence of invasion into the brain from the head tumor",NA,"28527-03","03",68,"RE",NA
28528,NA,NA,NA,NA,NA,NA,NA,NA,"N-TVA; Pten f/f; H11LSL-Cas9 f/f; Ink4a/Arf f/f; ATRX f/f","RCAS-Cre-pENTR-U6-sgRNA-NF1-ex2",NA,"F",2021-11-11,2021-11-13,2022-03-10,NA,2022-03-23,2022-03-23,NA,119,NA,132,"brain",NA,"Swollen brain, watery and soft. Lungs and liver looked healthy.",NA,"28528-10","10",130,"RE",NA
28529,NA,NA,NA,NA,NA,NA,NA,NA,"N-TVA; Pten f/f; H11LSL-Cas9 f/f; Ink4a/Arf f/f; ATRX f/f","RCAS-Cre-pENTR-U6-sgRNA-NF1-ex2",NA,"F",2021-11-11,2021-11-13,2022-02-23,2022-02-23,2022-02-28,2022-02-28,NA,104,104,109,"brain, extracranial",NA,"Swollen brain, blood in the skull prior to skull incision. Glioma, tumor was so large that there was a change of shape to the skull, and paralysis present",NA,"28529-11","11",107,"RE",NA
28530,NA,NA,NA,NA,NA,NA,NA,NA,"N-TVA; Pten f/f; H11LSL-Cas9 f/f; Ink4a/Arf f/f; ATRX f/f","RCAS-Cre-pENTR-U6-sgRNA-NF1-ex2",NA,"M",2021-11-11,2021-11-13,NA,2022-01-04,2022-02-15,2022-02-15,NA,NA,54,96,"brain",NA,"Glioma, no tumor visible but paralysis present. Swollen brain, blood in the skull prior to skull incision",NA,"28530-00","00",94,"RE",NA
28531,NA,NA,NA,NA,NA,NA,NA,NA,"N-TVA; Pten f/f; H11LSL-Cas9 f/f; Ink4a/Arf f/f; ATRX f/f","RCAS-Cre-pENTR-U6-sgRNA-NF1-ex2",NA,"M",2021-11-11,2021-11-13,NA,2022-01-25,2022-02-15,2022-02-15,NA,NA,75,96,"brain",NA,"Swollen brain, blood in the skull prior to skull incision. Brain was incredibly soft, difficult to remove",NA,"28531-01","01",94,"RE",NA
28532,NA,NA,NA,NA,NA,NA,NA,NA,"N-TVA; Pten f/f; H11LSL-Cas9 f/f; Ink4a/Arf f/f; ATRX f/f","RCAS-Cre-pENTR-U6-sgRNA-NF1-ex2",NA,"M",2021-11-11,2021-11-13,NA,2022-01-04,2022-01-13,2022-01-13,NA,NA,54,63,"brain",NA,"no obs. Tumor, paralyzed",NA,"28532-03","03",61,"RE",NA
28708,NA,NA,NA,NA,NA,NA,NA,NA,"N-TVA::H11LSL-Cas9","RCAS-Cre-pENTR-U6-sgRNA-NF1-ex2","Tg/+","F",2021-12-01,2021-12-03,NA,NA,2022-06-07,2022-06-07,2022-04-28,NA,NA,188,NA,NA,"no evidence of tumor","RH","28708-00","00",151,"RE",NA
28709,NA,NA,NA,NA,NA,NA,NA,NA,"N-TVA::H11LSL-Cas9","RCAS-Cre-pENTR-U6-sgRNA-NF1-ex2","Tg/+","M",2021-12-01,2021-12-03,NA,2022-04-05,2022-06-07,2022-06-07,2022-04-28,NA,NA,188,NA,NA,"no evidence of tumor","RH","28709-00","00",151,"RE",NA
28710,NA,NA,NA,NA,NA,NA,NA,NA,"N-TVA::H11LSL-Cas9","RCAS-Cre-pENTR-U6-sgRNA-NF1-ex2","Tg/+","M",2021-12-01,2021-12-03,NA,2022-04-05,2022-06-07,2022-06-07,2022-04-28,NA,NA,188,NA,NA,"no evidence of tumor","RH","28710-01","01",151,"RE",NA
28780,NA,NA,NA,NA,NA,NA,NA,NA,"N-TVA::H11LSL-Cas9","RCAS-Cre-pENTR-U6-sgRNA-NF1-ex2","Tg/+","F",2021-12-06,2021-12-07,NA,2022-01-03,2022-06-07,2022-06-07,2022-04-28,NA,NA,183,NA,NA,"slightly hunched back but no evidence of tumor","RH","28780-00","00",151,"RE",NA
28781,NA,NA,NA,NA,NA,NA,NA,NA,"N-TVA::H11LSL-Cas9","RCAS-Cre-pENTR-U6-sgRNA-NF1-ex2","Tg/+","M",2021-12-06,2021-12-07,NA,NA,2022-06-07,2022-06-07,2022-04-28,NA,NA,183,NA,NA,"no evidence of tumor","RH","28781-00","00",151,"RE",NA
28782,NA,NA,NA,NA,NA,NA,NA,NA,"N-TVA::H11LSL-Cas9","RCAS-Cre-pENTR-U6-sgRNA-NF1-ex2","Tg/+","M",2021-12-06,2021-12-07,NA,NA,2022-06-07,2022-06-07,2022-04-28,NA,NA,183,NA,NA,"no evidence of tumor","RH","28782-01","01",151,"RE",NA
28783,NA,NA,NA,NA,NA,NA,NA,NA,"N-TVA::H11LSL-Cas9","RCAS-Cre-pENTR-U6-sgRNA-NF1-ex2","Tg/+","M",2021-12-06,2021-12-07,NA,NA,2022-06-07,2022-06-07,2022-04-28,NA,NA,183,NA,NA,"no evidence of tumor","RH","28783-03","03",151,"RE",NA
28784,NA,NA,NA,NA,NA,NA,NA,NA,"N-TVA::H11LSL-Cas9","RCAS-Cre-pENTR-U6-sgRNA-NF1-ex2","+/+","M",2021-12-06,2021-12-07,NA,NA,2022-06-07,2022-06-07,2022-04-28,NA,NA,183,NA,NA,"no evidence of tumor","RH","28784-10","10",151,"RE",NA
29161,NA,NA,NA,NA,NA,NA,NA,NA,"N-TVA::H11LSL-Cas9","RCAS-Cre-pENTR-U6-sgRNA-NF1-ex2","+/+","F",2022-01-18,2022-01-20,NA,2022-03-15,2022-03-15,2022-03-15,NA,NA,56,56,NA,"NED but check pathology?","Lost weight, extreme hunchback, head twitching, slow moving. Soft skull and brain. No obs. Tumor, no other CNS tumor found","RE","29161-00","00",151,"RE",NA
29162,NA,NA,NA,NA,NA,NA,NA,NA,"N-TVA::H11LSL-Cas9","RCAS-Cre-pENTR-U6-sgRNA-NF1-ex2","+/+","F",2022-01-18,2022-01-20,NA,2022-03-15,2022-03-15,2022-03-15,NA,NA,56,56,NA,"NED but check pathology?","Lost weight, mild hunchback, slow moving. Soft skull and brain. No obs. Tumor, no other CNS tumor found. Enlarged optic nerve","RE","29162-01","01",151,"RE",NA
29163,NA,NA,NA,NA,NA,NA,NA,NA,"N-TVA::H11LSL-Cas9","RCAS-Cre-pENTR-U6-sgRNA-NF1-ex2","+/+","M",2022-01-18,2022-01-20,NA,NA,2022-06-21,2022-06-21,2022-05-18,NA,NA,154,NA,NA,"no evidence of tumor","RE","29163-00","00",151,"RE",NA
29164,NA,NA,NA,NA,NA,NA,NA,NA,"N-TVA::H11LSL-Cas9","RCAS-Cre-pENTR-U6-sgRNA-NF1-ex2","+/+","M",2022-01-18,2022-01-20,NA,NA,2022-06-21,2022-06-21,2022-05-18,NA,NA,154,NA,NA,"squishy brain","RE","29164-01","01",151,"RE",NA
29165,NA,NA,NA,NA,NA,NA,NA,NA,"N-TVA::H11LSL-Cas9","RCAS-Cre-pENTR-U6-sgRNA-NF1-ex2","+/+","M",2022-01-18,2022-01-20,NA,NA,2022-06-21,2022-06-21,2022-05-18,NA,NA,154,NA,NA,"no evidence of tumor","RE","29165-10","10",151,"RE",NA
29166,NA,NA,NA,NA,NA,NA,NA,NA,"N-TVA::H11LSL-Cas9","RCAS-Cre-pENTR-U6-sgRNA-NF1-ex2","+/+","M",2022-01-18,2022-01-20,NA,NA,2022-06-21,2022-06-21,2022-05-18,NA,NA,154,NA,NA,"no evidence of tumor","RE","29166-11","11",151,"RE",NA
29385,NA,NA,NA,NA,NA,NA,NA,NA,"N-TVA::H11LSL-Cas9;Ink4a/Arf f/f","RCAS-Cre-pENTR-U6-sgRNA-NF1-ex2","Tg/+","F",2022-02-09,2022-02-10,NA,NA,2022-07-09,2022-07-09,2022-06-09,NA,NA,NA,NA,NA,NA,"RE","29385-00","00",151,"RE",NA
29386,NA,NA,NA,NA,NA,NA,NA,NA,"N-TVA::H11LSL-Cas9;Ink4a/Arf f/f","RCAS-Cre-pENTR-U6-sgRNA-NF1-ex2","+/+","F",2022-02-09,2022-02-10,NA,NA,2022-07-09,2022-07-09,2022-06-09,NA,NA,NA,NA,NA,NA,"RE","29386-01","01",151,"RE",NA
29388,NA,NA,NA,NA,NA,NA,NA,NA,"N-TVA::H11LSL-Cas9;Ink4a/Arf f/f","RCAS-Cre-pENTR-U6-sgRNA-NF1-ex2","Tg/+","M",2022-02-09,2022-02-10,NA,2022-04-04,2022-07-09,2022-07-09,2022-06-09,NA,54,NA,NA,NA,NA,"RE","29388-01","01",151,"RE",NA
29389,NA,NA,NA,NA,NA,NA,NA,NA,"N-TVA::H11LSL-Cas9;Ink4a/Arf f/f","RCAS-Cre-pENTR-U6-sgRNA-NF1-ex2","Tg/+","M",2022-02-09,2022-02-10,NA,2022-04-04,2022-06-10,2022-06-10,2022-06-09,NA,54,121,NA,NA,NA,"RE","29389-10","10",151,"RE",NA
29390,NA,NA,NA,NA,NA,NA,NA,NA,"N-TVA::H11LSL-Cas9;Ink4a/Arf f/f","RCAS-Cre-pENTR-U6-sgRNA-NF1-ex2","Tg/+","M",2022-02-09,2022-02-10,NA,2022-04-05,2022-06-10,2022-06-10,2022-06-09,NA,55,121,NA,NA,NA,"RE","29390-11","11",151,"RE",NA
29397,NA,NA,NA,NA,NA,NA,NA,NA,"N-TVA::H11LSL-Cas9","RCAS-Cre-pENTR-U6-sgRNA-NF1-ex2","+/+","F",2022-02-10,2022-02-10,NA,NA,2022-07-10,2022-07-10,2022-06-10,NA,NA,NA,NA,NA,NA,"RE","29397-00","00",151,"RE",NA
29398,NA,NA,NA,NA,NA,NA,NA,NA,"N-TVA::H11LSL-Cas9","RCAS-Cre-pENTR-U6-sgRNA-NF1-ex2","+/+","F",2022-02-10,2022-02-10,NA,NA,2022-07-10,2022-07-10,2022-06-10,NA,NA,NA,NA,NA,NA,"RE","29398-01","01",151,"RE",NA
29399,NA,NA,NA,NA,NA,NA,NA,NA,"N-TVA::H11LSL-Cas9","RCAS-Cre-pENTR-U6-sgRNA-NF1-ex2","+/+","F",2022-02-10,2022-02-10,NA,NA,2022-07-10,2022-07-10,2022-06-10,NA,NA,NA,NA,NA,NA,"RE","29399-03","03",151,"RE",NA
29400,NA,NA,NA,NA,NA,NA,NA,NA,"N-TVA::H11LSL-Cas9","RCAS-Cre-pENTR-U6-sgRNA-NF1-ex2","+/+","F",2022-02-10,2022-02-10,NA,NA,2022-07-10,2022-07-10,2022-06-10,NA,NA,NA,NA,NA,NA,"RE","29400-10","10",151,"RE",NA
29401,NA,NA,NA,NA,NA,NA,NA,NA,"N-TVA::H11LSL-Cas9","RCAS-Cre-pENTR-U6-sgRNA-NF1-ex2","+/+","F",2022-02-10,2022-02-10,NA,NA,2022-07-10,2022-07-10,2022-06-10,NA,NA,NA,NA,NA,NA,"RE","29401-30","30",151,"RE",NA
29403,NA,NA,NA,NA,NA,NA,NA,NA,"N-TVA::H11LSL-Cas9","RCAS-Cre-pENTR-U6-sgRNA-NF1-ex2","+/+","M",2022-02-10,2022-02-10,NA,NA,2022-07-10,2022-07-10,2022-06-10,NA,NA,NA,NA,NA,NA,"RE","29403-00","00",151,"RE",NA
29404,NA,NA,NA,NA,NA,NA,NA,NA,"N-TVA::H11LSL-Cas9","RCAS-Cre-pENTR-U6-sgRNA-NF1-ex2","+/+","M",2022-02-10,2022-02-10,NA,NA,2022-07-10,2022-07-10,2022-06-10,NA,NA,NA,NA,NA,NA,"RE","29404-01","01",151,"RE",NA
29405,NA,NA,NA,NA,NA,NA,NA,NA,"N-TVA::H11LSL-Cas9","RCAS-Cre-pENTR-U6-sgRNA-NF1-ex2","+/+","M",2022-02-10,2022-02-10,NA,NA,2022-07-10,2022-07-10,2022-06-10,NA,NA,NA,NA,NA,NA,"RE","29405-10","10",151,"RE",NA
29406,NA,NA,NA,NA,NA,NA,NA,NA,"N-TVA::H11LSL-Cas9;Ink4a/Arf f/f","RCAS-Cre-pENTR-U6-sgRNA-NF1-ex2","Tg/+","F",2022-02-09,2022-02-10,NA,NA,2022-07-09,2022-07-09,2022-06-09,NA,NA,NA,NA,NA,NA,"RE","29406-10","10",151,"RE",NA
29407,NA,NA,NA,NA,NA,NA,NA,NA,"N-TVA::H11LSL-Cas9;Ink4a/Arf f/f","RCAS-Cre-pENTR-U6-sgRNA-NF1-ex2","Tg/+","M",2022-02-10,2022-02-10,NA,2022-03-29,2022-04-02,2022-04-02,NA,NA,47,51,NA,NA,"ruffle fur noticed, but no obs. Tumor. found dead","RE","29407-00","00",151,"RE",NA
29408,NA,NA,NA,NA,NA,NA,NA,NA,"N-TVA::H11LSL-Cas9;Ink4a/Arf f/f","RCAS-Cre-pENTR-U6-sgRNA-NF1-ex2","+/+","M",2022-02-10,2022-02-10,NA,2022-03-29,2022-04-03,2022-04-03,NA,NA,47,52,NA,NA,"ruffle fur noticed, but no obs. Tumor. found dead","RE","29408-01","01",151,"RE",NA
29410,NA,NA,NA,NA,NA,NA,NA,NA,"N-TVA::H11LSL-Cas9;Ink4a/Arf f/f","RCAS-Cre-pENTR-U6-sgRNA-NF1-ex2",NA,"M",2022-02-10,2022-02-10,NA,2022-03-29,2022-04-03,2022-04-03,NA,NA,47,52,NA,NA,"ruffle fur noticed, but no obs. Tumor. found dead","RE","29410-11","11",151,"RE",NA
29818,NA,NA,NA,NA,NA,NA,NA,NA,"N-TVA::H11LSL-Cas9;Ink4a/Arf f/f","RCAS-Cre-pENTR-U6-sgRNA-NF1-ex2","Tg/+","F",2022-03-23,2022-03-24,NA,2022-05-09,2022-08-20,2022-08-20,2022-07-21,NA,47,NA,NA,NA,NA,"RE","29818-00","00",151,"RE",NA
29819,NA,NA,NA,NA,NA,NA,NA,NA,"N-TVA::H11LSL-Cas9;Ink4a/Arf f/f","RCAS-Cre-pENTR-U6-sgRNA-NF1-ex2","Tg/+","M",2022-03-23,2022-03-24,NA,2022-05-09,2022-08-20,2022-08-20,2022-07-21,NA,47,NA,NA,NA,NA,"RE","29819-00","00",151,"RE",NA
29820,NA,NA,NA,NA,NA,NA,NA,NA,"N-TVA::H11LSL-Cas9;Ink4a/Arf f/f","RCAS-Cre-pENTR-U6-sgRNA-NF1-ex2","Tg/+","M",2022-03-23,2022-03-24,NA,2022-05-09,2022-08-20,2022-08-20,2022-07-21,NA,47,NA,NA,NA,NA,"RE","29820-01","01",151,"RE",NA
29821,NA,NA,NA,NA,NA,NA,NA,NA,"N-TVA::H11LSL-Cas9;Ink4a/Arf f/f","RCAS-Cre-pENTR-U6-sgRNA-NF1-ex2","+/+","M",2022-03-23,2022-03-24,NA,NA,2022-08-20,2022-08-20,2022-07-21,NA,NA,NA,NA,NA,NA,"RE","29821-03","03",151,"RE",NA
29822,NA,NA,NA,NA,NA,NA,NA,NA,"N-TVA::H11LSL-Cas9;Ink4a/Arf f/f","RCAS-Cre-pENTR-U6-sgRNA-NF1-ex2","+/+","M",2022-03-23,2022-03-24,NA,2022-05-09,2022-08-20,2022-08-20,2022-07-21,NA,47,NA,NA,NA,NA,"RE","29822-10","10",151,"RE",NA
29824,NA,NA,NA,NA,NA,NA,NA,NA,"N-TVA::H11LSL-Cas9;Ink4a/Arf f/f","RCAS-Cre-pENTR-U6-sgRNA-NF1-ex2","+/+","M",2022-03-23,2022-03-24,NA,2022-05-08,2022-05-13,2022-08-20,2022-07-21,NA,46,NA,NA,NA,NA,"RE","29824-11","11",151,"RE",NA
30212,NA,NA,NA,NA,NA,NA,NA,NA,"N-TVA::H11LSL-Cas9;Ink4a/Arf f/f","RCAS-Cre-pENTR-U6-sgRNA-NF1-ex2",NA,"F",2022-05-09,2022-05-10,NA,NA,2022-10-06,2022-10-06,2022-09-06,NA,NA,152,NA,NA,NA,NA,"30212-00","00",151,"RE",NA
30213,NA,NA,NA,NA,NA,NA,NA,NA,"N-TVA::H11LSL-Cas9;Ink4a/Arf f/f","RCAS-Cre-pENTR-U6-sgRNA-NF1-ex2",NA,"M",2022-05-09,2022-05-10,NA,NA,2022-10-06,2022-10-06,2022-09-06,NA,NA,152,NA,NA,NA,NA,"30213-00","00",151,"RE",NA
30214,NA,NA,NA,NA,NA,NA,NA,NA,"N-TVA::H11LSL-Cas9;Ink4a/Arf f/f","RCAS-Cre-pENTR-U6-sgRNA-NF1-ex2",NA,"M",2022-05-09,2022-05-10,NA,NA,2022-10-06,2022-10-06,2022-09-06,NA,NA,152,NA,NA,NA,NA,"30214-01","01",151,"RE",NA
30215,NA,NA,NA,NA,NA,NA,NA,NA,"N-TVA::H11LSL-Cas9;Ink4a/Arf f/f","RCAS-Cre-pENTR-U6-sgRNA-NF1-ex2",NA,"M",2022-05-09,2022-05-10,NA,NA,2022-10-06,2022-10-06,2022-09-06,NA,NA,152,NA,NA,NA,NA,"30215-03","03",151,"RE",NA
30216,NA,NA,NA,NA,NA,NA,NA,NA,"N-TVA::H11LSL-Cas9;Ink4a/Arf f/f","RCAS-Cre-pENTR-U6-sgRNA-NF1-ex2",NA,"M",2022-05-09,2022-05-10,NA,NA,2022-10-06,2022-10-06,2022-09-06,NA,NA,152,NA,NA,NA,NA,"30216-10","10",151,"RE",NA
30217,NA,NA,NA,NA,NA,NA,NA,NA,"N-TVA::H11LSL-Cas9;Ink4a/Arf f/f","RCAS-Cre-pENTR-U6-sgRNA-NF1-ex2",NA,"M",2022-05-09,2022-05-10,NA,NA,2022-10-06,2022-10-06,2022-09-06,NA,NA,152,NA,NA,NA,NA,"30217-11","11",151,"RE",NA
30218,NA,NA,NA,NA,NA,NA,NA,NA,"N-TVA::H11LSL-Cas9;Ink4a/Arf f/f","RCAS-Cre-pENTR-U6-sgRNA-NF1-ex2",NA,"M",2022-05-09,2022-05-10,NA,NA,2022-10-06,2022-10-06,2022-09-06,NA,NA,152,NA,NA,NA,NA,"30218-30","30",151,"RE",NA
30232,NA,NA,NA,NA,NA,NA,NA,NA,"N-TVA::H11LSL-Cas9;Ink4a/Arf f/f","RCAS-Cre-pENTR-U6-sgRNA-NF1-ex2",NA,"F",2022-05-10,2022-05-11,NA,NA,2022-10-07,2022-10-07,2022-09-07,NA,NA,152,NA,NA,NA,NA,"30232-00","00",151,"RE",NA
30233,NA,NA,NA,NA,NA,NA,NA,NA,"N-TVA::H11LSL-Cas9;Ink4a/Arf f/f","RCAS-Cre-pENTR-U6-sgRNA-NF1-ex2",NA,"F",2022-05-10,2022-05-11,NA,NA,2022-10-07,2022-10-07,2022-09-07,NA,NA,152,NA,NA,NA,NA,"30233-01","01",151,"RE",NA
30234,NA,NA,NA,NA,NA,NA,NA,NA,"N-TVA::H11LSL-Cas9;Ink4a/Arf f/f","RCAS-Cre-pENTR-U6-sgRNA-NF1-ex2",NA,"M",2022-05-10,2022-05-11,NA,NA,2022-10-07,2022-10-07,2022-09-07,NA,NA,152,NA,NA,NA,NA,"30234-00","00",151,"RE",NA
30235,NA,NA,NA,NA,NA,NA,NA,NA,"N-TVA::H11LSL-Cas9;Ink4a/Arf f/f","RCAS-Cre-pENTR-U6-sgRNA-NF1-ex2",NA,"M",2022-05-10,2022-05-11,NA,NA,2022-10-07,2022-10-07,2022-09-07,NA,NA,152,NA,NA,NA,NA,"30235-01","01",151,"RE",NA
30236,NA,NA,NA,NA,NA,NA,NA,NA,"N-TVA::H11LSL-Cas9;Ink4a/Arf f/f","RCAS-Cre-pENTR-U6-sgRNA-NF1-ex2",NA,"M",2022-05-10,2022-05-11,NA,NA,2022-10-07,2022-10-07,2022-09-07,NA,NA,152,NA,NA,NA,NA,"30236-10","10",151,"RE",NA
30237,NA,NA,NA,NA,NA,NA,NA,NA,"N-TVA::H11LSL-Cas9;Ink4a/Arf f/f","RCAS-Cre-pENTR-U6-sgRNA-NF1-ex2",NA,"M",2022-05-10,2022-05-11,NA,NA,2022-10-07,2022-10-07,2022-09-07,NA,NA,152,NA,NA,NA,NA,"30237-11","11",151,"RE",NA
