mouse_num,initials,nec_date,sex,strain,sac_date,injection_date,virus,dox_tx,genotype,tissue_collected,zinc_fixed,formalin_fixed,parafin_block_number_s,slide_number_s,h_e,gross_visualization_of_lung_nodules,rcas_injection,injection_route,dob,t,tissue_br,tissue_optic_n,tissue_lung,tissue_liver,comments,tumor_bool
22841,ZL,5/20/2020,M,N-TVA:Ptenf/f;ATRX+/+;H11-Cas9f/f;Ink4a/Arff/f,5/20/2020,2/20/2020,RCAS Cre-U6sgRNA-ex2-NF1,No,N-TVA:Ptenf/f;ATRX+/+;H11-Cas9f/f;Ink4a/Arff/f,NA,NA,Yes,HCI -20-22843-BR,1,yes,NA,Yes,intracranial,2/17/2020,Brain,1,NA,NA,NA,Partially paralyzed. ... Mouse stopped moving.,0
22844,ZL,6/11/2020,M,N-TVA:Ptenf/f;ATRX+/+;H11-Cas9f/f;Ink4a/Arff/f,6/11/2020,2/20/2020,RCAS Cre-U6sgRNA-ex2-NF1,No,N-TVA:Ptenf/f;ATRX+/+;H11-Cas9f/f;Ink4a/Arff/f,NA,NA,Yes,HCI -20-22844-BR,1,yes,NA,Yes,intracranial,2/17/2020,Brain,1,NA,NA,NA,"Diffiulty moving and walking, mishapen head. ... Mishapen head, could not move.",0
22846,ZL,6/1/2020,F,N-TVA;Pten f/+; Ink4a/Arff/+;ATRX-f/+;H11LSL-Cas9  f/+,6/1/2020,2/20/2020,RCAS Cre-U6sgRNA-ex2-NF1,No,N-TVA:Ptenf/f;ATRX+/+;H11-Cas9f/f;Ink4a/Arff/f,NA,NA,Yes,HCI -20-22846-BR,1,yes,NA,Yes,intracranial,2/17/2020,Brain,1,NA,NA,NA,"Difficulty moving, weirdly shaped head. ... Difficulty moving and breathing, mishapen head.",0
22847,ZL,6/15/2020,F,N-TVA:Ptenf/f;ATRX+/+;H11-Cas9f/f;Ink4a/Arff/f,6/15/2020,2/20/2020,RCAS Cre-U6sgRNA-ex2-NF1,No,N-TVA:Ptenf/f;ATRX+/+;H11-Cas9f/f;Ink4a/Arff/f,NA,NA,Yes,HCI -20-22847-BR,1,yes,NA,Yes,intracranial,2/17/2020,Brain,1,NA,NA,NA,"Respiratory Issues, looked sick. ... Respiratory Issues, looked sick.",0
22921,ZL,6/17/2020,F,N-TVA:Ptenf/f;ATRXf/f;H11-Cas9f/f;Ink4a/Arff/f,6/17/2020,3/5/2020,RCAS Cre-U6sgRNA-ex2-NF1,No,N-TVA:Ptenf/f;ATRXf/f;H11-Cas9f/f;Ink4a/Arff/f,NA,NA,Yes,HCI -20-22921-BR,1,yes,NA,Yes,intracranial,3/3/2020,Brain,1,NA,NA,NA,Respiratory Issues and paralyzed no domed head observed. ... Respiratory Issues and paralyzed.,0
22922,ZL,7/31/2020,F,N-TVA:Ptenf/f;ATRX f/f;H11-Cas9f/f;Ink4a/Arff/f,7/31/2020,3/5/2020,RCAS Cre-U6sgRNA-ex2-NF1,No,N-TVA:Ptenf/f;ATRX f/f;H11-Cas9f/f;Ink4a/Arff/f,NA,NA,Yes,NA,1,yes,NA,Yes,intracranial,3/3/2020,Brain,1,NA,NA,NA,Brain and behavior was normal. ... Healthy.,0
22923,ZL,6/15/2020,F,N-TVA:Ptenf/f;ATRXf/f;H11-Cas9f/f;Ink4a/Arff/f,6/26/2020,3/5/2020,RCAS Cre-U6sgRNA-ex2-NF1,No,N-TVA:Ptenf/f;ATRXf/f;H11-Cas9f/f;Ink4a/Arff/f,NA,NA,Yes,HCI -20-22923-BR,1,yes,NA,Yes,intracranial,3/3/2020,Brain,1,NA,NA,NA,brain looked normal. ... paralysis + large tumor in/over eye.,1
22924,ZL,7/31/2020,F,N-TVA:Ptenf/f;ATRX f/f;H11-Cas9f/f;Ink4a/Arff/f,7/31/2020,3/5/2020,RCAS Cre-U6sgRNA-ex2-NF1,No,N-TVA:Ptenf/f;ATRX f/f;H11-Cas9f/f;Ink4a/Arff/f,NA,NA,Yes,NA,1,yes,NA,Yes,intracranial,3/3/2020,Brain,1,NA,NA,NA,Mouse behavior normal. Small tumor on left cranial nerve. ... Healthy.,1
22925,GP,5/24/2020,M,N-TVA;Ptenf/f;ATRXf/f;Cas9f/f;Ink4af/f,6/18/2020,3/5/2020,RCAS Cre-U6sgRNA-ex2-NF1,No,N-TVA;Ptenf/f;ATRXf/f;Cas9f/f;Ink4af/f,NA,NA,Yes,HCI-22925-BR,1,yes,NA,Yes,intracranial,3/3/2020,Brain,1,NA,NA,NA,"large white mass under brain. Rick thinks enlarged pituitary. ... protruding rectum, difficulty walking.",1
22926,GP,5/24/2020,M,N-TVA;Ptenf/f;ATRXf/f;Cas9f/f;Ink4af/f,5/24/2020,3/5/2020,RCAS Cre-U6sgRNA-ex2-NF1,No,N-TVA;Ptenf/f;ATRXf/f;Cas9f/f;Ink4af/f,extracranial tumor,NA,Yes,NA,1,yes,NA,Yes,intracranial,3/3/2020,"Brain, extracranial tumor",1,NA,NA,NA,Large tumor invading left eye/domed head.,1
23021,ZL,6/6/2020,M,N-TVA;Ptenf/f;ATRXf/f;Cas9f/f;Ink4af/f,6/6/2020,3/5/2020,RCAS Cre-U6sgRNA-ex2-NF1,No,N-TVA;Ptenf/f;ATRXf/f;Cas9f/f;Ink4af/f,NA,NA,Yes,HCI -20-23021-BR,1,yes,NA,Yes,intracranial,3/3/2020,Brain,1,NA,NA,NA,"Uppon Necropsy massive tumor enveloping brain, face, and growing outside skull. ... Large domed head and disfigurement, difficulty moving back legs.",1
23269,ZL,9/2/2020,F,N-TVA:Ptenf/f;ATRX f/f;H11-Cas9f/f;Ink4a/Arff/f,9/2/2020,4/5/2020,RCAS Cre-U6sgRNA-ex2-NF1,No,N-TVA:Ptenf/f;ATRX f/f;H11-Cas9f/f;Ink4a/Arff/f,NA,NA,Yes,NA,1,yes,NA,Yes,intracranial,4/1/2020,Brain,1,NA,NA,NA,Brain looked perfectly normal. ... Experimental end date.,0
23270,ZL,7/1/2020,F,N-TVA:Ptenf/f;ATRXf/f;H11-Cas9f/f;Ink4a/Arff/f,7/1/2020,4/23/2020,RCAS Cre-U6sgRNA-ex2-NF1,No,N-TVA:Ptenf/f;ATRXf/f;H11-Cas9f/f;Ink4a/Arff/f,NA,NA,Yes,HCI -20-23270-BR,1,yes,NA,Yes,intracranial,4/17/2020,Brain,1,NA,NA,NA,Brain looked relatively normal. ... Mouse was fully paralyzed.,0
23271,ZL,7/21/2020,F,N-TVA:Ptenf/f;ATRXf/f;H11-Cas9f/f;Ink4a/Arff/f,7/21/2020,4/5/2020,RCAS Cre-U6sgRNA-ex2-NF1,No,N-TVA:Ptenf/f;ATRXf/f;H11-Cas9f/f;Ink4a/Arff/f,NA,NA,Yes,HCI -20-23271-BR,1,yes,NA,Yes,intracranial,4/1/2020,Brain,1,NA,NA,NA,"Indentation on top of head between lobes was filled with liquid. ... Slightly disfigured face, swollen eyes (no tumor seen outside skull), and paralyzed.",0
23286,ZL,7/13/2020,F,N-TVA:Ptenf/f;ATRXf/f;H11-Cas9f/f;Ink4a/Arff/f,7/13/2020,4/5/2020,RCAS Cre-U6sgRNA-ex2-NF1,No,N-TVA:Ptenf/f;ATRXf/f;H11-Cas9f/f;Ink4a/Arff/f,NA,NA,Yes,HCI -20-23286-BR,1,yes,NA,Yes,intracranial,4/3/2020,Brain,1,NA,NA,NA,Slightly enlarged cranial nerves but brain looked normal. ... Completely paralyzed.,0
23287,ZL,7/1/2020,F,N-TVA:Ptenf/f;ATRXf/f;H11-Cas9f/f;Ink4a/Arff/f,7/1/2020,4/5/2020,RCAS Cre-U6sgRNA-ex2-NF1,No,N-TVA:Ptenf/f;ATRXf/f;H11-Cas9f/f;Ink4a/Arff/f,NA,NA,Yes,HCI -20-23287-BR,1,yes,NA,Yes,intracranial,4/3/2020,Brain,1,NA,NA,NA,"Large white mass underneath brain and enveloping cranial nerves. Tumor present outside skull on eye as well.. ... Large tumor growing through eye, eye burst open..",1
23288,ZL,6/15/2020,F,N-TVA:Ptenf/f;ATRXf/f;H11-Cas9f/f;Ink4a/Arff/f,6/15/2020,4/5/2020,RCAS Cre-U6sgRNA-ex2-NF1,No,N-TVA:Ptenf/f;ATRXf/f;H11-Cas9f/f;Ink4a/Arff/f,NA,NA,Yes,HCI -20-23288-BR,1,yes,NA,Yes,intracranial,4/3/2020,Brain,1,NA,NA,NA,"Paralyzation and large growth coming out of head. ... Very large domed head, disfigurement, growth over eye and paralyzation of back legs..",2
23289,ZL,6/19/2020,F,N-TVA:Ptenf/f;ATRXf/f;H11-Cas9f/f;Ink4a/Arff/f,6/19/2020,4/5/2020,RCAS Cre-U6sgRNA-ex2-NF1,No,N-TVA:Ptenf/f;ATRXf/f;H11-Cas9f/f;Ink4a/Arff/f,NA,NA,Yes,HCI -20-23289-BR,1,yes,NA,Yes,intracranial,4/3/2020,Brain,1,NA,NA,NA,Animal was found paralyzed with inability to move any of its body from the front legs down.. ... Paralyzed.,0
23290,ZL,7/13/2020,F,N-TVA:Ptenf/f;ATRXf/f;H11-Cas9f/f;Ink4a/Arff/f,7/13/2020,4/5/2020,RCAS Cre-U6sgRNA-ex2-NF1,No,N-TVA:Ptenf/f;ATRXf/f;H11-Cas9f/f;Ink4a/Arff/f,NA,NA,Yes,HCI -20-23290-BR,1,yes,NA,Yes,intracranial,4/3/2020,Brain,1,NA,NA,NA,Slightly enlarged cranial nerves but brain looked normal. ... Completely paralyzed.,0
23291,ZL,6/30/2020,F,N-TVA:Ptenf/f;ATRXf/f;H11-Cas9f/f;Ink4a/Arff/f,6/29/2020,4/5/2020,RCAS Cre-U6sgRNA-ex2-NF1,No,N-TVA:Ptenf/f;ATRXf/f;H11-Cas9f/f;Ink4a/Arff/f,NA,NA,Yes,HCI -20-23291-BR,1,yes,NA,Yes,intracranial,4/3/2020,Brain,1,NA,NA,NA,"Blind and disfigured from tumors growing on head. ... Effectively blind, tumors on face and head completely swelled eyes shut..",1
23292,ZL,8/26/2020,M,N-TVA:Ptenf/f;ATRX f/f;H11-Cas9f/f;Ink4a/Arff/f,8/26/2020,4/5/2020,RCAS Cre-U6sgRNA-ex2-NF1,No,N-TVA:Ptenf/f;ATRX f/f;H11-Cas9f/f;Ink4a/Arff/f,NA,NA,Yes,NA,1,yes,NA,Yes,intracranial,4/3/2020,Brain,1,NA,NA,NA,Brain looked perfectly normal. ... Mouse was completely paralyzed.,0
23293,ZL,6/15/2020,M,N-TVA:Ptenf/f;ATRXf/f;H11-Cas9f/f;Ink4a/Arff/f,6/26/2020,4/5/2020,RCAS Cre-U6sgRNA-ex2-NF1,No,N-TVA:Ptenf/f;ATRXf/f;H11-Cas9f/f;Ink4a/Arff/f,NA,NA,Yes,HCI -20-23293-BR,1,yes,NA,Yes,intracranial,4/3/2020,Brain,1,NA,NA,NA,"Bottom of brain was completely mush, normal tissue present and underneath brain grey/white mush slightly attached to brain. ... Difficulty breathing, looked sick, slightly mishapen head..",0
23294,ZL,7/21/2020,F,N-TVA:Ptenf/f;ATRXf/f;H11-Cas9f/f;Ink4a/Arff/f,7/21/2020,4/5/2020,RCAS Cre-U6sgRNA-ex2-NF1,No,N-TVA:Ptenf/f;ATRXf/f;H11-Cas9f/f;Ink4a/Arff/f,NA,NA,Yes,HCI -20-23294-BR,1,yes,NA,Yes,intracranial,4/3/2020,Brain,1,NA,NA,NA,Very large tumor growing out of bone on skull at location of injection. Enlarged cranial nerve on posterior right side of head.. ... Very large tumor growing outside of skull + complete paralysis.,1
23295,ZL,7/27/2020,F,N-TVA:Ptenf/f;ATRXf/f;H11-Cas9f/f;Ink4a/Arff/f,7/27/2020,4/5/2020,RCAS Cre-U6sgRNA-ex2-NF1,No,N-TVA:Ptenf/f;ATRXf/f;H11-Cas9f/f;Ink4a/Arff/f,NA,NA,Yes,NA,1,yes,NA,Yes,intracranial,4/3/2020,Brain,1,NA,NA,NA,Brain slightly smaller than would be expected but otherwise normal. ... 3-4 Tumors on head larger than 2 cm.. ... 2020-06-16 Slight domed head noticed,1
23296,ZL,6/15/2020,F,N-TVA:Ptenf/f;ATRXf/f;H11-Cas9f/f;Ink4a/Arff/f,6/26/2020,4/5/2020,RCAS Cre-U6sgRNA-ex2-NF1,No,N-TVA:Ptenf/f;ATRXf/f;H11-Cas9f/f;Ink4a/Arff/f,NA,NA,Yes,HCI -20-23296-BR,1,yes,NA,Yes,intracranial,4/3/2020,Brain,1,NA,NA,NA,"brain looked normal if a little weird shaped.. ... complete paralysis, and extreme hunched back.",0
23298,ZL,7/8/2020,M,N-TVA:Ptenf/f;ATRXf/f;H11-Cas9f/f;Ink4a/Arff/f,7/8/2020,4/5/2020,RCAS Cre-U6sgRNA-ex2-NF1,No,N-TVA:Ptenf/f;ATRXf/f;H11-Cas9f/f;Ink4a/Arff/f,NA,NA,Yes,HCI -20-23298-BR,1,yes,NA,Yes,intracranial,4/3/2020,Brain,1,NA,NA,NA,"Completely paralyzed, unable to void properly, brain looked normal.. ... Completely paralyzed.",0
23300,ZL,6/12/2020,M,N-TVA:Ptenf/f;ATRXf/f;H11-Cas9f/f;Ink4a/Arff/f,6/12/2020,4/5/2020,RCAS Cre-U6sgRNA-ex2-NF1,No,N-TVA:Ptenf/f;ATRXf/f;H11-Cas9f/f;Ink4a/Arff/f,NA,NA,Yes,HCI -20-23300-BR,1,yes,NA,Yes,intracranial,4/3/2020,Brain,1,NA,NA,NA,"Diffiulty moving and walking. ... Mouse could not move hind legs or front of body, difficulty walking. ... No domed head was noted",0
23301,ZL,7/1/2020,M,N-TVA:Ptenf/f;ATRXf/f;H11-Cas9f/f;Ink4a/Arff/f,7/17/2020,4/5/2020,RCAS Cre-U6sgRNA-ex2-NF1,No,N-TVA:Ptenf/f;ATRXf/f;H11-Cas9f/f;Ink4a/Arff/f,NA,NA,Yes,HCI -20-23301-BR,1,yes,NA,Yes,intracranial,4/3/2020,Brain,1,NA,NA,NA,Brain and spinal cord looked normal. Cranial nerves on left posterior portion slightly enlarged.. ... Paralyzed and difficulty breathing..,0
23397,ZL,6/26/2020,F,N-TVA:Ptenf/f;ATRX+/+;H11-Cas9f/f;Ink4a/Arff/f,6/26/2020,4/11/2020,RCAS Cre-U6sgRNA-ex2-NF1,No,N-TVA:Ptenf/f;ATRX+/+;H11-Cas9f/f;Ink4a/Arff/f,NA,NA,Yes,HCI -20-23397-BR,1,yes,NA,Yes,intracranial,4/10/2020,Brain,1,NA,NA,NA,large white tumor underneath left parietal lobe. ... complete paralysis + very hunched back.,1
23399,ZL,8/4/2020,M,N-TVA:Ptenf/f;ATRX +/+;H11-Cas9f/f;Ink4a/Arff/f,8/4/2020,4/11/2020,RCAS Cre-U6sgRNA-ex2-NF1,No,N-TVA:Ptenf/f;ATRX +/+;H11-Cas9f/f;Ink4a/Arff/f,spinal cord intact,NA,Yes,NA,1,no,NA,Yes,intracranial,4/10/2020,"Brain, spinal cord intact",1,NA,NA,NA,No symptoms TVA-.,0
23400,ZL,6/1/2020,M,N-TVA:Ptenf/f;ATRX+/+;H11-Cas9f/f;Ink4a/Arff/f,6/1/2020,2/20/2020,RCAS Cre-U6sgRNA-ex2-NF1,No,N-TVA:Ptenf/f;ATRX+/+;H11-Cas9f/f;Ink4a/Arff/f,NA,NA,Yes,HCI -20-23400-BR,1,yes,NA,Yes,intracranial,4/10/2020,Brain,1,NA,NA,NA,Diffiulty moving and walking. ... Mouse had difficulty moving and breathing.,0
23401,GP,5/3/2020,M,N-TVA;Pten f/+; Ink4a/Arff/+;ATRX-f/+;H11LSL-Cas9  f/+,5/3/2020,4/11/2020,RCAS Cre-U6sgRNA-ex2-NF1,NA,N-TVA;Pten f/+; Ink4a/Arff/+;ATRX-f/+;H11LSL-Cas9  f/+,NA,No,Yes,NA,NA,NA,NA,Yes,Intracranial,4/10/2020,Brain,1,NA,NA,NA,"Broken leg; in pain/distress. ... Leg was stuck in grate of cage, and animal was hanging by leg.,Leg broken and unable to walk.,Distress/pain noted._Brain and all other organs appeared normal.",0
23460,ZL,9/11/2020,F,N-TVA:Ptenf/f;ATRX +/+;H11-Cas9f/f;Ink4a/Arff/f,9/9/2020,4/20/2020,RCAS Cre-U6sgRNA-ex2-NF1,No,N-TVA:Ptenf/f;ATRX +/+;H11-Cas9f/f;Ink4a/Arff/f,NA,NA,Yes,NA,1,yes,NA,Yes,intracranial,4/18/2020,Brain,1,NA,NA,NA,Brain looked perfectly normal. ... Prolapsed Uterus.,0
23461,ZL,6/19/2020,F,N-TVA:Ptenf/f;ATRX +/+;H11-Cas9f/f;Ink4a/Arff/f,6/19/2020,4/20/2020,RCAS Cre-U6sgRNA-ex2-NF1,No,N-TVA:Ptenf/f;ATRX+/+;H11-Cas9f/f;Ink4a/Arff/f,NA,NA,Yes,HCI -20-23461-BR,1,yes,NA,Yes,intracranial,4/18/2020,Brain,1,NA,NA,NA,Animal was found paralyzed with inability to move any of its body from the front legs down.  Difficulty breathing. ... Paralyzed.,0
23463,ZL,6/30/2020,M,N-TVA:Ptenf/f;ATRX+/+;H11-Cas9f/f;Ink4a/Arff/f,6/29/2020,4/20/2020,RCAS Cre-U6sgRNA-ex2-NF1,No,N-TVA:Ptenf/f;ATRX+/+;H11-Cas9f/f;Ink4a/Arff/f,NA,NA,Yes,HCI -20-23463-BR,1,yes,NA,Yes,intracranial,4/18/2020,Brain,1,NA,NA,NA,"Brain looked small with part of skull caved in under tumor. Extremely large tumor mass found surroundiong entire skull.. ... Mouse looked sick, blood coming out of ears and extrememly large tumor growth on skull..",1
23464,ZL,7/8/2020,M,N-TVA:Ptenf/f;ATRX+/+;H11-Cas9f/f;Ink4a/Arff/f,7/8/2020,4/20/2020,RCAS Cre-U6sgRNA-ex2-NF1,No,N-TVA:Ptenf/f;ATRX+/+;H11-Cas9f/f;Ink4a/Arff/f,NA,NA,Yes,HCI -20-23464-BR,1,yes,NA,Yes,intracranial,4/18/2020,Brain,1,NA,NA,NA,Paralyzed with small tumor growing on face. No apparent tumor on skull brain looked normal.. ... Paralyzed with small tumor growing on eye.,1
23465,ZL,6/30/2020,M,N-TVA:Ptenf/f;ATRX+/+;H11-Cas9f/f;Ink4a/Arff/f,6/29/2020,4/20/2020,RCAS Cre-U6sgRNA-ex2-NF1,No,N-TVA:Ptenf/f;ATRX+/+;H11-Cas9f/f;Ink4a/Arff/f,NA,NA,Yes,HCI -20-23465-BR,1,yes,NA,Yes,intracranial,4/18/2020,Brain,1,NA,NA,NA,"Brain looked small with part of skull caved in under tumor. Extremely large tumor mass found surroundiong entire skull.. ... Mouse looked sick, blood coming out of ears and extrememly large tumor growth on skull..",1
23466,ZL,7/21/2020,M,N-TVA:Ptenf/f;ATRX +/+;H11-Cas9f/f;Ink4a/Arff/f,7/21/2020,4/20/2020,RCAS Cre-U6sgRNA-ex2-NF1,No,N-TVA:Ptenf/f;ATRX +/+;H11-Cas9f/f;Ink4a/Arff/f,NA,NA,Yes,HCI -20-23466-BR,1,yes,NA,Yes,intracranial,4/18/2020,Brain,1,NA,NA,NA,"Brain looked gray and pale but otherwise normal.. ... Lack of grooming, difficulty breathing, looked weak and sickly... ... 6/4/2020 (noticed animal looked sickly)",0
23467,ZL,8/5/2020,F,N-TVA:Ptenf/f;ATRX f/f;H11-Cas9f/f;Ink4a/Arff/f,8/5/2020,4/20/2020,RCAS Cre-U6sgRNA-ex2-NF1,No,N-TVA:Ptenf/f;ATRX f/f;H11-Cas9f/f;Ink4a/Arff/f,NA,NA,Yes,NA,1,yes,NA,Yes,intracranial,4/19/2020,Brain,1,NA,NA,NA,"Very large tumor underneath brain emanating from left optic cranial nerve. ... Domed head, weak and sickly, difficulty breathing.",1
23468,ZL,8/26/2020,F,N-TVA:Ptenf/f;ATRX f/f;H11-Cas9f/f;Ink4a/Arff/f,8/26/2020,4/20/2020,RCAS Cre-U6sgRNA-ex2-NF1,No,N-TVA:Ptenf/f;ATRX f/f;H11-Cas9f/f;Ink4a/Arff/f,NA,NA,Yes,NA,1,yes,NA,Yes,intracranial,5/19/2020,Brain,1,NA,NA,NA,Brain looked perfectly normal. ... Mouse was very sick difficulty breathing.,0
23469,RH,7/16/2020,M,N-TVA:Ptenf/f;ATRXf/f;H11-Cas9f/f;Ink4a/Arff/f,7/16/2020,4/20/2020,RCAS Cre-U6sgRNA-ex2-NF1,No,N-TVA:Ptenf/f;ATRXf/f;H11-Cas9f/f;Ink4a/Arff/f,spinal cord,NA,Yes,HCI -20-23469-BR,1,yes,NA,Yes,intracranial,4/19/2020,"Brain, spinal cord",1,NA,NA,NA,"Slightly enlarged cranial nerves but brain looked normal, mouse was paralyzed. ... paralyzed lower limbs. ... HCI-20-23469-SpCo. ... 7/15/2020, paralysis noted",0
23470,ZL,6/30/2020,M,N-TVA:Ptenf/f;ATRXf/f;H11-Cas9f/f;Ink4a/Arff/f,6/29/2020,4/20/2020,RCAS Cre-U6sgRNA-ex2-NF1,No,N-TVA:Ptenf/f;ATRXf/f;H11-Cas9f/f;Ink4a/Arff/f,NA,NA,Yes,HCI -20-23470-BR,1,yes,NA,Yes,intracranial,4/19/2020,Brain,1,NA,NA,NA,"Was paralyzed, had tumor growing outside the skull (small), and large white mass found underneath brain.. ... Paralyzed + disfiguremnt from ttumors on face.",1
23522,ZL,6/30/2020,F,N-TVA:Ptenf/f;ATRXf/f;H11-Cas9f/f;Ink4a/Arff/f,6/29/2020,4/23/2020,RCAS Cre-U6sgRNA-ex2-NF1,No,N-TVA:Ptenf/f;ATRXf/f;H11-Cas9f/f;Ink4a/Arff/f,NA,NA,Yes,HCI -20-23522-BR,1,yes,NA,Yes,intracranial,4/22/2020,Brain,1,NA,NA,NA,Completely paralyzed. ... Completely paralyzed.,0
23523,ZL,6/19/2020,F,N-TVA:Ptenf/f;ATRX f/f;H11-Cas9f/f;Ink4a/Arff/f,6/19/2020,4/23/2020,RCAS Cre-U6sgRNA-ex2-NF1,No,N-TVA:Ptenf/f;ATRXf/f;H11-Cas9f/f;Ink4a/Arff/f,NA,NA,Yes,HCI -20-23523-BR,1,yes,NA,Yes,intracranial,4/22/2020,Brain,1,NA,NA,NA,paralyzed. ... Paralyzed.,0
23524,RH,7/16/2020,M,N-TVA:Ptenf/f;ATRXf/f;H11-Cas9f/f;Ink4a/Arff/f,7/16/2020,4/23/2020,RCAS Cre-U6sgRNA-ex2-NF1,No,N-TVA:Ptenf/f;ATRXf/f;H11-Cas9f/f;Ink4a/Arff/f,"eye, spinal cord (not intact)",NA,Yes,HCI -20-23524-BR,1,yes,NA,Yes,intracranial,4/22/2020,"Brain, eye, spinal cord (not intact)",1,NA,NA,NA,"Tumor behind right eye. Looks like a tumor of the occular nerve. Brain looks normal otherwise.. ... Right eye is enlarged and could rupture. ... HCI-20-23524-SpCo,HCI-20-23524-Ey",1
23525,ZL,9/17/2020,M,N-TVA:Ptenf/f;ATRX f/f;H11-Cas9f/f;Ink4a/Arff/f,9/17/2020,4/23/2020,RCAS Cre-U6sgRNA-ex2-NF1,No,N-TVA:Ptenf/f;ATRX f/f;H11-Cas9f/f;Ink4a/Arff/f,"Tumor and brain, tumor tissue frozen, cell line started, and formalin fixed",NA,Yes,NA,1,yes,NA,Yes,intracranial,4/22/2020,"Tumor and brain, tumor tissue frozen, cell line started, and formalin fixed",1,NA,NA,NA,Tumor present on side of body weird fatty skin growth. Brain looked normal. ... Bloody cutaneous tumro growing on side.,1
23526,ZL,6/30/2020,F,N-TVA:Ptenf/f;ATRXf/f;H11-Cas9f/f;Ink4a/Arff/f,7/6/2020,4/23/2020,RCAS Cre-U6sgRNA-ex2-NF1,No,N-TVA:Ptenf/f;ATRXf/f;H11-Cas9f/f;Ink4a/Arff/f,NA,NA,Yes,HCI -20-23526-BR,1,yes,NA,Yes,intracranial,4/22/2020,Brain,1,NA,NA,NA,"Completely paralyzed, and large tumor covering entired skull. Brain underneath skull appeared normal. ... Paralyzed with large tumor growing on skull.",1
23527,ZL,7/27/2020,M,N-TVA:Ptenf/f;ATRXf/f;H11-Cas9f/f;Ink4a/Arff/f,7/27/2020,4/23/2020,RCAS Cre-U6sgRNA-ex2-NF1,No,N-TVA:Ptenf/f;ATRXf/f;H11-Cas9f/f;Ink4a/Arff/f,NA,NA,Yes,NA,1,yes,NA,Yes,intracranial,4/22/2020,Brain,1,NA,NA,NA,Hollow left hemisphere maybe filled with liquid + tumor on right posterior cranial nerve. ... Complete paralysis.. ... 2020-06-04 Slight domed head noticed,1
23528,ZL,8/7/2020,M,N-TVA:Ptenf/f;ATRX f/f;H11-Cas9f/f;Ink4a/Arff/f,8/11/2020,4/23/2020,RCAS Cre-U6sgRNA-ex2-NF1,No,N-TVA:Ptenf/f;ATRX f/f;H11-Cas9f/f;Ink4a/Arff/f,NA,NA,Yes,NA,1,yes,NA,Yes,intracranial,4/22/2020,Brain,1,NA,NA,NA,"small tumor ontop of skull, brain looked normal. ... difficulty breathing, domed head, sick.",1
23783,ZL,8/10/2020,F,N-TVA:Ptenf/f;ATRX +/+;H11-Cas9f/f;Ink4a/Arff/f,8/9/2020,5/24/2020,RCAS Cre-U6sgRNA-ex2-NF1,No,N-TVA:Ptenf/f;ATRX +/+;H11-Cas9f/f;Ink4a/Arff/f,NA,NA,Yes,NA,1,yes,NA,Yes,intracranial,5/23/2020,Brain,1,NA,NA,NA,"Brain was soft but most likely from being dead a little while, everything appeared normal. ... Completely paralyzed? Animal was found dead but had weakness in legs beforehand.",0
23784,ZL,9/17/2020,F,N-TVA:Ptenf/f;ATRX +/+;H11-Cas9f/f;Ink4a/Arff/f,9/17/2020,5/24/2020,RCAS Cre-U6sgRNA-ex2-NF1,No,N-TVA:Ptenf/f;ATRX +/+;H11-Cas9f/f;Ink4a/Arff/f,NA,NA,Yes,NA,1,yes,NA,Yes,intracranial,5/23/2020,brain,1,NA,NA,NA,Brain looked normal no evidence of tumor on spine either. ... Mouse was paralyzed.,0
23786,ZL,7/27/2020,M,N-TVA:Ptenf/f;ATRX +/+;H11-Cas9f/f;Ink4a/Arff/f,7/27/2020,5/24/2020,RCAS Cre-U6sgRNA-ex2-NF1,No,N-TVA:Ptenf/f;ATRX +/+;H11-Cas9f/f;Ink4a/Arff/f,NA,NA,Yes,NA,1,yes,NA,Yes,intracranial,5/23/2020,Brain,1,NA,NA,NA,"Mushy gray tissue underneath brain surrounding cranial nerves, brain softer than normal enlarged as well. ... Completely paralyzed.. ... 2020-07-20 Slight domed head noticed",2
23787,ZL,8/4/2020,M,N-TVA:Ptenf/f;ATRX +/+;H11-Cas9f/f;Ink4a/Arff/f,8/4/2020,5/24/2020,RCAS Cre-U6sgRNA-ex2-NF1,No,N-TVA:Ptenf/f;ATRX +/+;H11-Cas9f/f;Ink4a/Arff/f,NA,NA,Yes,NA,1,yes,NA,Yes,intracranial,5/23/2020,Brain,1,NA,NA,NA,Small necrotic tumor underneath brain surrounding left cranial nerves. ... Completely paralyzed.,1
23789,ZL,8/13/2020,F,N-TVA:Ptenf/f;ATRX +/+;H11-Cas9f/f;Ink4a/Arff/f,8/13/2020,5/24/2020,RCAS Cre-U6sgRNA-ex2-NF1,No,N-TVA:Ptenf/f;ATRX +/+;H11-Cas9f/f;Ink4a/Arff/f,NA,NA,Yes,NA,1,yes,NA,Yes,intracranial,5/23/2020,Brain,1,NA,NA,NA,brain looked normal. ... Paralyzed.,0
23790,ZL,8/13/2020,F,N-TVA:Ptenf/f;ATRX +/+;H11-Cas9f/f;Ink4a/Arff/f,8/13/2020,5/24/2020,RCAS Cre-U6sgRNA-ex2-NF1,No,N-TVA:Ptenf/f;ATRX +/+;H11-Cas9f/f;Ink4a/Arff/f,NA,NA,Yes,NA,1,yes,NA,Yes,intracranial,5/23/2020,Brain,1,NA,NA,NA,"Large tumor growing on skull, brain appeared normaln if slightly smaller.. ... domed head + difficulty breathing.",1
23791,ZL,7/31/2020,F,N-TVA:Ptenf/f;ATRX +/+;H11-Cas9f/f;Ink4a/Arff/f,7/31/2020,5/24/2020,RCAS Cre-U6sgRNA-ex2-NF1,No,N-TVA:Ptenf/f;ATRX +/+;H11-Cas9f/f;Ink4a/Arff/f,NA,NA,Yes,NA,1,yes,NA,Yes,intracranial,5/23/2020,Brain,1,NA,NA,NA,"tumor underneath brain surrounding cranial nerves, very soft necrotic tissue surrounding brain. ... domed head, weak/paralyzed body, difficulty breathing.",1
23792,ZL,8/13/2020,M,N-TVA:Ptenf/f;ATRX +/+;H11-Cas9f/f;Ink4a/Arff/f,8/13/2020,5/24/2020,RCAS Cre-U6sgRNA-ex2-NF1,No,N-TVA:Ptenf/f;ATRX +/+;H11-Cas9f/f;Ink4a/Arff/f,NA,NA,Yes,NA,1,yes,NA,Yes,intracranial,5/23/2020,Brain,1,NA,NA,NA,small cranial nerve tumor. ... difficulty breathing.,1
23821,ZL,8/21/2020,F,N-TVA:Ptenf/f;ATRX +/+;H11-Cas9f/f;Ink4a/Arff/f,8/21/2020,5/29/2020,RCAS Cre-U6sgRNA-ex2-NF1,No,N-TVA:Ptenf/f;ATRX +/+;H11-Cas9f/f;Ink4a/Arff/f,NA,NA,Yes,NA,1,yes,NA,Yes,intracranial,5/28/2020,Brain,1,NA,NA,NA,Evrything appeared normal. ... TVA- Sacked as a control.,0
23822,ZL,8/7/2020,F,N-TVA:Ptenf/f;ATRX +/+;H11-Cas9f/f;Ink4a/Arff/f,8/11/2020,5/29/2020,RCAS Cre-U6sgRNA-ex2-NF1,No,N-TVA:Ptenf/f;ATRX +/+;H11-Cas9f/f;Ink4a/Arff/f,NA,NA,Yes,NA,1,yes,NA,Yes,intracranial,5/28/2020,Brain,1,NA,NA,NA,"slight domed head with liquid, small necrotic tumor on cranial nerve.. ... Completely paralyzed.",1
23823,ZL,7/21/2020,F,N-TVA:Ptenf/f;ATRX +/+;H11-Cas9f/f;Ink4a/Arff/f,7/21/2020,5/29/2020,RCAS Cre-U6sgRNA-ex2-NF1,No,N-TVA:Ptenf/f;ATRX +/+;H11-Cas9f/f;Ink4a/Arff/f,NA,NA,Yes,HCI -20-23823-BR,1,yes,NA,Yes,intracranial,5/28/2020,Brain,1,NA,NA,NA,"Very large brain which accounted for domed head, large tumor underneath brain surrounding left frontal cranial nerve.. ... slight domed head and complete paralysis..",1
23824,RH,7/16/2020,M,N-TVA:Ptenf/f;ATRX+/+;H11-Cas9f/f;Ink4a/Arff/f,7/16/2020,5/29/2020,RCAS Cre-U6sgRNA-ex2-NF1,No,N-TVA:Ptenf/f;ATRX+/+;H11-Cas9f/f;Ink4a/Arff/f,"head tumor, spinal cord (not intact)",NA,Yes,HCI -20-23824-BR,1,yes,NA,Yes,intracranial,5/28/2020,"Brain, head tumor, spinal cord (not intact)",1,NA,NA,NA,"brain looks normal, head tumor is not attached to skin or brain. ... Large tumor on front right of head. ... HCI-20-23824-SpCo,HCI-20-23824-HeTu",1
23826,ZL,7/31/2020,F,N-TVA:Ptenf/f;ATRX +/+;H11-Cas9f/f;Ink4a/Arff/f,7/31/2020,5/29/2020,RCAS Cre-U6sgRNA-ex2-NF1,No,N-TVA:Ptenf/f;ATRX +/+;H11-Cas9f/f;Ink4a/Arff/f,NA,NA,Yes,NA,1,yes,NA,Yes,intracranial,5/28/2020,Brain,1,NA,NA,NA,"Tumor surrounding left posterior cranial nerve. ... weak/paralyzed body, difficulty breathing.",1
23828,ZL,8/21/2020,M,N-TVA:Ptenf/f;ATRX +/+;H11-Cas9f/f;Ink4a/Arff/f,8/21/2020,5/29/2020,RCAS Cre-U6sgRNA-ex2-NF1,No,N-TVA:Ptenf/f;ATRX +/+;H11-Cas9f/f;Ink4a/Arff/f,NA,NA,Yes,NA,1,yes,NA,Yes,intracranial,5/28/2020,Brain,1,NA,NA,NA,"Mouse had a large tumor growing off side of body. Appeared to have originated from boony rib tissue?. ... Paralyzed, slightly lopsided face.",1
23864,ZL,8/17/2020,F,N-TVA:Ptenf/f;ATRX +/+;H11-Cas9f/f;Ink4a/Arff/f,8/17/2020,6/1/2020,RCAS Cre-U6sgRNA-ex2-NF1,No,N-TVA:Ptenf/f;ATRX +/+;H11-Cas9f/f;Ink4a/Arff/f,NA,NA,Yes,NA,1,yes,NA,Yes,intracranial,5/30/2020,Brain,1,NA,NA,NA,brain looked normal. ... Healthy sacked for TVA status.,0
23865,ZL,9/29/2020,M,N-TVA:Ptenf/f;ATRX +/+;H11-Cas9f/f;Ink4a/Arff/f,9/29/2020,6/1/2020,RCAS Cre-U6sgRNA-ex2-NF1,No,N-TVA:Ptenf/f;ATRX +/+;H11-Cas9f/f;Ink4a/Arff/f,NA,NA,Yes,NA,1,yes,NA,Yes,intracranial,5/30/2020,Brain,1,NA,NA,NA,Brain looked perfectly normal. ... Experimental end date (Mistake in Cages tab about 30 days too early)..,0
23866,ZL,8/7/2020,M,N-TVA:Ptenf/f;ATRX +/+;H11-Cas9f/f;Ink4a/Arff/f,8/7/2020,6/1/2020,RCAS Cre-U6sgRNA-ex2-NF1,No,N-TVA:Ptenf/f;ATRX +/+;H11-Cas9f/f;Ink4a/Arff/f,NA,NA,Yes,NA,1,yes,NA,Yes,intracranial,5/30/2020,Brain,1,NA,NA,NA,Medium sized necrotic tumor underneath brain surrounding cranial nerves and brain.. ... Weak and sickly with domed head.,1
23964,ZL,9/2/2020,F,N-TVA:Ptenf/f;ATRX +/+;H11-Cas9f/f;Ink4a/Arff/f,9/2/2020,6/18/2020,RCAS Cre-U6sgRNA-ex2-NF1,No,N-TVA:Ptenf/f;ATRX +/+;H11-Cas9f/f;Ink4a/Arff/f,NA,NA,Yes,NA,1,yes,NA,Yes,intracranial,6/15/2020,Brain,1,NA,NA,NA,Brain looked perfectly normal. ... Completely paralyzed.,0
23965,ZL,9/15/2020,F,N-TVA:Ptenf/f;ATRX +/+;H11-Cas9f/f;Ink4a/Arff/f,9/15/2020,6/18/2020,RCAS Cre-U6sgRNA-ex2-NF1,No,N-TVA:Ptenf/f;ATRX +/+;H11-Cas9f/f;Ink4a/Arff/f,Tumor on surrounding spine at base of tail observed. Tissue frozen and fixed,NA,Yes,NA,1,yes,NA,Yes,intracranial,6/15/2020,BrainTumor on surrounding spine at base of tail observed. Tissue frozen and fixed,1,NA,NA,NA,Brain looked perfectly normal. ... Paralyzed with small tumor on back end of body.. ... 2020-09-14 Weakness in legs noticed,1
23966,ZL,10/30/2020,F,N-TVA:Ptenf/f;ATRX +/+;H11-Cas9f/f;Ink4a/Arff/f,10/2/2020,6/18/2020,RCAS Cre-U6sgRNA-ex2-NF1,No,N-TVA:Ptenf/f;ATRX +/+;H11-Cas9f/f;Ink4a/Arff/f,tumor underneath brain as well as shoulder tumor.  tumor and shoulder tumor used to create cell lines. Frozen sample of nerve tumor as well,NA,Yes,NA,1,yes,NA,Yes,intracranial,6/15/2020,"Brain, tumor underneath brain as well as shoulder tumor. Brain tumor and shoulder tumor used to create cell lines. Frozen sample of nerve tumor as well",1,NA,NA,NA,"Large tumor growing underneath brain, and small growth under skin on shoulder.. ... Mouse was very sickly barely moving.",1
23967,ZL,9/15/2020,F,N-TVA:Ptenf/f;ATRX +/+;H11-Cas9f/f;Ink4a/Arff/f,9/15/2020,6/18/2020,RCAS Cre-U6sgRNA-ex2-NF1,No,N-TVA:Ptenf/f;ATRX +/+;H11-Cas9f/f;Ink4a/Arff/f,"head tumor, spine tumorVery large tumor encasing half of spine, all of the hips and at base of tail. Head tumor as well, and necrotic tissue underneath brain",NA,Yes,NA,1,yes,NA,Yes,intracranial,6/15/2020,"Brain, head tumor, spine tumorVery large tumor encasing half of spine, all of the hips and at base of tail. Head tumor as well, and necrotic tissue underneath brain",1,NA,NA,NA,Necrotic tussie underneath brain. ... Sickly with tumor growing on head and large tumor groeing on hips/base of spine.,1
23968,ZL,8/26/2020,M,N-TVA:Ptenf/f;ATRX +/+;H11-Cas9f/f;Ink4a/Arff/f,9/8/2020,6/18/2020,RCAS Cre-U6sgRNA-ex2-NF1,No,N-TVA:Ptenf/f;ATRX +/+;H11-Cas9f/f;Ink4a/Arff/f,NA,NA,Yes,NA,1,yes,NA,Yes,intracranial,6/15/2020,Brain,1,NA,NA,NA,Brain looked perfectly normal. ... Mouse was fully paralyzed.,0
23969,ZL,9/2/2020,M,N-TVA:Ptenf/f;ATRX +/+;H11-Cas9f/f;Ink4a/Arff/f,9/2/2020,6/18/2020,RCAS Cre-U6sgRNA-ex2-NF1,No,N-TVA:Ptenf/f;ATRX +/+;H11-Cas9f/f;Ink4a/Arff/f,NA,NA,Yes,NA,1,yes,NA,Yes,intracranial,6/15/2020,Brain,1,NA,NA,NA,Brain looked perfectly normal. ... Completely paralyzed.,0
23970,ZL,8/24/2020,M,N-TVA:Ptenf/f;ATRX +/+;H11-Cas9f/f;Ink4a/Arff/f,8/24/2020,6/18/2020,RCAS Cre-U6sgRNA-ex2-NF1,No,N-TVA:Ptenf/f;ATRX +/+;H11-Cas9f/f;Ink4a/Arff/f,NA,NA,Yes,NA,1,yes,NA,Yes,intracranial,6/15/2020,Brain,1,NA,NA,NA,Very large tumor growing over the skull but brain looked normal. ... Tumor on head was very large and mouse was sickly.,1
23971,ZL,9/2/2020,M,N-TVA:Ptenf/f;ATRX +/+;H11-Cas9f/f;Ink4a/Arff/f,9/2/2020,6/18/2020,RCAS Cre-U6sgRNA-ex2-NF1,No,N-TVA:Ptenf/f;ATRX +/+;H11-Cas9f/f;Ink4a/Arff/f,NA,NA,Yes,NA,1,yes,NA,Yes,intracranial,6/15/2020,Brain,1,NA,NA,NA,Brain looked perfectly normal. ... Completely paralyzed.,0
24801,ZL,3/5/2021,F,N-TVA; Pten f/f; H11LSL-Cas9 f/f; Ink4a/Arf f/f; ATRX +/+,3/3/2021,9/22/2020,RCAS Cre-U6sgRNA-ex2-NF1,NA,N-TVA; Pten f/f; H11LSL-Cas9 f/f; Ink4a/Arf f/f; ATRX +/+,NA,No,full brain,HCI-21-24805,NA,yes,No,NA,NA,9/11/2020,Brain,1,NA,NA,NA,End of experiment. ... No evidence of tumor,0
24802,ZL,3/5/2021,F,N-TVA; Pten f/f; H11LSL-Cas9 f/f; Ink4a/Arf f/f; ATRX +/+,3/3/2021,9/22/2020,RCAS Cre-U6sgRNA-ex2-NF1,NA,N-TVA; Pten f/f; H11LSL-Cas9 f/f; Ink4a/Arf f/f; ATRX +/+,NA,No,full brain,HCI-21-24805,NA,yes,No,NA,NA,9/11/2020,Brain,1,NA,NA,NA,End of experiment. ... No evidence of tumor,0
24803,ZL,3/5/2021,F,N-TVA; Pten f/f; H11LSL-Cas9 f/f; Ink4a/Arf f/f; ATRX +/+,3/3/2021,9/22/2020,RCAS Cre-U6sgRNA-ex2-NF1,NA,N-TVA; Pten f/f; H11LSL-Cas9 f/f; Ink4a/Arf f/f; ATRX +/+,NA,No,full brain,HCI-21-24805,NA,yes,No,NA,NA,9/11/2020,Brain,1,NA,NA,NA,End of experiment. ... No evidence of tumor,0
24805,ZL,3/5/2021,M,N-TVA; Pten f/f; H11LSL-Cas9 f/f; Ink4a/Arf f/f; ATRX +/+,3/3/2021,9/22/2020,RCAS Cre-U6sgRNA-ex2-NF1,NA,N-TVA; Pten f/f; H11LSL-Cas9 f/f; Ink4a/Arf f/f; ATRX +/+,NA,No,full brain,HCI-21-24805,NA,yes,No,NA,NA,9/11/2020,Brain,1,NA,NA,NA,End of experiment. ... No evidence of tumor,0
24807,ZL,3/5/2021,M,N-TVA; Pten f/f; H11LSL-Cas9 f/f; Ink4a/Arf f/f; ATRX +/+,3/3/2021,9/22/2020,RCAS Cre-U6sgRNA-ex2-NF1,NA,N-TVA; Pten f/f; H11LSL-Cas9 f/f; Ink4a/Arf f/f; ATRX +/+,NA,No,full brain,HCI-21-24807,NA,yes,No,NA,NA,9/11/2020,Brain,1,NA,NA,NA,End of experiment. ... No evidence of tumor,0
24988,ZL,2/16/2021,M,N-TVA; Pten f/f; H11LSL-Cas9 f/f; Ink4a/Arf f/f; ATRX +/+,2/16/2021,10/12/2020,RCAS Cre-U6sgRNA-ex2-NF1,NA,N-TVA; Pten f/f; H11LSL-Cas9 f/f; Ink4a/Arf f/f; ATRX +/+,NA,No,"Yes, necrotic tmuor stuck to bottom of brain and cavity, scooped all up and formalin fixed",HCI-20-24988,NA,yes,No,NA,NA,10/11/2020,Brain,1,NA,NA,NA,"Sick, breathing weird, very large distended stomach.. ... Brain slightly large, necrotic tissue/tumor underneath brain and in cavity. No cell line started, most scooped out with brain.,Very disteneded stomach was due to all digestive organs being maximally filled with gas including stomach.",1
25025,RH,1/27/2021,F,N-TVA; Pten f/f; H11LSL-Cas9 f/f; Ink4a/Arf f/f; ATRX f/f,1/27/2021,10/14/2020,RCAS Cre-U6sgRNA-ex2-NF1,NA,N-TVA; Pten f/f; H11LSL-Cas9 f/f; Ink4a/Arf f/f; ATRX f/f,spinal cord/brain stem,No,full brain,HCI-20-25025,NA,yes,No,NA,NA,10/13/2020,"Brain, spinal cord/brain stem",1,NA,NA,NA,"lethargic, domed head, hunched back. ... brain looked hollow, fixed the entire brain just incase it was a rare brain tumor. Brainstem/spinal chord looked enlarged. Not a big enough tumor to justify fixing and freezing a portion, so I just trypsinized it for a cell line.",1
25028,ZL,2/1/2021,F,N-TVA; Pten f/f; H11LSL-Cas9 f/f; Ink4a/Arf f/f; ATRX f/f,2/1/2021,10/14/2020,RCAS Cre-U6sgRNA-ex2-NF1,NA,N-TVA; Pten f/f; H11LSL-Cas9 f/f; Ink4a/Arf f/f; ATRX f/f,NA,No,full brain,HCI-20-25028,NA,yes,No,NA,NA,10/13/2020,Brain,1,NA,NA,NA,"Paralyzed. ... Brain looked normal, no tumor noted anywhere on body/spinal cord.. ... 1/29/2021 (paralysis)",0
25087,RH,3/19/2021,F,N-TVA; Pten f/f; H11LSL-Cas9 f/f; Ink4a/Arf f/f; ATRX f/f,3/19/2021,10/20/2020,RCAS Cre,NA,N-TVA; Pten f/f; H11LSL-Cas9 f/f; Ink4a/Arf f/f; ATRX f/f,NA,No,Brain,NA,NA,NA,NA,NA,NA,10/20/2020,Brain,1,NA,NA,NA,,0
25088,RH,3/19/2021,F,N-TVA; Pten f/f; H11LSL-Cas9 f/f; Ink4a/Arf f/f; ATRX f/f,3/19/2021,10/20/2020,RCAS Cre,NA,N-TVA; Pten f/f; H11LSL-Cas9 f/f; Ink4a/Arf f/f; ATRX f/f,NA,No,Brain,NA,NA,NA,NA,NA,NA,10/20/2020,Brain,1,NA,NA,NA,,0
25089,RH,3/19/2021,F,N-TVA; Pten f/f; H11LSL-Cas9 f/f; Ink4a/Arf f/f; ATRX f/f,3/19/2021,10/20/2020,RCAS Cre,NA,N-TVA; Pten f/f; H11LSL-Cas9 f/f; Ink4a/Arf f/f; ATRX f/f,NA,No,Brain,NA,NA,NA,NA,NA,NA,10/20/2020,Brain,1,NA,NA,NA,,0
25090,RH,3/19/2021,M,N-TVA; Pten f/f; H11LSL-Cas9 f/f; Ink4a/Arf f/f; ATRX f/f,3/19/2021,10/20/2020,RCAS Cre,NA,N-TVA; Pten f/f; H11LSL-Cas9 f/f; Ink4a/Arf f/f; ATRX f/f,NA,No,Brain,NA,NA,NA,NA,NA,NA,10/20/2020,Brain,1,NA,NA,NA,,0
25091,RH,3/19/2021,M,N-TVA; Pten f/f; H11LSL-Cas9 f/f; Ink4a/Arf f/f; ATRX f/f,3/19/2021,10/20/2020,RCAS Cre,NA,N-TVA; Pten f/f; H11LSL-Cas9 f/f; Ink4a/Arf f/f; ATRX f/f,NA,No,Brain,NA,NA,NA,NA,NA,NA,10/20/2020,Brain,1,NA,NA,NA,,0
25092,RH,3/19/2021,M,N-TVA; Pten f/f; H11LSL-Cas9 f/f; Ink4a/Arf f/f; ATRX f/f,3/19/2021,10/20/2020,RCAS Cre,NA,N-TVA; Pten f/f; H11LSL-Cas9 f/f; Ink4a/Arf f/f; ATRX f/f,NA,No,Brain,NA,NA,NA,NA,NA,NA,10/20/2020,Brain,1,NA,NA,NA,,0
25214,RH,4/5/2021,F,N-TVA; Pten f/f; H11LSL-Cas9 f/f; Ink4a/Arf f/f; ATRX +/+,4/5/2021,11/6/2020,RCAS Cre,NA,N-TVA; Pten f/f; H11LSL-Cas9 f/f; Ink4a/Arf f/f; ATRX +/+,NA,No,Brain,NA,NA,NA,NA,NA,NA,11/5/2020,Brain,1,NA,NA,NA,"end of experiment, looked normal",0
25215,RH,4/5/2021,F,N-TVA; Pten f/f; H11LSL-Cas9 f/f; Ink4a/Arf f/f; ATRX +/+,4/5/2021,11/6/2020,RCAS Cre,NA,N-TVA; Pten f/f; H11LSL-Cas9 f/f; Ink4a/Arf f/f; ATRX +/+,NA,No,Brain,NA,NA,NA,NA,NA,NA,11/5/2020,Brain,1,NA,NA,NA,"end of experiment, looked normal",0
25216,RH,4/5/2021,F,N-TVA; Pten f/f; H11LSL-Cas9 f/f; Ink4a/Arf f/f; ATRX +/+,4/5/2021,11/6/2020,RCAS Cre,NA,N-TVA; Pten f/f; H11LSL-Cas9 f/f; Ink4a/Arf f/f; ATRX +/+,NA,No,Brain,NA,NA,NA,NA,NA,NA,11/5/2020,Brain,1,NA,NA,NA,"end of experiment, looked normal",0
25218,RH,4/5/2021,M,N-TVA; Pten f/f; H11LSL-Cas9 f/f; Ink4a/Arf f/f; ATRX +/+,4/5/2021,11/6/2020,RCAS Cre,NA,N-TVA; Pten f/f; H11LSL-Cas9 f/f; Ink4a/Arf f/f; ATRX +/+,NA,No,Brain,NA,NA,NA,NA,NA,NA,11/5/2020,Brain,1,NA,NA,NA,"end of experiment, looked normal",0
25220,RH,4/5/2021,M,N-TVA; Pten f/f; H11LSL-Cas9 f/f; Ink4a/Arf f/f; ATRX +/+,4/5/2021,11/6/2020,RCAS Cre,NA,N-TVA; Pten f/f; H11LSL-Cas9 f/f; Ink4a/Arf f/f; ATRX +/+,NA,No,Brain,NA,NA,NA,NA,NA,NA,11/5/2020,Brain,1,NA,NA,NA,"end of experiment, looked normal",0
25221,RH,4/5/2021,M,N-TVA; Pten f/f; H11LSL-Cas9 f/f; Ink4a/Arf f/f; ATRX +/+,4/5/2021,11/6/2020,RCAS Cre,NA,N-TVA; Pten f/f; H11LSL-Cas9 f/f; Ink4a/Arf f/f; ATRX +/+,NA,No,Brain,NA,NA,NA,NA,NA,NA,11/5/2020,Brain,1,NA,NA,NA,"end of experiment, looked normal",0
25238,ZL,3/3/2021,F,N-TVA; Pten f/f; H11LSL-Cas9 f/f; Ink4a/Arf f/f; ATRX f/f,3/3/2021,11/6/2020,RCAS Cre-U6sgRNA-ex2-NF1,NA,N-TVA; Pten f/f; H11LSL-Cas9 f/f; Ink4a/Arf f/f; ATRX f/f,NA,No,full brain,HCI-21-25238,NA,yes,No,NA,NA,11/6/2020,Brain,1,NA,NA,NA,"Large head tumor. ... Large tumor growing on head, cell line started and tissue frozen as well as formalin fixed. Slides would be good NF1 tumor control.",1
25239,RH,4/5/2021,F,N-TVA; Pten f/f; H11LSL-Cas9 f/f; Ink4a/Arf f/f; ATRX f/f,4/5/2021,11/6/2020,RCAS Cre,NA,N-TVA; Pten f/f; H11LSL-Cas9 f/f; Ink4a/Arf f/f; ATRXf/f,NA,No,Brain,NA,NA,NA,NA,NA,NA,11/6/2020,Brain,1,NA,NA,NA,"end of experiment, looked normal",0
25240,RH,4/5/2021,M,N-TVA; Pten f/f; H11LSL-Cas9 f/f; Ink4a/Arf f/f; ATRX f/f,4/5/2021,11/6/2020,RCAS Cre,NA,N-TVA; Pten f/f; H11LSL-Cas9 f/f; Ink4a/Arf f/f; ATRXf/f,NA,No,Brain,NA,NA,NA,NA,NA,NA,11/6/2020,Brain,1,NA,NA,NA,"end of experiment, looked normal",0
25241,RH,4/5/2021,M,N-TVA; Pten f/f; H11LSL-Cas9 f/f; Ink4a/Arf f/f; ATRX f/f,4/5/2021,11/6/2020,RCAS Cre,NA,N-TVA; Pten f/f; H11LSL-Cas9 f/f; Ink4a/Arf f/f; ATRXf/f,NA,No,Brain,NA,NA,NA,NA,NA,NA,11/6/2020,Brain,1,NA,NA,NA,"end of experiment, looked normal",0
25242,RH,4/5/2021,M,N-TVA; Pten f/f; H11LSL-Cas9 f/f; Ink4a/Arf f/f; ATRX f/f,4/5/2021,11/6/2020,RCAS Cre,NA,N-TVA; Pten f/f; H11LSL-Cas9 f/f; Ink4a/Arf f/f; ATRXf/f,NA,No,Brain,NA,NA,NA,NA,NA,NA,11/6/2020,Brain,1,NA,NA,NA,"end of experiment, looked normal",0
25258,RH,4/5/2021,F,N-TVA; Pten f/f; H11LSL-Cas9 f/f; Ink4a/Arf f/f; ATRX f/f,4/5/2021,11/6/2020,RCAS Cre,NA,N-TVA; Pten f/f; H11LSL-Cas9 f/f; Ink4a/Arf f/f; ATRXf/f,NA,No,Brain,NA,NA,NA,NA,NA,NA,11/6/2020,Brain,1,NA,NA,NA,"end of experiment, looked normal",0
25259,RH,4/5/2021,F,N-TVA; Pten f/f; H11LSL-Cas9 f/f; Ink4a/Arf f/f; ATRX f/f,4/5/2021,11/6/2020,RCAS Cre,NA,N-TVA; Pten f/f; H11LSL-Cas9 f/f; Ink4a/Arf f/f; ATRXf/f,NA,No,Brain,NA,NA,NA,NA,NA,NA,11/6/2020,Brain,1,NA,NA,NA,"end of experiment, looked normal",0
25260,ZL,2/1/2021,M,N-TVA; Pten f/f; H11LSL-Cas9 f/f; Ink4a/Arf f/f; ATRX f/f,2/1/2021,11/8/2020,RCAS Cre-U6sgRNA-ex2-NF1,NA,N-TVA; Pten f/f; H11LSL-Cas9 f/f; Ink4a/Arf f/f; ATRX f/f,NA,No,full brain,HCI-20-25260,NA,yes,No,NA,NA,11/6/2020,Brain,1,NA,NA,NA,"swollen head, very sick (skinny and hunched over). ... Brain was completely hollow and extremely swollen full of clear liquid and blood. Harvested all in one piece. No sign of tumor.",0
25261,RH,4/5/2021,M,N-TVA; Pten f/f; H11LSL-Cas9 f/f; Ink4a/Arf f/f; ATRX f/f,4/5/2021,11/6/2020,RCAS Cre,NA,N-TVA; Pten f/f; H11LSL-Cas9 f/f; Ink4a/Arf f/f; ATRXf/f,NA,No,Brain,NA,NA,NA,NA,NA,NA,11/6/2020,Brain,1,NA,NA,NA,"end of experiment, looked normal",0
25262,RH,4/5/2021,M,N-TVA; Pten f/f; H11LSL-Cas9 f/f; Ink4a/Arf f/f; ATRX f/f,4/5/2021,11/6/2020,RCAS Cre,NA,N-TVA; Pten f/f; H11LSL-Cas9 f/f; Ink4a/Arf f/f; ATRXf/f,NA,No,Brain,NA,NA,NA,NA,NA,NA,11/6/2020,Brain,1,NA,NA,NA,"end of experiment, looked normal",0
25263,RH,4/5/2021,F,N-TVA; Pten f/f; H11LSL-Cas9 f/f; Ink4a/Arf f/f; ATRX f/f,4/5/2021,11/9/2020,RCAS Cre,NA,N-TVA; Pten f/f; H11LSL-Cas9 f/f; Ink4a/Arf f/f; ATRXf/f,NA,No,Brain,NA,NA,NA,NA,NA,NA,11/6/2020,Brain,1,NA,NA,NA,"end of experiment, looked normal",0
25264,RH,4/5/2021,M,N-TVA; Pten f/f; H11LSL-Cas9 f/f; Ink4a/Arf f/f; ATRX f/f,4/5/2021,11/9/2020,RCAS Cre,NA,N-TVA; Pten f/f; H11LSL-Cas9 f/f; Ink4a/Arf f/f; ATRXf/f,NA,No,Brain,NA,NA,NA,NA,NA,NA,11/6/2020,Brain,1,NA,NA,NA,"end of experiment, looked normal",0
25266,RH,4/6/2021,F,N-TVA; Pten f/f; H11LSL-Cas9 f/f; Ink4a/Arf f/f; ATRX +/+,4/6/2021,11/9/2020,RCAS Cre,NA,N-TVA; Pten f/f; H11LSL-Cas9 f/f; Ink4a/Arf f/f; ATRX +/+,NA,No,Brain,NA,NA,NA,NA,NA,NA,11/7/2020,Brain,1,NA,NA,NA,"end of experiment, looked normal",0
25267,RH,4/6/2021,F,N-TVA; Pten f/f; H11LSL-Cas9 f/f; Ink4a/Arf f/f; ATRX +/+,4/6/2021,11/9/2020,RCAS Cre,NA,N-TVA; Pten f/f; H11LSL-Cas9 f/f; Ink4a/Arf f/f; ATRX +/+,NA,No,Brain,NA,NA,NA,NA,NA,NA,11/7/2020,Brain,1,NA,NA,NA,"end of experiment, looked normal",0
25268,RH,4/6/2021,F,N-TVA; Pten f/f; H11LSL-Cas9 f/f; Ink4a/Arf f/f; ATRX +/+,4/6/2021,11/9/2020,RCAS Cre,NA,N-TVA; Pten f/f; H11LSL-Cas9 f/f; Ink4a/Arf f/f; ATRX +/+,NA,No,Brain,NA,NA,NA,NA,NA,NA,11/7/2020,Brain,1,NA,NA,NA,"end of experiment, looked normal",0
25269,RH,4/6/2021,F,N-TVA; Pten f/f; H11LSL-Cas9 f/f; Ink4a/Arf f/f; ATRX +/+,4/6/2021,11/9/2020,RCAS Cre,NA,N-TVA; Pten f/f; H11LSL-Cas9 f/f; Ink4a/Arf f/f; ATRX +/+,NA,No,Brain,NA,NA,NA,NA,NA,NA,11/7/2020,Brain,1,NA,NA,NA,"end of experiment, looked normal",0
25271,RH,4/6/2021,M,N-TVA; Pten f/f; H11LSL-Cas9 f/f; Ink4a/Arf f/f; ATRX +/+,4/6/2021,11/9/2020,RCAS Cre,NA,N-TVA; Pten f/f; H11LSL-Cas9 f/f; Ink4a/Arf f/f; ATRX +/+,NA,No,Brain,NA,NA,NA,NA,NA,NA,11/7/2020,Brain,1,NA,NA,NA,"end of experiment, looked normal",0
25272,RH,4/6/2021,M,N-TVA; Pten f/f; H11LSL-Cas9 f/f; Ink4a/Arf f/f; ATRX +/+,4/6/2021,11/9/2020,RCAS Cre,NA,N-TVA; Pten f/f; H11LSL-Cas9 f/f; Ink4a/Arf f/f; ATRX +/+,NA,No,Brain,NA,NA,NA,NA,NA,NA,11/7/2020,Brain,1,NA,NA,NA,"end of experiment, looked normal",0
25274,RH,4/6/2021,M,N-TVA; Pten f/f; H11LSL-Cas9 f/f; Ink4a/Arf f/f; ATRX +/+,4/6/2021,11/9/2020,RCAS Cre,NA,N-TVA; Pten f/f; H11LSL-Cas9 f/f; Ink4a/Arf f/f; ATRX +/+,NA,No,Brain,NA,NA,NA,NA,NA,NA,11/7/2020,Brain,1,NA,NA,NA,"end of experiment, looked normal",0
25304,RH,4/9/2021,F,N-TVA; Pten f/f; H11LSL-Cas9 f/f; Ink4a/Arf f/f; ATRX +/+,4/9/2021,11/11/2020,RCAS Cre,NA,N-TVA; Pten f/f; H11LSL-Cas9 f/f; Ink4a/Arf f/f; ATRX +/+,NA,No,Brain,NA,NA,NA,NA,NA,NA,11/10/2020,Brain,1,NA,NA,NA,"end of experiment, looked normal",0
25305,RH,4/9/2021,F,N-TVA; Pten f/f; H11LSL-Cas9 f/f; Ink4a/Arf f/f; ATRX +/+,4/9/2021,11/11/2020,RCAS Cre,NA,N-TVA; Pten f/f; H11LSL-Cas9 f/f; Ink4a/Arf f/f; ATRX +/+,NA,No,Brain,NA,NA,NA,NA,NA,NA,11/10/2020,Brain,1,NA,NA,NA,"end of experiment, looked normal",0
25307,RH,4/9/2021,M,N-TVA; Pten f/f; H11LSL-Cas9 f/f; Ink4a/Arf f/f; ATRX +/+,4/9/2021,11/11/2020,RCAS Cre,NA,N-TVA; Pten f/f; H11LSL-Cas9 f/f; Ink4a/Arf f/f; ATRX +/+,NA,No,Brain,NA,NA,NA,NA,NA,NA,11/10/2020,Brain,1,NA,NA,NA,"end of experiment, looked normal",0
25308,RH,4/9/2021,M,N-TVA; Pten f/f; H11LSL-Cas9 f/f; Ink4a/Arf f/f; ATRX +/+,4/9/2021,11/11/2020,RCAS Cre,NA,N-TVA; Pten f/f; H11LSL-Cas9 f/f; Ink4a/Arf f/f; ATRX +/+,NA,No,Brain,NA,NA,NA,NA,NA,NA,11/10/2020,Brain,1,NA,NA,NA,"end of experiment, looked normal",0
25309,RH,4/9/2021,M,N-TVA; Pten f/f; H11LSL-Cas9 f/f; Ink4a/Arf f/f; ATRX +/+,4/9/2021,11/11/2020,RCAS Cre,NA,N-TVA; Pten f/f; H11LSL-Cas9 f/f; Ink4a/Arf f/f; ATRX +/+,NA,No,Brain,NA,NA,NA,NA,NA,NA,11/10/2020,Brain,1,NA,NA,NA,"end of experiment, looked normal",0
25310,RH,1/20/2021,M,N-TVA; Pten f/f; H11LSL-Cas9 f/f; Ink4a/Arf f/f; ATRX +/+,1/20/2021,11/11/2020,RCAS Cre,NA,N-TVA; Pten f/f; H11LSL-Cas9 f/f; Ink4a/Arf f/f; ATRX +/+,NA,No,B,NA,NA,NA,No,NA,NA,11/10/2020,B,1,NA,NA,NA,"hunched over, scabs on tail, animal care staff required it be sacked. ... brain appeared deflated",0
25328,RH,4/12/2021,F,N-TVA; Pten f/f; H11LSL-Cas9 f/f; Ink4a/Arf f/f; ATRX f/f,4/12/2021,11/13/2020,RCAS Cre,NA,N-TVA; Pten f/f; H11LSL-Cas9 f/f; Ink4a/Arf f/f; ATRX f/f,NA,No,Brain,NA,NA,NA,NA,NA,NA,11/13/2020,Brain,1,NA,NA,NA,"end of experiment, looked normal",0
25501,RH,4/7/2021,F,N-TVA; Pten f/f; H11LSL-Cas9 f/f; Ink4a/Arf f/f; ATRX f/f,4/7/2021,12/3/2020,RCAS Cre U6-sgRNA NF1 Ex2,NA,N-TVA; Pten f/f; H11LSL-Cas9 f/f; Ink4a/Arf f/f; ATRX f/f,skin tumor,No,"Brain, skin tumor",NA,NA,NA,NA,NA,NA,12/2/2020,"Brain, skin tumor",1,NA,NA,NA,"tumor was just above left eye and was becoming red, as if it was ulcering or becoming irritated. Upon necropsy, tumor was observed to be connected to the skin and not the skull. It may be connected to the audible nerve as part of the tumor seamed to be very close to the ear and was fixed with part of the ear. A peice of tumor was frozen and also used for a cell line.",0
25503,ZL,3/4/2021,M,N-TVA; Pten f/f; H11LSL-Cas9 f/f; Ink4a/Arf f/f; ATRX +/+,3/4/2021,12/3/2021,RCAS Cre-U6sgRNA-ex2-NF1,NA,N-TVA; Pten f/f; H11LSL-Cas9 f/f; Ink4a/Arf f/f; ATRX +/+,NA,No,full brain,HCI-21-25503,NA,yes,No,NA,NA,12/2/2020,Brain,1,NA,NA,NA,"Sick and hunched over, slight domed head.. ... Brain was abnormally large and swollen but no clear sign of tumor tissue found.",0
25504,ZL,2/1/2021,M,N-TVA; Pten f/f; H11LSL-Cas9 f/f; Ink4a/Arf f/f; ATRX +/+,2/1/2021,10/14/2020,RCAS Cre-U6sgRNA-ex2-NF1,NA,N-TVA; Pten f/f; H11LSL-Cas9 f/f; Ink4a/Arf f/f; ATRX +/+,NA,No,"normal brain, small growth found on spine (T2), head tumor T1",HCI-20-25504,NA,yes,No,NA,NA,1/2/2021,Brain,1,NA,NA,NA,"Large head tumor growing over skull. ... Brain looked normal, tumor frozen, cell line formed (t1) and rest formalin fixed",1
25505,ZL,3/4/2021,M,N-TVA; Pten f/f; H11LSL-Cas9 f/f; Ink4a/Arf f/f; ATRX +/+,3/4/2021,12/3/2021,RCAS Cre-U6sgRNA-ex2-NF1,NA,N-TVA; Pten f/f; H11LSL-Cas9 f/f; Ink4a/Arf f/f; ATRX +/+,NA,No,full brain,HCI-21-25505,NA,yes,No,NA,NA,12/2/2020,Brain,1,NA,NA,NA,"domed head noticed when still alive-swollen brain but found dead so hard to tell.. ... Foun dead, must have died th enight before.. ... Brain was in good condition but hard to tell if swelling was present. Slight domed head noticed when animal was alive.",0
25548,RH,5/10/2021,F,N-TVA; Pten f/f; H11LSL-Cas9 f/f; Ink4a/Arf f/f; ATRX f/f,5/10/2021,12/4/2020,RCAS Cre,NA,N-TVA; Pten f/f; H11LSL-Cas9 f/f; Ink4a/Arf f/f; ATRX f/f,NA,No,Brain,NA,NA,NA,NA,NA,NA,12/4/2020,Brain,1,NA,NA,NA,experimental endpoint,0
25549,RH,5/10/2021,F,N-TVA; Pten f/f; H11LSL-Cas9 f/f; Ink4a/Arf f/f; ATRX f/f,5/10/2021,12/4/2020,RCAS Cre,NA,N-TVA; Pten f/f; H11LSL-Cas9 f/f; Ink4a/Arf f/f; ATRX f/f,NA,No,Brain,NA,NA,NA,NA,NA,NA,12/4/2020,Brain,1,NA,NA,NA,experimental endpoint,0
25550,RH,5/10/2021,M,N-TVA; Pten f/f; H11LSL-Cas9 f/f; Ink4a/Arf f/f; ATRX f/f,5/10/2021,12/4/2020,RCAS Cre,NA,N-TVA; Pten f/f; H11LSL-Cas9 f/f; Ink4a/Arf f/f; ATRX f/f,NA,No,Brain,NA,NA,NA,NA,NA,NA,12/4/2020,Brain,1,NA,NA,NA,experimental endpoint,0
25595,RH,5/10/2021,F,N-TVA; Pten f/f; H11LSL-Cas9 f/f; Ink4a/Arf f/f; ATRX f/f,5/10/2021,12/10/2020,RCAS Cre,NA,N-TVA; Pten f/f; H11LSL-Cas9 f/f; Ink4a/Arf f/f; ATRX f/f,NA,No,Brain,NA,NA,NA,NA,NA,NA,12/9/2020,Brain,1,NA,NA,NA,experimental endpoint,0
25596,RH,5/10/2021,F,N-TVA; Pten f/f; H11LSL-Cas9 f/f; Ink4a/Arf f/f; ATRX f/f,5/10/2021,12/10/2020,RCAS Cre,NA,N-TVA; Pten f/f; H11LSL-Cas9 f/f; Ink4a/Arf f/f; ATRX f/f,NA,No,Brain,NA,NA,NA,NA,NA,NA,12/9/2020,Brain,1,NA,NA,NA,experimental endpoint,0
25597,RH,5/10/2021,M,N-TVA; Pten f/f; H11LSL-Cas9 f/f; Ink4a/Arf f/f; ATRX f/f,5/10/2021,12/10/2020,RCAS Cre,NA,N-TVA; Pten f/f; H11LSL-Cas9 f/f; Ink4a/Arf f/f; ATRX f/f,NA,No,Brain,NA,NA,NA,NA,NA,NA,12/9/2020,Brain,1,NA,NA,NA,experimental endpoint,0
25598,ZL,2/1/2021,M,N-TVA; Pten f/f; H11LSL-Cas9 f/f; Ink4a/Arf f/f; ATRX f/f,2/1/2021,12/10/2020,RCAS Cre-U6sgRNA-ex2-NF1,NA,N-TVA; Pten f/f; H11LSL-Cas9 f/f; Ink4a/Arf f/f; ATRX f/f,NA,No,full brain,HCI-20-25598,NA,yes,No,NA,NA,12/9/2020,Brain,1,NA,NA,NA,"swollen head, very sick (skinny and hunched over). ... Brain was completely hollow and extremely swollen full of clear liquid and blood. Harvested all in one piece. No sign of tumor.",0
25687,RH,5/20/2021,F,N-TVA; Pten f/f; H11LSL-Cas9 f/f; Ink4a/Arf f/f; ATRX +/+,5/20/2021,12/22/2020,RCAS Cre U6 sgRNA Ex2 NF1,NA,N-TVA; Pten f/f; H11LSL-Cas9 f/f; Ink4a/Arf f/f; ATRX +/+,NA,No,Brain,NA,NA,NA,NA,NA,NA,12/19/2020,Brain,1,NA,NA,NA,"no abnormalities upon necropsy, sacked for experimental endpoint",0
25688,RH,5/20/2021,F,N-TVA; Pten f/f; H11LSL-Cas9 f/f; Ink4a/Arf f/f; ATRX +/+,5/20/2021,12/22/2020,RCAS Cre U6 sgRNA Ex2 NF1,NA,N-TVA; Pten f/f; H11LSL-Cas9 f/f; Ink4a/Arf f/f; ATRX +/+,head tumor,No,Brain,NA,NA,NA,NA,NA,NA,12/19/2020,"Brain, head tumor",1,NA,NA,NA,"tumor on top of head first observed on 5/19/21, sacked 5/20/21 for experimental endpoint, everything else looks normal upon necropsy, froze part of head tumor and made cell line with it.",1
25689,ZL,2/10/2021,F,N-TVA; Pten f/f; H11LSL-Cas9 f/f; Ink4a/Arf f/f; ATRX +/+,2/10/2021,12/22/2021,RCAS Cre-U6sgRNA-ex2-NF1,NA,N-TVA; Pten f/f; H11LSL-Cas9 f/f; Ink4a/Arf f/f; ATRX +/+,NA,No,full brain,HCI-20-25689,NA,yes,No,NA,NA,12/19/2020,Brain,1,NA,NA,NA,"Paralyzed. ... Brain looked normal, no tumor noted anywhere on body/spinal cord.. ... 2/9/2021 (paralysis)",0
25690,RH,4/13/2021,M,N-TVA; Pten f/f; H11LSL-Cas9 f/f; Ink4a/Arf f/f; ATRX +/+,4/13/2021,12/22/2020,RCAS Cre U6 sgRNA Ex2 NF1,NA,N-TVA; Pten f/f; H11LSL-Cas9 f/f; Ink4a/Arf f/f; ATRX f/f,NA,No,Brain,NA,NA,NA,NA,NA,NA,12/19/2020,Brain,1,NA,NA,NA,"mouse is showing signs of partial paralysis on 4/7. Head is tilted to one side, but still able to move around. Could have gone longer, but no sense risking mouse dying on own. Necropsy showed bulge in left top of skull, under the left side of brain looked to be a glioma, attached a little to the base of the cranial cavity and partially attached to the brain, sort of mushy, cut some off to freeze and make cell line from as well as fixed the rest with the brain",1
25691,RH,4/7/2021,M,N-TVA; Pten f/f; H11LSL-Cas9 f/f; Ink4a/Arf f/f; ATRX +/+,4/7/2021,12/22/2020,RCAS Cre U6-sgRNA NF1 Ex2,NA,N-TVA; Pten f/f; H11LSL-Cas9 f/f; Ink4a/Arf f/f; ATRX +/+,NA,No,Brain,NA,NA,NA,NA,NA,NA,12/19/2020,Brain,1,NA,NA,NA,"hind legs were paralyzed, back was hunched as a sign mouse was dehydrating and falling ill",0
25692,RH,4/12/2021,M,N-TVA; Pten f/f; H11LSL-Cas9 f/f; Ink4a/Arf f/f; ATRX +/+,4/12/2021,12/22/2020,RCAS Cre U6-sgRNA-Ex2 NF1,NA,N-TVA; Pten f/f; H11LSL-Cas9 f/f; Ink4a/Arf f/f; ATRX +/+,"T1, T2",No,"Brain, T1, T2",NA,NA,NA,NA,NA,NA,12/19/2020,"Brain, T1, T2",1,NA,NA,NA,"passed Friday health check, but found dead on Mon. After necropsy, a tumor was visable around right ear (T1) connected to the skull and separate from the skin. A second tumor is seen lower on the neck (T2) it is smaller. Tumors were fixed, brain was fixed too but mushy since this mouse was found dead.",0
25693,RH,3/22/2021,M,N-TVA; Pten f/f; H11LSL-Cas9 f/f; Ink4a/Arf f/f; ATRX +/+,3/22/2021,12/22/2020,RCAS Cre U6 sgRNA Ex2 NF1,NA,N-TVA; Pten f/f; H11LSL-Cas9 f/f; Ink4a/Arf f/f; ATRX +/+,NA,No,Brain,NA,NA,NA,NA,NA,NA,12/19/2020,Brain,1,NA,NA,NA,"hind legs were partially paralyzed. ... One cranial nerve looked enlarged. Not quite big enough to try to also freeze and make a cell line from, and lost it when changing from formalin to EtOH.",0
25694,RH,4/9/2021,M,N-TVA; Pten f/f; H11LSL-Cas9 f/f; Ink4a/Arf f/f; ATRX +/+,4/9/2021,12/22/2020,RCAS Cre U6-sgRNA NF1 Ex2,NA,N-TVA; Pten f/f; H11LSL-Cas9 f/f; Ink4a/Arf f/f; ATRX +/+,mushy mass under brain,No,"Brain, mushy mass under brain",NA,NA,NA,NA,NA,NA,12/19/2020,"Brain, mushy mass under brain",1,NA,NA,NA,"mouse was loosing mobility in hind legs and I didn't want to chance it over the weekend. I noticed a mass of tissue under the brain, not sure if it was an enlarged cranial nerve or that ""necrotic"" tissue Zia noticed before. Growing that tissue as a cell line, but too small for fixing it or freezing it as well",0
25695,RH,3/29/2021,M,N-TVA; Pten f/f; H11LSL-Cas9 f/f; Ink4a/Arf f/f; ATRX +/+,3/29/2021,12/22/2020,RCAS Cre U6 sgRNA Ex2 NF1,NA,N-TVA; Pten f/f; H11LSL-Cas9 f/f; Ink4a/Arf f/f; ATRX +/+,and lower back tumor,No,Brain and tumor,NA,NA,NA,NA,NA,NA,12/19/2020,Brain and lower back tumor,1,NA,NA,NA,"limited mobility noticed, later tumor noticed on back. ... Found dead on a Monday. No conditions noticed on Friday. Could have died over weekend.",1
25741,RH,5/21/2021,F,N-TVA; Pten f/f; H11LSL-Cas9 f/f; Ink4a/Arf f/f; ATRX +/+,5/14/2021,12/28/2020,RCAS Cre U6 sgRNA Ex2 NF1,NA,N-TVA; Pten f/f; H11LSL-Cas9 f/f; Ink4a/Arf f/f; ATRX +/+,cranial nerve tumor,No,Brain,NA,NA,NA,NA,NA,NA,12/26/2020,"Brain, cranial nerve tumor",1,NA,NA,NA,"mouse looked like it was becoming emanciated and starting to have a hunched back, upon necropsy, there was a cranial nerve tumor somewhat attched to the base of the cranial cavity, and not as attached to the brain. A part of the tumor was fixed with the brain, while another part was frozen and used for a cell line.",1
25742,RH,4/5/2021,M,N-TVA; Pten f/f; H11LSL-Cas9 f/f; Ink4a/Arf f/f; ATRX +/+,4/5/2021,12/28/2021,RCAS Cre U6 sgRNA Ex2 NF1,NA,N-TVA; Pten f/f; H11LSL-Cas9 f/f; Ink4a/Arf f/f; ATRX +/+,cranial nerve tumor,No,Brain cranial nerve tumor,NA,NA,NA,NA,NA,NA,12/26/2020,"Brain, cranial nerve tumor",1,NA,NA,NA,"partially paralyzed, small mass could be part of cerebellum or could be a tumor, only did FFPE with it",1
25743,ZL,3/17/2021,M,N-TVA; Pten f/f; H11LSL-Cas9 f/f; Ink4a/Arf f/f; ATRX +/+,3/17/2021,12/28/2021,RCAS Cre-U6sgRNA-ex2-NF1,NA,N-TVA; Pten f/f; H11LSL-Cas9 f/f; Ink4a/Arf f/f; ATRX +/+,NA,No,full brain,HCI-21-25743,NA,yes,No,NA,NA,12/26/2020,Brain,1,NA,NA,NA,Sacked to tumor size. ... Massive tumor encasing head. Brain unremovable. Cryo sample collected and cell line started,1
25744,RH,3/26/2021,M,N-TVA; Pten f/f; H11LSL-Cas9 f/f; Ink4a/Arf f/f; ATRX +/+,3/26/2021,12/28/2020,RCAS Cre U6 sgRNA Ex2 NF1,NA,N-TVA; Pten f/f; H11LSL-Cas9 f/f; Ink4a/Arf f/f; ATRX +/+,"tumor, and some white mass between the brain and the tumor.",No,"Brain, tumor, and that white mass",NA,NA,NA,NA,NA,NA,12/26/2020,"Brain, tumor, and some white mass between the brain and the tumor.",1,NA,NA,NA,"looks normal except for large tumor on left side of head. ... Head tumor was cut off, had vein on the outside but very dense and white on the inside. Skull underneith looked rough, but couldn't tell if tumor penetrated the skull or was growing from and eye or ear canal. Had to cut the skull to remove brain, and noticed a white mass on top of the left hemesphere. It wasn't connected to it, but was indenting the brain (might be able to see the indent on H&E), not clear if this penetrated the skull or not.",1
25745,RH,4/12/2021,M,N-TVA; Pten f/f; H11LSL-Cas9 f/f; Ink4a/Arf f/f; ATRX +/+,4/12/2021,12/28/2020,RCAS Cre U6-sgRNA-Ex2 NF1,NA,N-TVA; Pten f/f; H11LSL-Cas9 f/f; Ink4a/Arf f/f; ATRX +/+,"T1, T2",No,"Brain, T1, T2",NA,NA,NA,NA,NA,NA,12/26/2020,"Brain, T1, T2",1,NA,NA,NA,"only partially paralyzed, but looked very emanciated, so had to sack, small white spot on top center of skull (T1), not sure if that is anything, but fixed it anyway. Tumor was visible around the base of the spine, cross section of the spine was fixed (with bone), and piece of tumor was made into a cell line.",0
25747,RH,4/13/2021,M,N-TVA; Pten f/f; H11LSL-Cas9 f/f; Ink4a/Arf f/f; ATRX +/+,4/15/2021,12/28/2020,RCAS Cre U6 sgRNA Ex2 NF1,NA,N-TVA; Pten f/f; H11LSL-Cas9 f/f; Ink4a/Arf f/f; ATRX +/+,NA,No,Brain,NA,NA,NA,NA,NA,NA,12/26/2020,Brain,1,NA,NA,NA,"loosing mobility in hind legs 4/12, not fully paralyzed, but looking worse, with urine stains on fur, upon necropsy - normal looking brain, no spine tumors, enlarged bladder, possibly suffering from some infection or blockage",1
25748,RH,5/10/2021,M,N-TVA; Pten f/f; H11LSL-Cas9 f/f; Ink4a/Arf f/f; ATRX +/+,5/10/2021,12/28/2020,RCAS Cre U6 sgRNA Ex2 NF1,NA,N-TVA; Pten f/f; H11LSL-Cas9 f/f; Ink4a/Arf f/f; ATRX +/+,NA,No,Brain,NA,NA,NA,NA,NA,NA,12/26/2020,Brain,1,NA,NA,NA,"breathing heavy, hind legs paralyzed, no observable tumor",0
25764,RH,4/2/2021,M,N-TVA; Pten f/f; H11LSL-Cas9 f/f; Ink4a/Arf f/f; ATRX +/+,4/2/2021,12/28/2020,RCAS Cre U6 sgRNA Ex2 NF1,NA,N-TVA; Pten f/f; H11LSL-Cas9 f/f; Ink4a/Arf f/f; ATRX +/+,and cranial nerve tumor,No,Brain and cranial nerve tumor,NA,NA,NA,NA,NA,NA,12/28/2020,Brain and cranial nerve tumor,1,NA,NA,NA,"started looking lethargic, back became more arched, not moving around much and wanted to sack before it possibly dies on its own over the weekend. ... Also started a cell line from the cranial nerve tumor, which looked like an enlarged mass not connected to the brain, but effecting both sides of the large cranial nerve that is under the optic nerve. Both sides were harvested as one, with a piece of both fixed. No sample was frozen.",1
25766,ZL,3/3/2021,M,N-TVA; Pten f/f; H11LSL-Cas9 f/f; Ink4a/Arf f/f; ATRX +/+,3/3/2021,12/28/2021,RCAS Cre-U6sgRNA-ex2-NF1,NA,N-TVA; Pten f/f; H11LSL-Cas9 f/f; Ink4a/Arf f/f; ATRX +/+,NA,No,full brain,HCI-21-25766,NA,yes,No,NA,NA,12/28/2020,Brain,1,NA,NA,NA,paralysis. ... Brain was completely hollow and filled with liquid. Mouse sacked due to paralysis,2
25767,ZL,3/17/2021,M,N-TVA; Pten f/f; H11LSL-Cas9 f/f; Ink4a/Arf f/f; ATRX +/+,3/17/2021,12/28/2021,RCAS Cre-U6sgRNA-ex2-NF1,NA,N-TVA; Pten f/f; H11LSL-Cas9 f/f; Ink4a/Arf f/f; ATRX +/+,NA,No,full brain,HCI-21-25767,NA,yes,No,NA,NA,12/28/2020,Brain,1,NA,NA,NA,paralyzed. ... Brain looked normal,0
25782,RH,5/28/2021,F,N-TVA; Pten f/f; H11LSL-Cas9 f/f; Ink4a/Arf f/f; ATRX f/f,5/28/2021,12/30/2021,RCAS Cre,NA,N-TVA; Pten f/f; H11LSL-Cas9 f/f; Ink4a/Arf f/f; ATRX f/f,NA,No,Brain,NA,NA,NA,NA,NA,NA,12/29/2020,Brain,1,NA,NA,NA,experimental endpoint,0
25783,RH,5/28/2021,F,N-TVA; Pten f/f; H11LSL-Cas9 f/f; Ink4a/Arf f/f; ATRX f/f,5/28/2021,12/30/2021,RCAS Cre,NA,N-TVA; Pten f/f; H11LSL-Cas9 f/f; Ink4a/Arf f/f; ATRX f/f,NA,No,Brain,NA,NA,NA,NA,NA,NA,12/29/2020,Brain,1,NA,NA,NA,experimental endpoint,0
25784,RH,5/28/2021,M,N-TVA; Pten f/f; H11LSL-Cas9 f/f; Ink4a/Arf f/f; ATRX f/f,5/28/2021,12/30/2021,RCAS Cre,NA,N-TVA; Pten f/f; H11LSL-Cas9 f/f; Ink4a/Arf f/f; ATRX f/f,NA,No,Brain,NA,NA,NA,NA,NA,NA,12/29/2020,Brain,1,NA,NA,NA,experimental endpoint,0
25785,RH,5/28/2021,M,N-TVA; Pten f/f; H11LSL-Cas9 f/f; Ink4a/Arf f/f; ATRX f/f,5/28/2021,12/30/2021,RCAS Cre,NA,N-TVA; Pten f/f; H11LSL-Cas9 f/f; Ink4a/Arf f/f; ATRX f/f,NA,No,Brain,NA,NA,NA,NA,NA,NA,12/29/2020,Brain,1,NA,NA,NA,experimental endpoint,0
25786,RH,1/27/2021,M,N-TVA; Pten f/f; H11LSL-Cas9 f/f; Ink4a/Arf f/f; ATRX f/f,1/27/2021,12/30/2020,RCAS Cre,NA,N-TVA; Pten f/f; H11LSL-Cas9 f/f; Ink4a/Arf f/f; ATRX f/f,NA,No,full brain,HCI-20-25786-11,NA,yes,No,NA,NA,12/29/2020,Brain,1,NA,NA,NA,"found dead, domed head noticed day before. ... brain looked hollow. This is a Cre injection, so tumor is not expected. This is probably just hydrocephalus as a result of injection",1
25787,RH,5/28/2021,M,N-TVA; Pten f/f; H11LSL-Cas9 f/f; Ink4a/Arf f/f; ATRX f/f,5/28/2021,12/30/2021,RCAS Cre,NA,N-TVA; Pten f/f; H11LSL-Cas9 f/f; Ink4a/Arf f/f; ATRX f/f,NA,No,Brain,NA,NA,NA,NA,NA,NA,12/29/2020,Brain,1,NA,NA,NA,experimental endpoint,0
25788,RH,5/28/2021,M,N-TVA; Pten f/f; H11LSL-Cas9 f/f; Ink4a/Arf f/f; ATRX f/f,5/28/2021,12/30/2021,RCAS Cre,NA,N-TVA; Pten f/f; H11LSL-Cas9 f/f; Ink4a/Arf f/f; ATRX f/f,NA,No,Brain,NA,NA,NA,NA,NA,NA,12/29/2020,Brain,1,NA,NA,NA,experimental endpoint,0
25825,GP,12/28/2021,F,N-TVA::Ptenf/f;Atrxf/f;Cas9f/f;Inkf/f,12/28/2021,11/13/2021,RCAS Cre-U6sgRNA-ex2-NF1,NA,N-TVA::Ptenf/f;Atrxf/f;Cas9f/f;Inkf/f,NA,No,"Brain, Lungs, Liver",NA,NA,NA,NA,NA,NA,11/11/2021,"Brain, Lungs, Liver",1,NA,1,1,"domed head. ... Paralyzed left side,Trouble breathing,Dome head. ... Probable intracranial tumor; sacked for left side paralysis and trouble breathing. Frontal lobe was caved in (from tumor)? Unable to isolate tumor separately so took entire brain, as well as lungs, liver.",1
26007,RH,4/13/2021,F,N-TVA; Pten f/f; H11LSL-Cas9 f/f; Ink4a/Arf f/f; ATRX +/+,4/13/2021,1/22/2021,RCAS Cre U6 sgRNA Ex2 NF1,NA,N-TVA; Pten f/f; H11LSL-Cas9 f/f; Ink4a/Arf f/f; ATRX +/+,spinal cord tumor,No,"Brain, spinal cord tumor",NA,NA,NA,NA,NA,NA,1/20/2021,"Brain, spinal cord tumor",1,NA,NA,NA,"nothing noticed around brain, but mouse was partially paralized in hind legs and had a spinal cord tumor around the base of the spine, cut some tumor to freeze and grow cell line from, also fixed section of tumor and spine (will need to decalcify if submitting for histology)",1
26008,RH,6/8/2021,F,N-TVA; Pten f/f; H11LSL-Cas9 f/f; Ink4a/Arf f/f; ATRX +/+,6/8/2021,1/22/2021,RCAS Cre U6 sgRNA Ex2 NF1,NA,N-TVA; Pten f/f; H11LSL-Cas9 f/f; Ink4a/Arf f/f; ATRX +/+,NA,No,Brain,NA,NA,NA,NA,NA,NA,1/20/2021,Brain,1,NA,NA,NA,"partially closed, and starting to loose mobility in hind legs, no sign of tumor upon necropsy",0
26009,RH,3/30/2021,F,N-TVA; Pten f/f; H11LSL-Cas9 f/f; Ink4a/Arf f/f; ATRX +/+,3/29/2021,1/22/2021,RCAS Cre U6 sgRNA Ex2 NF1,NA,N-TVA; Pten f/f; H11LSL-Cas9 f/f; Ink4a/Arf f/f; ATRX +/+,and head tumor,No,Brain and head tumor,NA,NA,NA,NA,NA,NA,1/20/2021,Brain and head tumor,1,NA,NA,NA,"large head tumor. ... Mouse was healthy in all aspects except for head tumor that was reaching 2cm. Brain and tumor were FFPE, part of tumor was also frozen and used to grow a cell line from.",1
26010,RH,4/13/2021,F,N-TVA; Pten f/f; H11LSL-Cas9 f/f; Ink4a/Arf f/f; ATRX +/+,4/13/2021,1/22/2021,RCAS Cre U6 sgRNA Ex2 NF1,NA,N-TVA; Pten f/f; H11LSL-Cas9 f/f; Ink4a/Arf f/f; ATRX +/+,spinal cord tumor,No,"Brain, spinal cord tumor",NA,NA,NA,NA,NA,NA,1/20/2021,"Brain, spinal cord tumor",1,NA,NA,NA,"nothing noticed around brain, but mouse was partially paralized in hind legs and had a spinal cord tumor around the base of the spine, cut some tumor to freeze and grow cell line from, also fixed section of tumor and spine (will need to decalcify if submitting for histology)",1
26011,RH,3/26/2021,M,N-TVA; Pten f/f; H11LSL-Cas9 f/f; Ink4a/Arf f/f; ATRX +/+,3/26/2021,1/22/2021,RCAS Cre U6 sgRNA Ex2 NF1,NA,N-TVA; Pten f/f; H11LSL-Cas9 f/f; Ink4a/Arf f/f; ATRX +/+,NA,No,Brain,NA,NA,NA,NA,NA,NA,1/20/2021,Brain,1,NA,NA,NA,"hind legs were starting to become paralyzed. ... hind legs starting to loose mobility, would have probably become paralyzed over the weekend.",0
26013,RH,4/13/2021,M,N-TVA; Pten f/f; H11LSL-Cas9 f/f; Ink4a/Arf f/f; ATRX +/+,4/13/2021,1/22/2021,RCAS Cre U6 sgRNA Ex2 NF1,NA,N-TVA; Pten f/f; H11LSL-Cas9 f/f; Ink4a/Arf f/f; ATRX +/+,NA,No,Brain,NA,NA,NA,NA,NA,NA,1/20/2021,Brain,1,NA,NA,NA,"showing partial paralysis on 4/12, decided to sack next day to avoid risk of finding dead, little nub in front of brain, not sure if anything though, normal looking everywhere else including spine.",1
26014,RH,4/12/2021,M,N-TVA; Pten f/f; H11LSL-Cas9 f/f; Ink4a/Arf f/f; ATRX +/+,4/12/2021,1/22/2021,RCAS Cre U6-sgRNA-Ex2 NF1,NA,N-TVA; Pten f/f; H11LSL-Cas9 f/f; Ink4a/Arf f/f; ATRX +/+,T1,No,"Brain, T1",NA,NA,NA,NA,NA,NA,1/20/2021,"Brain, T1",1,NA,NA,NA,"severly paralized to where it looks like it couldn't control bowel movements or urination, noticed on a Monday, but looked fine when it was last looked at on a Friday. Upon necropsy, brain looks normal, huge tumor around the base of the spinal cord, some of the tumor was frozen, used to make a cell line, and fixed.",1
26022,RH,4/1/2021,F,N-TVA; Pten f/f; H11LSL-Cas9 f/f; Ink4a/Arf f/f; ATRX f/f,4/1/2021,1/22/2021,RCAS Cre U6 sgRNA Ex2 NF1,NA,N-TVA; Pten f/f; H11LSL-Cas9 f/f; Ink4a/Arf f/f; ATRX f/f,and head tumor,No,Brain and head tumor,NA,NA,NA,NA,NA,NA,1/20/2021,Brain and head tumor,1,NA,NA,NA,"tumor on head above left eye. ... Head tumor did not appear to grow out from eye or ear, was separate from the skin, attached to the skull, no vasculature except on the periphery. Attached to the brain, but not by much is a small ball right at the front of it. That ball was preserved as well, but may or may not make it into the slides. Mouse was healthy in all aspects except for head tumor that was reaching 2cm. Brain and tumor were FFPE, part of tumor was also frozen and used to grow a cell line from.",1
26023,RH,5/10/2021,M,N-TVA; Pten f/f; H11LSL-Cas9 f/f; Ink4a/Arf f/f; ATRX f/f,5/10/2021,1/22/2021,RCAS Cre U6 sgRNA Ex2 NF1,NA,N-TVA; Pten f/f; H11LSL-Cas9 f/f; Ink4a/Arf f/f; ATRX f/f,head tumor,No,"Brain, head tumor",NA,NA,NA,NA,NA,NA,1/20/2021,"Brain, head tumor",1,NA,NA,NA,"bump on head noticed 4/23/21, sacked when it was big enough to harvest for a cell line, fix, and freeze",2
26024,ZL,3/17/2021,M,N-TVA; Pten f/f; H11LSL-Cas9 f/f; Ink4a/Arf f/f; ATRX +/+,3/17/2021,1/22/2021,RCAS Cre-U6sgRNA-ex2-NF1,NA,N-TVA; Pten f/f; H11LSL-Cas9 f/f; Ink4a/Arf f/f; ATRX +/+,NA,No,full brain,HCI-21-26024,NA,yes,No,NA,NA,1/20/2021,Brain,1,NA,NA,NA,Sacked for tumor size. ... Massive tumor encasing head. Brain unremovable.,1
26037,RH,4/1/2021,F,N-TVA; Pten f/f; H11LSL-Cas9 f/f; Ink4a/Arf f/f; ATRX +/+,4/1/2021,1/22/2021,RCAS Cre U6 sgRNA Ex2 NF1,NA,N-TVA; Pten f/f; H11LSL-Cas9 f/f; Ink4a/Arf f/f; ATRX +/+,and head tumor,No,Brain and head tumor,NA,NA,NA,NA,NA,NA,1/20/2021,Brain and head tumor,1,NA,NA,NA,"looked like a domed head at first that manifested as a large head tumor. ... Mouse was healthy in all aspects except for head tumor that was reaching 2cm. Brain and tumor were FFPE, part of tumor was also frozen and used to grow a cell line from.",1
26038,RH,4/13/2021,F,N-TVA; Pten f/f; H11LSL-Cas9 f/f; Ink4a/Arf f/f; ATRX +/+,4/13/2021,1/26/2021,RCAS Cre U6 sgRNA Ex2 NF1,NA,N-TVA; Pten f/f; H11LSL-Cas9 f/f; Ink4a/Arf f/f; ATRX +/+,T1,No,"Brain, T1",NA,NA,NA,NA,NA,NA,1/24/2021,"Brain, T1",1,NA,NA,NA,"tiny mass on top of skull, could see some tissue is on opposite side (inside) of skull as well, fixed entire piece of skull with that possible beginning of a tumor, will need to decalify if submitting to histology",1
26039,RH,4/5/2021,M,N-TVA; Pten f/f; H11LSL-Cas9 f/f; Ink4a/Arf f/f; ATRX +/+,4/5/2021,1/26/2021,RCAS Cre U6 sgRNA Ex2 NF1,NA,N-TVA; Pten f/f; H11LSL-Cas9 f/f; Ink4a/Arf f/f; ATRX +/+,NA,No,Brain,NA,NA,NA,NA,NA,NA,1/24/2021,Brain,1,NA,NA,NA,"losing mobility in hind legs, fully paralyzed when it was sacked",1
26040,RH,4/22/2021,F,N-TVA; Pten f/f; H11LSL-Cas9 f/f; Ink4a/Arf f/f; ATRX +/+,4/22/2021,1/26/2021,RCAS Cre U6 sgRNA Ex2 NF1,NA,N-TVA; Pten f/f; H11LSL-Cas9 f/f; Ink4a/Arf f/f; ATRX +/+,NA,No,Brain,NA,NA,NA,NA,NA,NA,1/24/2021,Brain,1,NA,NA,NA,"Mouse was found dead. No sign of tumor upon necropsy. Behavior was first noted on 4/16, but mouse never appeared like it required euthanasia. Brain was able to be harvested in one piece.. ... behavior reported 4/16/21, eyes looking partially closed",0
26061,RH,5/5/2021,F,N-TVA; Pten f/f; H11LSL-Cas9 f/f; Ink4a/Arf f/f; ATRX +/+,5/5/2021,1/26/2021,RCAS Cre U6 sgRNA Ex2 NF1,NA,N-TVA; Pten f/f; H11LSL-Cas9 f/f; Ink4a/Arf f/f; ATRX +/+,NA,No,Brain,NA,NA,NA,NA,NA,NA,1/24/2021,Brain,1,NA,NA,NA,"lossing mobility, everything looked normal upon necropsy",0
26062,RH,4/26/2021,F,N-TVA; Pten f/f; H11LSL-Cas9 f/f; Ink4a/Arf f/f; ATRX +/+,4/26/2021,1/26/2021,RCAS Cre U6 sgRNA Ex2 NF1,NA,N-TVA; Pten f/f; H11LSL-Cas9 f/f; Ink4a/Arf f/f; ATRX +/+,NA,No,Brain,NA,NA,NA,NA,NA,NA,1/24/2021,Brain,1,NA,NA,NA,"tumor on shoulder noticed 4/23/21, found dead, brain was sort of mush, tumors also noticed on lower spinal cord after necropsy",1
26063,RH,4/26/2021,F,N-TVA; Pten f/f; H11LSL-Cas9 f/f; Ink4a/Arf f/f; ATRX +/+,4/26/2021,1/26/2021,RCAS Cre U6 sgRNA Ex2 NF1,NA,N-TVA; Pten f/f; H11LSL-Cas9 f/f; Ink4a/Arf f/f; ATRX +/+,NA,No,Brain,NA,NA,NA,NA,NA,NA,1/24/2021,Brain,1,NA,NA,NA,"dragging legs 4/26/21, no other sign of tumor",0
26064,RH,3/18/2021,F,N-TVA; Pten f/f; H11LSL-Cas9 f/f; Ink4a/Arf f/f; ATRX +/+,3/18/2021,10/19/2020,RCAS Cre-U6-sgRNA-NF1-Ex2,NA,N-TVA; Pten f/f; H11LSL-Cas9 f/f; Ink4a/Arf f/f; ATRX +/+,and head tumor,No,Brain and head tumor,NA,NA,NA,NA,NA,NA,10/19/2020,Brain and head tumor,1,NA,NA,NA,"large head tumor, no other symptoms. ... Brain appears normal, head tumor is outside of the skull, one piece was frozen, one piece was used to create a cell line, and the rest of the head tumor was fixed.",1
26065,RH,4/26/2021,F,N-TVA; Pten f/f; H11LSL-Cas9 f/f; Ink4a/Arf f/f; ATRX +/+,4/26/2021,1/26/2021,RCAS Cre U6 sgRNA Ex2 NF1,NA,N-TVA; Pten f/f; H11LSL-Cas9 f/f; Ink4a/Arf f/f; ATRX +/+,NA,No,Brain,NA,NA,NA,NA,NA,NA,1/24/2021,Brain,1,NA,NA,NA,"small bump noticed on top of head  on 4/15, showing more paralysis on 4/26/21, upon necropsy there was a top of head tumor which was small and only peeled off the skull with a piece of skull attached and fixed -T1. Tumor around the lower spinal cord was also minimal and used only to make a cell line - T2.",1
26066,RH,4/26/2021,M,N-TVA; Pten f/f; H11LSL-Cas9 f/f; Ink4a/Arf f/f; ATRX +/+,4/26/2021,1/26/2021,RCAS Cre U6 sgRNA Ex2 NF1,NA,N-TVA; Pten f/f; H11LSL-Cas9 f/f; Ink4a/Arf f/f; ATRX +/+,NA,No,Brain,NA,NA,NA,NA,NA,NA,1/24/2021,Brain,1,NA,NA,NA,"bulge noticed in scrotum and mouse is more emanciated than others in cage, it is a hernia, no sign of tumor",0
26067,RH,5/5/2021,M,N-TVA; Pten f/f; H11LSL-Cas9 f/f; Ink4a/Arf f/f; ATRX +/+,5/5/2021,1/26/2021,RCAS Cre U6 sgRNA Ex2 NF1,NA,N-TVA; Pten f/f; H11LSL-Cas9 f/f; Ink4a/Arf f/f; ATRX +/+,and neck tumors,No,"Brain, neck tumor (lymph node?)",NA,NA,NA,NA,NA,NA,1/24/2021,Brain and neck tumors,1,NA,NA,NA,"mouse was bloated with lots of gas built up in digestive tract, mouse was also acting less active and hunched over, there were 4 masses around the front and sides of the neck which were harvested for histology, freezing, and cell line - possibly lymph nodes given their symetry, brain has a little nub in the front of it that looked larger than normal",2
26068,RH,5/14/2021,M,N-TVA; Pten f/f; H11LSL-Cas9 f/f; Ink4a/Arf f/f; ATRX +/+,5/14/2021,1/26/2021,RCAS Cre U6 sgRNA Ex2 NF1,NA,N-TVA; Pten f/f; H11LSL-Cas9 f/f; Ink4a/Arf f/f; ATRX +/+,"cranial nerve tumor (T1), and spinal cord tumor (T2)",No,Brain,NA,NA,NA,NA,NA,NA,1/24/2021,"Brain, cranial nerve tumor (T1), and spinal cord tumor (T2)",1,NA,NA,NA,"mouse is paralyzed with a partially closed left eye, upon necropsy there is an enlarged cranial nerve on both sides, which was only used for a cell line (T1). There was also a tumor found on the spinal cord (T2) also just used for cell line.",1
26069,RH,6/14/2021,M,N-TVA; Pten f/f; H11LSL-Cas9 f/f; Ink4a/Arf f/f; ATRX +/+,6/14/2021,12/30/2021,RCAS Cre-U6sgRNA-ex2-NF1,NA,N-TVA; Pten f/f; H11LSL-Cas9 f/f; Ink4a/Arf f/f; ATRX +/+,NA,No,Brain,NA,NA,NA,NA,NA,NA,1/25/2021,Brain,1,NA,NA,NA,"Found dead. Noticed lower spine tumor on 6/9, lost mobility on 6/11, paralyzed on 6/12.",1
26137,RH,4/5/2021,F,N-TVA; Pten f/f; H11LSL-Cas9 f/f; Ink4a/Arf f/f; ATRX +/+,4/5/2021,2/2/2021,RCAS Cre U6 sgRNA Ex2 NF1,NA,N-TVA; Pten f/f; H11LSL-Cas9 f/f; Ink4a/Arf f/f; ATRX +/+,NA,No,Brain,NA,NA,NA,NA,NA,NA,1/31/2021,Brain,1,NA,NA,NA,"Found dead on a Monday, so could have died up to 3 days earlier. Brain was sort of mushy, so it was not in the best condition, but was able to be removed for histology. No other signs of tumor.",2
26139,RH,5/5/2021,M,N-TVA; Pten f/f; H11LSL-Cas9 f/f; Ink4a/Arf f/f; ATRX +/+,5/5/2021,2/2/2021,RCAS Cre U6 sgRNA Ex2 NF1,NA,N-TVA; Pten f/f; H11LSL-Cas9 f/f; Ink4a/Arf f/f; ATRX +/+,"neck tumor (lyph node?) T1, cranial nerve mush under brain (T2)",No,"Brain, T1",NA,NA,NA,NA,NA,NA,1/31/2021,"Brain, neck tumor (lyph node?) T1, cranial nerve mush under brain (T2)",1,NA,NA,NA,"bloated looking due to gut full of gas, breathing heavy, enlarged masses around neck (T1) similar to 26067 (may be lymph nodes, might have missed these in previous mice) - these were fixed, frozen and used for a cell line, Also had a mushy mass under the brain (T2) which was used for a cell line",1
26140,RH,7/1/2021,F,N-TVA; Pten f/f; H11LSL-Cas9 f/f; Ink4a/Arf f/f; ATRX +/+,7/1/2021,2/2/2021,RCAS Cre-U6-sgRNA-Ex2-NF1,NA,N-TVA; Pten f/f; H11LSL-Cas9 f/f; Ink4a/Arf f/f; ATRX +/+,cranial nerve tumor,No,"Brain, cranial nerve tumor",NA,NA,NA,NA,NA,NA,1/31/2021,"Brain, cranial nerve tumor",1,NA,NA,NA,"mouse appeared normal prior to necropsy, brain was being pushed from a large tumor underneith that was attached to the base of the cranial cavity, possibly from a cranial nerve (right side), a photo was taken. Tumor was very firm and white looking, It was split 3 ways for freezing, cell line, and fixing. I included the tumor along with the brain in the same parafin block.",1
26141,RH,5/17/2021,M,N-TVA; Pten f/f; H11LSL-Cas9 f/f; Ink4a/Arf f/f; ATRX +/+,5/14/2021,2/2/2021,RCAS Cre U6 sgRNA Ex2 NF1,NA,N-TVA; Pten f/f; H11LSL-Cas9 f/f; Ink4a/Arf f/f; ATRX +/+,cranial nerve tumor,No,Brain,NA,NA,NA,NA,NA,NA,1/31/2021,"Brain, cranial nerve tumor",1,NA,NA,NA,"mouse had a domed head, was hunched over, not grooming, and breathing heavy, there was a massive tumor under the brain and attached to the base of the cranial cavity, froze portion of tumor and used for cell line.",1
26142,RH,4/29/2021,M,N-TVA; Pten f/f; H11LSL-Cas9 f/f; Ink4a/Arf f/f; ATRX +/+,4/29/2021,2/2/2021,RCAS Cre U6 sgRNA Ex2 NF1,NA,N-TVA; Pten f/f; H11LSL-Cas9 f/f; Ink4a/Arf f/f; ATRX +/+,NA,No,Brain,NA,NA,NA,NA,NA,NA,1/31/2021,Brain,1,NA,NA,NA,"starting to drag hind legs on 4/26/21, noticed left eye not fully open on 4/27/21, weeker and more emanciated than the cagemates so sacked before I find it dead, nothing abnormal noticed upon necropsy",0
26143,RH,6/23/2021,M,N-TVA; Pten f/f; H11LSL-Cas9 f/f; Ink4a/Arf f/f; ATRX +/+,6/23/2021,2/2/2021,RCAS Cre-U6sgRNA-ex2-NF1,NA,N-TVA; Pten f/f; H11LSL-Cas9 f/f; Ink4a/Arf f/f; ATRX +/+,NA,No,Brain,NA,NA,NA,No,NA,NA,1/31/2021,Brain,1,NA,NA,NA,"mouse is puffy, not moving around much, slow breathing. ... Brain looked uncharacteristically white and it did not separate from the skull cleanly",0
26274,RH,5/26/2021,F,N-TVA; Pten f/f; H11LSL-Cas9 f/f; Ink4a/Arf f/f; ATRX +/+,5/26/2021,12/22/2020,RCAS Cre U6 sgRNA Ex2 NF1,NA,N-TVA; Pten f/f; H11LSL-Cas9 f/f; Ink4a/Arf f/f; ATRX +/+,spine tumor,No,"Brain, spine tumor",NA,NA,NA,NA,NA,NA,2/19/2021,"Brain, spine tumor",1,NA,NA,NA,"tumor noticed on base of spine, no other symptom or abnormality observed after necropsy, part of tumor was fixed, part was used for a cell line, and part was frozen",1
26275,RH,5/5/2021,F,N-TVA; Pten f/f; H11LSL-Cas9 f/f; Ink4a/Arf f/f; ATRX +/+,5/5/2021,2/21/2021,RCAS Cre U6 sgRNA Ex2 NF1,NA,N-TVA; Pten f/f; H11LSL-Cas9 f/f; Ink4a/Arf f/f; ATRX +/+,NA,No,Brain,NA,NA,NA,NA,NA,NA,2/19/2021,Brain,1,NA,NA,NA,"hunched, emanciated, partial paralysis, brain looked a little puffy",0
26276,RH,5/17/2021,F,N-TVA; Pten f/f; H11LSL-Cas9 f/f; Ink4a/Arf f/f; ATRX +/+,5/17/2021,2/21/2021,RCAS Cre U6 sgRNA Ex2 NF1,NA,N-TVA; Pten f/f; H11LSL-Cas9 f/f; Ink4a/Arf f/f; ATRX +/+,"spinal cord tumor (T1), head tumor (T2)",No,"Brain, T1",NA,NA,NA,NA,NA,NA,2/19/2021,"Brain, spinal cord tumor (T1), head tumor (T2)",1,NA,NA,NA,"tumor observable on the base of spine (T1), mouse is showing partial paralysis in hind legs, also small head tumor developing (T2), froze and made cell lines of each tumor and fixed part of T1.",1
26277,RH,5/5/2021,F,N-TVA; Pten f/f; H11LSL-Cas9 f/f; Ink4a/Arf f/f; ATRX +/+,5/5/2021,2/21/2021,RCAS Cre U6 sgRNA Ex2 NF1,NA,N-TVA; Pten f/f; H11LSL-Cas9 f/f; Ink4a/Arf f/f; ATRX +/+,NA,No,Brain,NA,NA,NA,NA,NA,NA,2/19/2021,Brain,1,NA,NA,NA,"hunched back, becoming paralyzed, brain looked a little puffy with a possible whiter section on the bottom",0
26278,RH,4/23/2021,F,N-TVA; Pten f/f; H11LSL-Cas9 f/f; Ink4a/Arf f/f; ATRX +/+,4/23/2021,2/21/2021,RCAS Cre U6 sgRNA Ex2 NF1,NA,N-TVA; Pten f/f; H11LSL-Cas9 f/f; Ink4a/Arf f/f; ATRX +/+,NA,No,Brain,NA,NA,NA,NA,NA,NA,2/19/2021,Brain,1,NA,NA,NA,"mouse was observed to be partially paralyzed, and I didn't want to leave it over the weekend. Nothing looked abnormal upon necropsy. ... behavior reported 4/23/21, partially paralyzed on hind legs",0
26279,RH,4/13/2021,F,N-TVA; Pten f/f; H11LSL-Cas9 f/f; Ink4a/Arf f/f; ATRX f/f,4/13/2021,2/21/2021,RCAS Cre U6 sgRNA Ex2 NF1,NA,N-TVA; Pten f/f; H11LSL-Cas9 f/f; Ink4a/Arf f/f; ATRX f/f,T1,No,"Brain, T1",NA,NA,NA,NA,NA,NA,2/19/2021,"Brain, T1",1,NA,NA,NA,"head tumor observed, so sacked before it got too big, made cell line with it, froze a piece and fixed it. Tumor was first observed within 5 days of 4/13, but exact date was not recorded.",1
26280,RH,5/5/2021,M,N-TVA; Pten f/f; H11LSL-Cas9 f/f; Ink4a/Arf f/f; ATRX +/+,5/5/2021,2/21/2021,RCAS Cre U6 sgRNA Ex2 NF1,NA,N-TVA; Pten f/f; H11LSL-Cas9 f/f; Ink4a/Arf f/f; ATRX +/+,cranial nerve,No,Brain,NA,NA,NA,NA,NA,NA,2/19/2021,"Brain, cranial nerve",1,NA,NA,NA,"mouse was bloated and looks like it is full of gas, there was an enlarged cranial nerve that was just kept for making a cell line with",0
26281,RH,5/19/2021,M,N-TVA; Pten f/f; H11LSL-Cas9 f/f; Ink4a/Arf f/f; ATRX +/+,5/17/2021,2/21/2021,RCAS Cre U6 sgRNA Ex2 NF1,NA,N-TVA; Pten f/f; H11LSL-Cas9 f/f; Ink4a/Arf f/f; ATRX +/+,cranial nerve tumor,No,Brain,NA,NA,NA,NA,NA,NA,2/19/2021,"Brain, cranial nerve tumor",1,NA,NA,NA,"partially paralyzed on hind legs, mass observed on base of cranial cavity between the cranial nerves, used for a cell line, brain may have looked a little puffy",2
26282,RH,5/17/2021,M,N-TVA; Pten f/f; H11LSL-Cas9 f/f; Ink4a/Arf f/f; ATRX +/+,5/14/2021,2/21/2021,RCAS Cre U6 sgRNA Ex2 NF1,NA,N-TVA; Pten f/f; H11LSL-Cas9 f/f; Ink4a/Arf f/f; ATRX +/+,NA,No,Brain,NA,NA,NA,NA,NA,NA,2/19/2021,Brain,1,NA,NA,NA,"mouse was paralyzed, but nothing looked abnormal after necropsy",0
26305,RH,5/10/2021,F,N-TVA; Pten f/f; H11LSL-Cas9 f/f; Ink4a/Arf f/f; ATRX f/f,5/10/2021,2/21/2021,RCAS Cre U6 sgRNA Ex2 NF1,NA,N-TVA; Pten f/f; H11LSL-Cas9 f/f; Ink4a/Arf f/f; ATRX f/f,cranial nerve tumor,No,"Brain, cranial nerve tumor",NA,NA,NA,NA,NA,NA,2/21/2021,"Brain, cranial nerve tumor",1,NA,NA,NA,"mouse was hunched over, not moving much, and looked emanciated/sick, upon necropsy there was a large tumor under the brain that was not attached to the brain, but it was difficult to remove from the bottom of the cranial cavity, this is possibly growing from the left cranial nerve",1
26307,RH,4/13/2021,M,N-TVA; Pten f/f; H11LSL-Cas9 f/f; Ink4a/Arf f/f; ATRX f/f,4/13/2021,2/21/2021,RCAS Cre U6 sgRNA Ex2 NF1,NA,N-TVA; Pten f/f; H11LSL-Cas9 f/f; Ink4a/Arf f/f; ATRX f/f,T1,No,"Brain, T1",NA,NA,NA,NA,NA,NA,2/21/2021,"Brain, T1",1,NA,NA,NA,"mouse was sort of small and had a small tumor on head. Knowing what happens to older mice, as the tumor just gets bigger and it will be harder to remove brain, this mouse could have lived longer though, froze part of tumor, fixed part of tumor and made cell line from part of tumor, tumor first noticed within 5 days of 4/13, but exact date wasn't recorded",1
26308,RH,5/19/2021,M,N-TVA; Pten f/f; H11LSL-Cas9 f/f; Ink4a/Arf f/f; ATRX f/f,5/17/2021,2/21/2021,RCAS Cre U6 sgRNA Ex2 NF1,NA,N-TVA; Pten f/f; H11LSL-Cas9 f/f; Ink4a/Arf f/f; ATRX f/f,NA,No,Brain,NA,NA,NA,NA,NA,NA,2/19/2021,Brain,1,NA,NA,NA,"partially paralyzed in hind legs, everything else looked normal",0
26310,RH,4/13/2021,M,N-TVA; Pten f/f; H11LSL-Cas9 f/f; Ink4a/Arf f/f; ATRX f/f,4/13/2021,2/21/2021,RCAS Cre U6 sgRNA Ex2 NF1,NA,N-TVA; Pten f/f; H11LSL-Cas9 f/f; Ink4a/Arf f/f; ATRX f/f,T1,No,"Brain, T1",NA,NA,NA,NA,NA,NA,2/21/2021,"Brain, T1",1,NA,NA,NA,"mouse was small and a little emanciated or underdeveloped, and had a small tumor on head. Knowing what happens to older mice, as the tumor just gets bigger and it will be harder to remove brain, this mouse could have lived longer though, froze part of tumor, fixed part of tumor and made cell line from part of tumor, tumor first noticed within 5 days of 4/13, but exact date wasn't recorded",1
26311,RH,4/13/2021,M,N-TVA; Pten f/f; H11LSL-Cas9 f/f; Ink4a/Arf f/f; ATRX f/f,4/13/2021,2/21/2021,RCAS Cre U6 sgRNA Ex2 NF1,NA,N-TVA; Pten f/f; H11LSL-Cas9 f/f; Ink4a/Arf f/f; ATRX f/f,T1,No,"Brain, T1",NA,NA,NA,NA,NA,NA,2/21/2021,"Brain, T1",1,NA,NA,NA,"mouse was small and a little emanciated or underdeveloped, and had a small tumor on head. Knowing what happens to older mice, as the tumor just gets bigger and it will be harder to remove brain, this mouse could have lived longer though, froze part of tumor, fixed part of tumor and made cell line from part of tumor, tumor first noticed within 5 days of 4/13, but exact date wasn't recorded",1
28200,KC,1/30/2022,M,N-TVA::Ptenf/f;Atrx+/+;Cas9f/f;Inkf/f,1/30/2022,10/14/2021,RCAS Cre-U6sgRNA-ex2-NF1,NA,N-TVA::Ptenf/f;Atrx+/+;Cas9f/f;Inkf/f,T1,No,"Brain, Lungs, Liver, T1",NA,NA,NA,NA,NA,NA,10/12/2021,"Brain, Lungs, Liver, T1",1,NA,1,1,"Lethargic, red discharge around eye. ... intracranial tumor, under left hemisphere, appears to be an optic tumor, sacked for lethargy and red discharge around eye, tumor was attached to skull, all other organs appeared normal. ... 1/20/22 lethargic and red discharge around eye",1
28202,RE,12/27/2021,M,N-TVA::Ptenf/f;Atrx+/+;Cas9f/f;Inkf/f,12/27/2021,10/14/2021,RCAS Cre-U6sgRNA-ex2-NF1,NA,N-TVA::Ptenf/f;Atrx+/+;Cas9f/f;Inkf/f,T1,No,"Brain, Lungs, Liver, T1",NA,NA,NA,NA,NA,NA,10/12/2021,"Brain, Lungs, Liver, T1",1,NA,1,1,"intracranial tumor, sacked for tumor burden. Left frontal lobe was caved in from tumor. Tumor was attached to skull. Slice of tumor was cryopreserved. Liver had blood clot, lungs looked normal.",1
28203,RE,1/3/2022,F,N-TVA::Ptenf/f;Atrxf/f;Cas9f/f;Inkf/f,1/3/2022,10/13/2021,RCAS Cre-U6sgRNA-ex2-NF1,NA,N-TVA::Ptenf/f;Atrxf/f;Cas9f/f;Inkf/f,T1,No,"T1, Brain, Lungs, Liver",NA,NA,NA,NA,NA,NA,10/12/2021,"T1, Brain, Lungs, Liver",1,NA,1,1,"Little Mobility in back legs,Trouble breathing,Red, sunken eyes,Extremely Underweight. ... Red, sunken eyes, possible blood clot on the liver, extracranial tumor, soft brain, little mobility on back legs, extremely underweight, normal lungs",1
28204,RE,1/3/2021,M,N-TVA::Ptenf/f;Atrxf/f;Cas9f/f;Inkf/f,1/3/2022,10/14/2021,RCAS Cre-U6sgRNA-ex2-NF1,NA,N-TVA::Ptenf/f;Atrxf/f;Cas9f/f;Inkf/f,NA,No,"Brain, Lungs, Liver",NA,NA,NA,NA,NA,NA,10/12/2021,"Brain, Lungs, Liver",1,NA,1,1,"Red, Sunken Eyes,Head bulge. ... Red, sunken eyes, head bulge, soft skull, fat on heart, no obs. Tumor, possible blood clot on liver",0
28205,RE,1/3/2021,M,N-TVA::Ptenf/f;Atrxf/f;Cas9f/f;Inkf/f,1/3/2022,10/14/2021,RCAS Cre-U6sgRNA-ex2-NF1,NA,N-TVA::Ptenf/f;Atrxf/f;Cas9f/f;Inkf/f,NA,No,"Brain, Lungs, Liver",NA,NA,NA,NA,NA,NA,10/12/2021,"Brain, Lungs, Liver",1,NA,1,1,"Complete Lower Paralysis,Swollen Cheeks,Large back hump. ... Complete lower paralysis, swollen cheeks, large hump on the back, thin skull, possible blood clot on the liver",0
28207,KC,12/16/2021,M,N-TVA::Ptenf/f;Atrx+/+;Cas9f/f;Inkf/f,12/15/2021,10/14/2021,RCAS Cre-U6sgRNA-ex2-NF1,NA,N-TVA::Ptenf/f;Atrx+/+;Cas9f/f;Inkf/f,T1,No,"Brain, Lungs, Liver, T1",NA,NA,NA,NA,NA,NA,10/12/2021,"Brain, Lungs, Liver, T1",1,NA,1,1,"Tumor was on top of head, but did not go into the skull. The skull was intact and brain appeared normal. Lungs and Liver appeared normal",1
28208,RE,12/22/2021,M,N-TVA::Ptenf/f;Atrx+/+;Cas9f/f;Inkf/f,12/22/2021,10/14/2021,RCAS Cre-U6sgRNA-ex2-NF1,NA,N-TVA::Ptenf/f;Atrx+/+;Cas9f/f;Inkf/f,"T1, T2, T3",No,"Brain, Lungs, Liver, T1, T2, T3",NA,NA,NA,NA,NA,NA,10/12/2021,"Brain, Lungs, Liver, T1, T2, T3",1,NA,1,1,"extracranial tumor, sacked for tumor burden. Little movement, squinted eyes. Possible blood clot on the liver. 2 extra possible tumors: one close to the kindeys, the other close to the lower intestines (bladder?)",1
28526,KC,3/7/2022,F,N-TVA::Ptenf/f;Atrxf/f;Cas9f/f;Inkf/f,3/7/2022,10/20/2021,RCAS Cre + RCAS proHBEGF,NA,N-TVA::Ptenf/f;Atrxf/f;Cas9f/f;Inkf/f,NA,No,"Brain, Lungs, Liver",NA,NA,NA,No,NA,NA,11/11/2021,"Brain, Lungs, Liver",1,NA,1,1,"Glioma, tumor was so large that there was a change of shape to the skull, tumor was attached to the optic nerve. ... No visible head tumor, bulging eyeball,Hunched posture. ... Swollen brain, blood in the skull prior to skull incision, large tumor under brain attached to optic nerve",1
28527,KC,1/20/2022,F,N-TVA::Ptenf/f;Atrxf/f;Cas9f/f;Inkf/f,1/20/2022,10/20/2021,RCAS Cre-U6sgRNA-ex2-NF1,NA,N-TVA::Ptenf/f;Atrxf/f;Cas9f/f;Inkf/f,NA,No,"Brain, Lungs, Liver",NA,NA,NA,No,NA,NA,11/11/2021,"Brain, Lungs, Liver",1,NA,1,1,"Large head tumor, could barely open eyes,Weight loss. ... Large head tumor, skull was friable but there was no evidence of invasion into the brain from the head tumor,All other organs appeared normal",1
28528,KC,2/28/2022,F,N-TVA::Ptenf/f;Atrxf/f;Cas9f/f;Inkf/f,3/23/2022,10/20/2021,RCAS Cre + RCAS proHBEGF,NA,N-TVA::Ptenf/f;Atrxf/f;Cas9f/f;Inkf/f,NA,No,"Brain, Lungs, Liver",NA,NA,NA,No,NA,NA,11/11/2021,"Brain, Lungs, Liver",1,NA,1,1,"Potentially. Nothing visible, but symptoms consistent with glioma. ... Sqiunted eyes,Lack of mobility,general malaise. ... Swollen brain, watery and soft. Lungs and liver looked healthy.,No primary tumor visible",2
28529,KC,2/28/2022,F,N-TVA::Ptenf/f;Atrxf/f;Cas9f/f;Inkf/f,2/28/2022,10/20/2021,RCAS Cre + RCAS proHBEGF,NA,N-TVA::Ptenf/f;Atrxf/f;Cas9f/f;Inkf/f,NA,No,"Brain, Lungs, Liver",NA,NA,NA,No,NA,NA,11/11/2021,"Brain, Lungs, Liver",1,NA,1,1,"Glioma, tumor was so large that there was a change of shape to the skull, and paralysis present. ... Visible head tumor,Back leg paralysis. ... Swollen brain, blood in the skull prior to skull incision",1
28530,RF,2/15/2022,M,N-TVA::Ptenf/f;Atrxf/f;Cas9f/f;Inkf/f,2/15/2022,10/20/2021,RCAS Cre + RCAS proHBEGF,NA,N-TVA::Ptenf/f;Inkf/f,NA,No,"Brain, Lungs, Liver",NA,NA,NA,No,NA,NA,11/11/2021,"Brain, Lungs, Liver",1,NA,1,1,"Glioma, no tumor visible but paralysis present. ... No visible tumor,Back leg paralysis. ... Swollen brain, blood in the skull prior to skull incision",1
28531,RF,2/15/2022,M,N-TVA::Ptenf/f;Atrxf/f;Cas9f/f;Inkf/f,2/15/2022,10/20/2021,RCAS Cre + RCAS proHBEGF,NA,N-TVA::Ptenf/f;Inkf/f,NA,No,"Brain, Lungs, Liver",NA,NA,NA,No,NA,NA,11/11/2021,"Brain, Lungs, Liver",1,NA,1,1,"Glioma, no tumor visible but paralysis present. ... No visible tumor,Back leg paralysis,Stopped grooming, looked unwell. ... Swollen brain, blood in the skull prior to skull incision,Brain was incredibly soft, difficult to remove,anatomy looked otherwise healthy",1
28532,JP,1/13/2022,M,N-TVA::Ptenf/f;Atrxf/f;Cas9f/f;Inkf/f,1/13/2022,10/20/2021,RCAS Cre + RCAS proHBEGF,NA,N-TVA::Ptenf/f;Inkf/f,NA,No,"Brain, Lungs, Liver",NA,NA,NA,No,NA,NA,11/11/2021,"Brain, Lungs, Liver",1,NA,1,1,Glioma. ... No visible tumor. ... No tumor was noted,1
28708,KC,6/7/2022,F,N-TVA::Cas9f/f,6/7/2022,12/3/2022,RCAS Cre-U6sgRNA-ex2-NF1,NA,N-TVA::Cas9f/f,NA,No,"Brain, Lungs, Liver",NA,NA,NA,NA,NA,NA,12/1/2021,"Brain, Lungs, Liver",1,NA,1,1,"Sacked for end date. ... All organs appeared normal, no tumor noted",0
28709,KC,6/7/2022,M,N-TVA::Cas9f/f,6/7/2022,12/3/2021,RCAS Cre-U6sgRNA-ex2-NF1,NA,N-TVA::Cas9f/f,NA,No,"Brain, Lungs, Liver",NA,NA,NA,NA,NA,NA,12/1/2021,"Brain, Lungs, Liver",1,NA,1,1,"Sacked for end date. ... All organs appeared normal, no tumor noted",0
28710,KC,6/7/2022,M,N-TVA::Cas9f/f,6/7/2022,12/3/2021,RCAS Cre-U6sgRNA-ex2-NF1,NA,N-TVA::Cas9f/f,NA,No,"Brain, Lungs, Liver",NA,NA,NA,NA,NA,NA,12/1/2021,"Brain, Lungs, Liver",1,NA,1,1,"Sacked for end date. ... All organs appeared normal, no tumor noted",0
28780,KC,6/7/2022,F,N-TVA::Cas9f/f,6/7/2022,12/7/2022,RCAS Cre-U6sgRNA-ex2-NF1,NA,N-TVA::Cas9f/f,NA,No,"Brain, Lungs, Liver",NA,NA,NA,NA,NA,NA,12/6/2021,"Brain, Lungs, Liver",1,NA,1,1,"Sacked for end date. ... All organs appeared normal, no tumor noted, some hunching",0
28781,KC,6/7/2022,M,N-TVA::Cas9f/f,6/7/2022,12/7/2021,RCAS Cre-U6sgRNA-ex2-NF1,NA,N-TVA::Cas9f/f,NA,No,"Brain, Lungs, Liver",NA,NA,NA,NA,NA,NA,12/6/2021,"Brain, Lungs, Liver",1,NA,1,1,"Sacked for end date. ... All organs appeared normal, no tumor noted",0
28782,KC,6/7/2022,M,N-TVA::Cas9f/f,6/7/2022,12/7/2021,RCAS Cre-U6sgRNA-ex2-NF1,NA,N-TVA::Cas9f/f,NA,No,"Brain, Lungs, Liver",NA,NA,NA,NA,NA,NA,12/6/2021,"Brain, Lungs, Liver",1,NA,1,1,"Sacked for end date. ... All organs appeared normal, no tumor noted",0
28783,KC,6/7/2022,M,N-TVA::Cas9f/f,6/7/2022,12/7/2021,RCAS Cre-U6sgRNA-ex2-NF1,NA,N-TVA::Cas9f/f,NA,No,"Brain, Lungs, Liver",NA,NA,NA,NA,NA,NA,12/6/2021,"Brain, Lungs, Liver",1,NA,1,1,"Sacked for end date. ... All organs appeared normal, no tumor noted",0
28784,KC,6/7/2022,M,N-TVA::Cas9f/f,6/7/2022,12/7/2021,RCAS Cre-U6sgRNA-ex2-NF1,NA,N-TVA::Cas9f/f,NA,No,"Brain, Lungs, Liver",NA,NA,NA,NA,NA,NA,12/6/2021,"Brain, Lungs, Liver",1,NA,1,1,"Sacked for end date. ... All organs appeared normal, no tumor noted",0
29161,RE,3/15/2022,F,N-TVA::Cas9f/f,3/15/2022,1/20/2022,RCAS Cre + RCAS proHBEGF,NA,N-TVA::Cas9f/f,NA,No,"Brain, Lungs, Liver",NA,NA,NA,No,NA,NA,1/18/2022,"Brain, Lungs, Liver",1,NA,1,1,"Head twitching back and forth,Very hunched posture,Slow moving. ... Lost weight, extreme hunchback, head twitching, slow moving. Soft skull and brain. No obs. Tumor, no other CNS tumor found",0
29162,RE,3/15/2022,F,N-TVA::Cas9f/f,3/15/2022,1/20/2022,RCAS Cre + RCAS proHBEGF,NA,N-TVA::Cas9f/f,NA,No,"Brain, Lungs, Liver",NA,NA,NA,No,NA,NA,1/18/2022,"Brain, Lungs, Liver",1,NA,1,1,"lethargic, slow movement,squinted eye,hunched back. ... Lost weight, mild hunchback, slow moving. Soft skull and brain. No obs. Tumor, no other CNS tumor found. Enlarged optic nerve",0
29163,KC,6/21/2022,M,N-TVA::Cas9f/f,6/21/2022,1/20/2022,RCAS Cre-U6sgRNA-ex2-NF1,NA,N-TVA::Cas9f/f,NA,No,"Brain, Optic Nerves",NA,NA,NA,NA,NA,NA,1/18/2022,"Brain, Optic Nerves",1,1,NA,NA,"Sacked for end date. ... All organs appeared normal, no tumor noted",0
29164,KC,6/21/2022,M,N-TVA::Cas9f/f,6/21/2022,1/20/2022,RCAS Cre-U6sgRNA-ex2-NF1,NA,N-TVA::Cas9f/f,NA,No,"Brain, Optic Nerves",NA,NA,NA,NA,NA,NA,1/18/2022,"Brain, Optic Nerves",1,1,NA,NA,"Sacked for end date. ... Brain was soft, all other organs appeared normal, no tumor noted",0
29165,KC,6/21/2022,M,N-TVA::Cas9f/f,6/21/2022,1/20/2022,RCAS Cre-U6sgRNA-ex2-NF1,NA,N-TVA::Cas9f/f,NA,No,"Brain, Optic Nerves",NA,NA,NA,NA,NA,NA,1/18/2022,"Brain, Optic Nerves",1,1,NA,NA,"Sacked for end date. ... All organs appeared normal, no tumor noted",0
29166,KC,6/21/2022,M,N-TVA::Cas9f/f,6/21/2022,1/20/2022,RCAS Cre-U6sgRNA-ex2-NF1,NA,N-TVA::Cas9f/f,NA,No,"Brain, Optic Nerves",NA,NA,NA,NA,NA,NA,1/18/2022,"Brain, Optic Nerves",1,1,NA,NA,"Sacked for end date. ... All organs appeared normal, no tumor noted",0
29338,GP,7/19/2022,M,N-TVA::Cas9f/f;Inkf/f,7/19/2022,2/10/2022,RCAS Cre-U6sgRNA-ex2-NF1,NA,N-TVA::Cas9f/f;Inkf/f,NA,No,Yes,"HCI-22-29388 ON, HCI-22-29388 B",NA,yes,NA,Yes,Intracranial,2/9/2022,"Brain, optic nerve",1,1,NA,NA,"Sac for end date. ... No signs of disease. Brain, optic nerve, and all organs appeared normal.,Brain and optic nerve collected for histology.",0
29385,KC,7/19/2022,F,N-TVA::Cas9f/f;Inkf/f,7/19/2022,2/10/2022,RCAS Cre-U6sgRNA-ex2-NF1,NA,N-TVA::Cas9f/f;Inkf/f,NA,No,Yes,"HCI-22-29385 ON, HCI-22-29385 B",NA,yes,NA,Yes,Intracranial,2/9/2022,"Brain, optic nerve",1,1,NA,NA,"Sac for end date. ... No signs of disease. Brain, optic nerve, and all organs appeared normal.,Brain and optic nerve collected for histology.",0
29386,KC,7/19/2022,F,N-TVA::Cas9f/f;Inkf/f,7/19/2022,2/10/2022,RCAS Cre-U6sgRNA-ex2-NF1,NA,N-TVA::Cas9f/f;Inkf/f,NA,No,Yes,"HCI-22-29386 ON, HCI-22-29386 B",NA,yes,NA,Yes,Intracranial,2/9/2022,"Brain, optic nerve",1,1,NA,NA,"Sac for end date. ... No signs of disease. Brain, optic nerve, and all organs appeared normal.,Brain and optic nerve collected for histology.",0
29387,RE,4/5/2022,M,N-TVA::Cas9f/f;Inkf/f,4/5/2022,2/10/2022,RCAS Cre-U6sgRNA-ex2-NF1,NA,N-TVA::Cas9f/f;Inkf/f,NA,No,Brain,NA,NA,NA,NA,NA,NA,2/9/2022,Brain,1,NA,NA,NA,"head bulge, hunched back, ruffled fur. Upon necropsy, likely from hydrocephalus. Brain was like a deflated balloon, and fluid flowed from the skull upon dissection. Will submit to histology for confirmation",1
29397,KC,7/19/2022,F,N-TVA::Cas9f/f,7/19/2022,2/10/2022,RCAS Cre-U6sgRNA-ex2-NF1,NA,N-TVA::Cas9f/f,NA,No,Yes,"HCI-22-29397 ON, HCI-22-29397 B",NA,yes,NA,Yes,Intracranial,2/10/2022,"Brain, optic nerve",1,1,NA,NA,"Sac for end date. ... No signs of disease. Brain, optic nerve, and all organs appeared normal.,Brain and optic nerve collected for histology.",0
29398,KC,7/19/2022,F,N-TVA::Cas9f/f,7/19/2022,2/10/2022,RCAS Cre-U6sgRNA-ex2-NF1,NA,N-TVA::Cas9f/f,NA,No,Yes,"HCI-22-29398 ON, HCI-22-29398 B",NA,yes,NA,Yes,Intracranial,2/10/2022,"Brain, optic nerve",1,1,NA,NA,"Sac for end date. ... No signs of disease. Brain, optic nerve, and all organs appeared normal.,Brain and optic nerve collected for histology.",0
29399,KC,7/19/2022,F,N-TVA::Cas9f/f,7/19/2022,2/10/2022,RCAS Cre-U6sgRNA-ex2-NF1,NA,N-TVA::Cas9f/f,NA,No,Yes,"HCI-22-29399 ON, HCI-22-29399 B",NA,yes,NA,Yes,Intracranial,2/10/2022,"Brain, optic nerve",1,1,NA,NA,"Sac for end date. ... No signs of disease. Brain, optic nerve, and all organs appeared normal.,Brain and optic nerve collected for histology.",0
29400,KC,7/19/2022,F,N-TVA::Cas9f/f,7/19/2022,2/10/2022,RCAS Cre-U6sgRNA-ex2-NF1,NA,N-TVA::Cas9f/f,NA,No,Yes,"HCI-22-29400 ON, HCI-22-29400 B",NA,yes,NA,Yes,Intracranial,2/10/2022,"Brain, optic nerve",1,1,NA,NA,"Sac for end date. ... No signs of disease. Brain, optic nerve, and all organs appeared normal.,Brain and optic nerve collected for histology.",0
29401,KC,7/19/2022,F,N-TVA::Cas9f/f,7/19/2022,2/10/2022,RCAS Cre-U6sgRNA-ex2-NF1,NA,N-TVA::Cas9f/f,NA,No,Yes,NA,NA,yes,NA,Yes,Intracranial,2/10/2022,"Brain, optic nerve",1,1,NA,NA,"Sac for end date. ... No signs of disease. Brain, optic nerve, and all organs appeared normal.,Brain and optic nerve collected for histology.",0
29403,KC,7/19/2022,M,N-TVA::Cas9f/f,7/19/2022,2/10/2022,RCAS Cre-U6sgRNA-ex2-NF1,NA,N-TVA::Cas9f/f,NA,No,Yes,"HCI-22-29403 ON, HCI-22-29403 B",NA,yes,NA,Yes,Intracranial,2/10/2022,"Brain, optic nerve",1,1,NA,NA,"Sac for end date. ... No signs of disease. Brain, optic nerve, and all organs appeared normal.,Brain and optic nerve collected for histology.",0
29404,KC,7/19/2022,M,N-TVA::Cas9f/f,7/19/2022,2/10/2022,RCAS Cre-U6sgRNA-ex2-NF1,NA,N-TVA::Cas9f/f,NA,No,Yes,"HCI-22-29404 ON, HCI-22-29404 B",NA,yes,NA,Yes,Intracranial,2/10/2022,"Brain, optic nerve",1,1,NA,NA,"Sac for end date. ... No signs of disease. Brain, optic nerve, and all organs appeared normal.,Brain and optic nerve collected for histology.",0
29405,KC,7/19/2022,M,N-TVA::Cas9f/f,7/19/2022,2/10/2022,RCAS Cre-U6sgRNA-ex2-NF1,NA,N-TVA::Cas9f/f,NA,No,Yes,"HCI-22-29405 ON, HCI-22-29405 B",NA,yes,NA,Yes,Intracranial,2/10/2022,"Brain, optic nerve",1,1,NA,NA,"Sac for end date. ... No signs of disease. Brain, optic nerve, and all organs appeared normal.,Brain and optic nerve collected for histology.",0
29406,KC,7/19/2022,F,N-TVA::Cas9f/f;Inkf/f,7/19/2022,2/10/2022,RCAS Cre-U6sgRNA-ex2-NF1,NA,N-TVA::Cas9f/f;Inkf/f,NA,No,Yes,"HCI-22-29406 ON, HCI-22-29406 B",NA,yes,NA,Yes,Intracranial,2/10/2022,"Brain, optic nerve",1,1,NA,NA,"Sac for end date. ... No signs of disease. Brain, optic nerve, and all organs appeared normal.,Brain and optic nerve collected for histology.",0
29409,RE,4/4/2022,M,N-TVA::Cas9f/f;Inkf/f,4/4/2022,2/10/2022,RCAS Cre-U6sgRNA-ex2-NF1,NA,N-TVA::Cas9f/f;Inkf/f,NA,No,"Brain, Lungs, Liver",NA,NA,NA,NA,NA,NA,2/10/2022,"Brain, Lungs, Liver",1,NA,1,1,"ruffled fur noticed 3/29/22, but no indication of a glioma. Found nearly dead, hunched back, sunken eyes 4/4/22. Rest of litter mates were found dead.",1
29818,KC,8/22/2022,F,N-TVA::Cas9f/f;Inkf/f,8/22/2022,3/24/2022,RCAS Cre-U6sgRNA-ex2-NF1 3/24/22,NA,N-TVA::Cas9f/f;Inkf/f,NA,No,Yes,NA,1,yes,NA,Yes,Intracranial,3/23/2022,"Brain, Optic Nerve",1,1,NA,NA,End Date. ... Brain appeared normal,0
29819,KC,8/22/2022,M,N-TVA::Cas9f/f;Inkf/f,8/22/2022,3/24/2022,RCAS Cre-U6sgRNA-ex2-NF1 3/24/22,NA,N-TVA::Cas9f/f;Inkf/f,NA,No,Yes,NA,1,yes,NA,Yes,Intracranial,3/23/2022,"Brain, Optic Nerve",1,1,NA,NA,End Date. ... Brain appeared normal,0
29820,KC,8/22/2022,M,N-TVA::Cas9f/f;Inkf/f,8/22/2022,3/24/2022,RCAS Cre-U6sgRNA-ex2-NF1 3/24/22,NA,N-TVA::Cas9f/f;Inkf/f,NA,No,Yes,NA,1,yes,NA,Yes,Intracranial,3/23/2022,"Brain, Optic Nerve",1,1,NA,NA,End Date. ... Brain appeared normal,0
29821,KC,8/22/2022,M,N-TVA::Cas9f/f;Inkf/f,8/22/2022,3/24/2022,RCAS Cre-U6sgRNA-ex2-NF1 3/24/22,NA,N-TVA::Cas9f/f;Inkf/f,NA,No,Yes,NA,1,yes,NA,Yes,Intracranial,3/23/2022,"Brain, Optic Nerve",1,1,NA,NA,End Date. ... Brain appeared normal,0
29822,KC,8/22/2022,M,N-TVA::Cas9f/f;Inkf/f,8/22/2022,3/24/2022,RCAS Cre-U6sgRNA-ex2-NF1 3/24/22,NA,N-TVA::Cas9f/f;Inkf/f,NA,No,Yes,NA,1,yes,NA,Yes,Intracranial,3/23/2022,"Brain, Optic Nerve",1,1,NA,NA,End Date. ... Brain appeared normal,0
30212,KC,10/8/2022,F,N-TVA::Cas9f/f;Inkf/f,10/7/2022,5/10/2022,RCAS Cre-U6sgRNA-ex2-NF1,NA,N-TVA::Cas9f/f;Inkf/f,NA,No,Yes,NA,NA,NA,NA,Yes,Intracranial,5/9/2022,"Brain, optic nerve",1,1,NA,NA,sacked for end date. ... Skull and brain appeared normal,0
30213,KC,10/8/2022,M,N-TVA::Cas9f/f;Inkf/f,10/7/2022,5/10/2022,RCAS Cre-U6sgRNA-ex2-NF1,NA,N-TVA::Cas9f/f;Inkf/f,NA,No,Yes,NA,NA,NA,NA,Yes,Intracranial,5/9/2022,"Brain, optic nerve",1,1,NA,NA,sacked for end date. ... Skull and brain appeared normal,0
30214,KC,10/8/2022,M,N-TVA::Cas9f/f;Inkf/f,10/7/2022,5/10/2022,RCAS Cre-U6sgRNA-ex2-NF1,NA,N-TVA::Cas9f/f;Inkf/f,tumor,No,Yes,NA,NA,NA,NA,Yes,Intracranial,5/9/2022,"Brain, optic nerve, tumor",1,1,NA,NA,"sacked for end date. ... Tumor on outside of R hemisphere skull, brain appeared normal",0
30215,KC,10/8/2022,M,N-TVA::Cas9f/f;Inkf/f,10/7/2022,5/10/2022,RCAS Cre-U6sgRNA-ex2-NF1,NA,N-TVA::Cas9f/f;Inkf/f,NA,No,Yes,NA,NA,NA,NA,Yes,Intracranial,5/9/2022,"Brain, optic nerve",1,1,NA,NA,sacked for end date. ... Skull and brain appeared normal,0
30216,KC,10/8/2022,M,N-TVA::Cas9f/f;Inkf/f,10/7/2022,5/10/2022,RCAS Cre-U6sgRNA-ex2-NF1,NA,N-TVA::Cas9f/f;Inkf/f,NA,No,Yes,NA,NA,NA,NA,Yes,Intracranial,5/9/2022,"Brain, optic nerve",1,1,NA,NA,sacked for end date. ... Skull and brain appeared normal,0
30217,KC,10/8/2022,M,N-TVA::Cas9f/f;Inkf/f,10/7/2022,5/10/2022,RCAS Cre-U6sgRNA-ex2-NF1,NA,N-TVA::Cas9f/f;Inkf/f,NA,No,Yes,NA,NA,NA,NA,Yes,Intracranial,5/9/2022,"Brain, optic nerve",1,1,NA,NA,sacked for end date. ... Skull and brain appeared normal,0
30218,KC,10/8/2022,M,N-TVA::Cas9f/f;Inkf/f,10/7/2022,5/10/2022,RCAS Cre-U6sgRNA-ex2-NF1,NA,N-TVA::Cas9f/f;Inkf/f,NA,No,Yes,NA,NA,NA,NA,Yes,Intracranial,5/9/2022,"Brain, optic nerve",1,1,NA,NA,sacked for end date. ... Skull and brain appeared normal,0
30232,KC,10/8/2022,F,N-TVA::Cas9f/f;Inkf/f;Tyr-CreTg/+,10/7/2022,5/10/2022,RCAS Cre-U6sgRNA-ex2-NF1,NA,N-TVA::Cas9f/f;Inkf/f;Tyr-CreTg/+,NA,No,Yes,NA,NA,NA,NA,Yes,Intracranial,5/10/2022,"Brain, optic nerve",1,1,NA,NA,sacked for end date. ... Skull and brain appeared normal,0
30233,KC,10/8/2022,F,N-TVA::Cas9f/f;Inkf/f;Tyr-CreTg/+,10/7/2022,5/10/2022,RCAS Cre-U6sgRNA-ex2-NF1,NA,N-TVA::Cas9f/f;Inkf/f;Tyr-CreTg/+,NA,No,Yes,NA,NA,NA,NA,Yes,Intracranial,5/10/2022,"Brain, optic nerve",1,1,NA,NA,sacked for end date. ... Skull and brain appeared normal,0
30234,KC,10/8/2022,M,N-TVA::Cas9f/f;Inkf/f;Tyr-CreTg/+,10/7/2022,5/10/2022,RCAS Cre-U6sgRNA-ex2-NF1,NA,N-TVA::Cas9f/f;Inkf/f;Tyr-CreTg/+,NA,No,Yes,NA,NA,NA,NA,Yes,Intracranial,5/10/2022,"Brain, optic nerve",1,1,NA,NA,sacked for end date. ... Skull and brain appeared normal,0
30235,KC,10/8/2022,M,N-TVA::Cas9f/f;Inkf/f;Tyr-CreTg/+,10/7/2022,5/10/2022,RCAS Cre-U6sgRNA-ex2-NF1,NA,N-TVA::Cas9f/f;Inkf/f;Tyr-CreTg/+,NA,No,Yes,NA,NA,NA,NA,Yes,Intracranial,5/10/2022,"Brain, optic nerve",1,1,NA,NA,sacked for end date. ... Skull and brain appeared normal,0
30236,KC,10/8/2022,M,N-TVA::Cas9f/f;Inkf/f;Tyr-CreTg/+,10/7/2022,5/10/2022,RCAS Cre-U6sgRNA-ex2-NF1,NA,N-TVA::Cas9f/f;Inkf/f;Tyr-CreTg/+,NA,No,Yes,NA,NA,NA,NA,Yes,Intracranial,5/10/2022,"Brain, optic nerve",1,1,NA,NA,sacked for end date. ... Skull and brain appeared normal,0
30237,KC,10/8/2022,M,N-TVA::Cas9f/f;Inkf/f;Tyr-CreTg/+,10/7/2022,5/10/2022,RCAS Cre-U6sgRNA-ex2-NF1,NA,N-TVA::Cas9f/f;Inkf/f;Tyr-CreTg/+,NA,No,Yes,NA,NA,NA,NA,Yes,Intracranial,5/10/2022,"Brain, optic nerve",1,1,NA,NA,sacked for end date. ... Skull and brain appeared normal,0
